English,Bangla
go ,য ও।
go ,য ন।
go ,য ।
run!,প ল ও!
run!,প ল ন!
who?,ক ?
wow!,ব হ!
fire!,আগ ন!
help!,ব চ ও!
help!,ব চ ন!
jump ,ঝ প দ ও।
stop!,থ ম ন!
stop!,থ ম !
stop!,থ ম!
hello!,নমস ক র!
hello!,হ য ল !
i see ,ব ঝল ম।
i try ,আম চ ষ ট কর ।
smile ,একট হ স ন।
smile ,একট হ স ।
attack!,আক রমণ!
get up ,ওঠ ।
get up ,উঠ ন।
got it!,ব ঝ গ ছ !
got it!,ধর ছ !
got it?,ব ঝ ছ ?
got it?,ব ঝ ছ ন?
got it?,ব ঝ ছ স?
he ran ,ও দ ড ল ।
i know ,আম জ ন ।
i know ,আম র জ ন আছ ।
i lost ,আম হ র গ ছ ।
i m 19 ,আম র বছর বয স।
i m ok ,আম ঠ ক আছ ।
listen ,শ ন।
listen ,শ ন ন।
no way!,ক ন মত ই ন !
really?,সত য ?
really?,ত ই ন ক?
thanks!,ধন যব দ!
thanks ,ধন যব দ।
try it ,চ খ দ খ ন।
try it ,চ খ দ খ ।
we won ,আমর জ ত গ ছ ।
why me?,আম ই ক ন?
ask tom ,টমক জ জ ঞ স কর ।
ask tom ,টমক জ জ ঞ স কর ন।
ask tom ,টমক জ জ ঞ স কর।
call me ,আম ক ড ক।
call me ,আম ক ড কব ন।
call me ,আম ক ড ক স।
call us ,আম দ র ড ক ।
call us ,আম দ র ড ক স।
call us ,আম দ র ড কব ন।
come in ,ভ তর আস ন।
come in ,ভ তর আস ।
get tom ,টমক আন ।
get tom ,টমক ড ক ।
get tom ,টমক ধর ।
get tom ,টমক আন ন।
get tom ,টমক ড ক ন।
get tom ,টমক ধর ন।
get out ,ব রও।
get out ,ব র ।
go away!,চল য ও!
go away!,চল য ন।
go away ,চল য ও।
go away ,চল য ন।
go home ,ব ড য ও।
go home ,ব ড য ।
go home ,ব ড য ন।
go slow ,আস ত য ন।
go slow ,আস ত য ও।
go slow ,আস ত য ।
goodbye!,ব দ য ।
goodbye!,এল ম!
goodbye ,ব দ য ।
he came ,স এস ছ ল ।
he came ,উন এস ছ ল ন।
he came ,ও এস ছ ল ।
he came ,ত ন এস ছ ল ন।
he runs ,এ দ ড য ।
he runs ,ইন দ ড ন।
he runs ,ও দ ড য ।
he runs ,স দ ড য ।
he runs ,উন দ ড ন।
he runs ,ত ন দ ড ন।
help me!,আম ক স হ য য কর ন!
help us ,আম দ র স হ য য কর ন।
help us ,আম দ র স হ য য কর ।
help us ,আম দ র স হ য য কর।
hit tom ,টমক ম র ।
hit tom ,টমক ম র।
hit tom ,টমক ম র ন।
i agree ,আম একমত।
i tried ,আম চ ষ ট কর ছ ল ম।
i tried ,আম চ ষ ট কর ছ ।
i m tom ,আম টম।
i m shy ,আম ল জ ক।
i m wet ,আম ভ জ গ ছ ।
it s me ,আম ।
keep it ,ওট র খ ।
keep it ,ওট র খ ন।
keep it ,ওট র খ।
me too ,আম ও।
perfect!,একদম ঠ ক!
show me ,আম ক দ খ ন।
show me ,আম ক দ খ ও।
show me ,আম ক দ খ ।
take it ,এট ন ন।
take it ,এট ন ও।
take it ,এট ন ।
tell me ,আম ক বল।
tell me ,আম ক বল ন।
tell me ,আম ক বল ।
tom ate ,টম খ য ছ ল।
tom ate ,টম খ য ছ ।
tom ran ,টম দ ড ল।
tom ran ,টম দ ড ছ ল।
tom won ,টম জ তল।
wake up ,ঘ ম থ ক ওঠ।
wake up ,ঘ ম থ ক উঠ ন।
we lost ,আমর হ র গ ছ ।
we lost ,আমর হ র গ ছ ল ম।
welcome ,স ব গতম।
welcome ,স স ব গতম।
welcome ,স ব গত।
who ate?,ক খ য ছ ল?
who ate?,ক খ য ছ ল ন?
who ate?,ক খ য ছ ?
who ate?,ক খ য ছ ন?
who ran?,ক দ ড ল?
who ran?,ক দ ড ছ ল?
who ran?,ক দ ড ল ন?
who ran?,ক দ ড ছ ল ন?
who won?,ক জ তল?
who won?,ক জ ত ছ ল?
why not?,ক ন নয ?
you run ,ত ম দ ড ও।
you run ,ত মর দ ড ও।
you run ,আপন দ ড ন।
you run ,আপন র দ ড ন।
you won ,আপন জ তল ন।
you won ,ত ম জ তল ।
be quiet ,চ প কর।
be quiet ,চ প কর ।
be quiet ,চ প কর ন।
call tom ,টমক ড ক ।
call tom ,টমক ড ক ন।
call tom ,টমক ফ ন কর ।
call tom ,টমক ফ ন কর ন।
don t go ,য ও ন ।
don t go ,য ব ন ন ।
don t go ,য স ন ।
find tom ,টমক খ জ ।
find tom ,টমক খ জ ন।
find tom ,টমক খ জ স।
get lost!,য ও এখ ন থ ক !
get lost!,য ন এখ ন থ ক !
get lost!,য এখ ন থ ক !
grab tom ,টমক ধর ।
grab tom ,টমক ধর ন।
have fun ,আনন দ কর।
have fun ,মজ কর।
have fun ,আনন দ কর ন।
have fun ,মজ কর ন।
he spoke ,উন বলল ন।
he spoke ,স বলল ।
he spoke ,ও বলল ।
he spoke ,ত ন বলল ন।
he tries ,উন চ ষ ট কর ন।
he tries ,ত ন চ ষ ট কর ন।
he tries ,ও চ ষ ট কর ।
he tries ,স চ ষ ট কর ।
help tom ,টমক স হ য য কর ।
help tom ,টমক স হ য য কর ন।
how deep?,কতট গভ র?
hurry up ,ত ড ত ড কর ।
hurry up ,ত ড ত ড কর।
hurry up ,ত ড ত ড কর ন।
i can go ,আম য ত প র ।
i forgot ,আম ভ ল গ ছ ।
i get it ,আম ব ঝত প রল ম।
i got it ,আম ব ঝ ছ ।
i got it ,আম ব ঝ গ ছ ।
i jumped ,আম ল ফ য ছ ল ম।
i refuse ,আম অস ব ক র করছ ।
i stayed ,আম থ কল ম।
i stayed ,আম থ ক গ ল ম।
i use it ,আম এট ব যবহ র কর ।
i waited ,আম অপ ক ষ করল ম।
i m back ,আম এস গ ছ ।
i m back ,আম ফ র এস ছ ।
i m busy ,আম ব যস ত।
i m cold ,আম র শ ত করছ ।
i m fine ,আম ঠ ক আছ ।
i m full ,আম র প ট ভরত হয গ ছ ।
i m home ,আম এস গ ছ ।
i m lazy ,আম ক ড ।
i m lazy ,আম অলস।
i m lost ,আম হ র য গ ছ ।
i m okay ,আম ঠ ক আছ ।
i m poor ,আম গর ব।
i m rich ,আম ধন ।
i m rich ,আম বড ল ক।
i m sick ,আম অস স থ।
i m well ,আম ভ ল আছ ।
i ve won ,আম জ ত গ ছ ।
it s new ,এট নত ন।
kiss tom ,টমক চ ম কর ন।
kiss tom ,টমক চ ম কর ।
leave it ,ছ ড ।
leave it ,ছ ড ।
leave it ,ছ ড ন।
leave me ,আম ক চ ড দ ও।
leave me ,আম ক চ ড দ ন।
leave me ,আম ক চ ড দ ।
leave us ,আম দ র চ ড দ ও।
leave us ,আম দ র চ ড দ ন।
leave us ,আম দ র চ ড দ ।
let s go!,য ওয য ক!
let s go!,চল য ই!
let s go ,য ওয য ক।
let s go ,চল য ই।
say what?,ক ?
sit down!,বস !
sit down!,বস!
sit down!,বস ন!
sit down ,বস ন।
sit down ,বস।
sit down ,বস ।
sit here ,এখ ন বস ন।
sit here ,এখ ন বস ।
sit here ,এখ ন বস।
speak up!,জ র বল !
speak up!,জ র বল!
stand up!,দ ড ও!
stand up!,দ ড !
stand up!,দ ড ন!
stand up ,দ ড ও।
stand up ,দ ড ।
stand up ,দ ড ন।
stop tom ,টমক থ ম ন।
stop tom ,টমক থ ম ও।
stop tom ,টমক আটক ও।
stop tom ,টমক আটক ন।
tell tom ,টমক বল ।
tell tom ,টমক বল ন।
terrific!,দ র ন!
they won ,ত র জ তল ।
they won ,ওন র জ তল ন।
they won ,ওর জ তল ।
they won ,ত র জ তল ।
tom came ,টম এল ।
tom came ,টম এস ছ ল ।
tom died ,টম ম র গ ছ ।
tom died ,টম ম র গ ল ।
tom knew ,টম জ নত ।
tom lied ,টম ম থ য কথ বলল ।
tom lies ,টম ম থ য বল ।
tom lost ,টম হ র গ ল ।
tom wept ,টম ক দল ।
trust me ,আম ক ব শ ব স কর ।
trust me ,আম ক ব শ ব স কর।
trust me ,আম ক ব শ ব স কর ন।
try hard ,আরও চ ষ ট কর ।
try hard ,আরও চ ষ ট কর।
try hard ,আরও চ ষ ট কর ন।
use this ,এট ব যবহ র কর।
use this ,এট ব যবহ র কর ।
use this ,এট ব যবহ র কর ন।
we agree ,আমর একমত।
we tried ,আমর চ ষ ট কর ছ ল ম।
we ll go ,আমর য ব ।
what for?,ক জন য ?
what for?,ক ক রন ?
what fun!,ক মজ !
who came?,ক এস ছ ল ?
who came?,ক ক এস ছ ল ?
who came?,ক এল ?
who fell?,ক পড ল ?
who s he?,উন ক ?
who s he?,ও ক ?
who s he?,স ক ?
who s he?,ত ন ক ?
answer me ,আম র প রশ ন র জব ব দ ন।
answer me ,আম র প রশ ন র জব ব দ ও।
answer me ,উত তর দ ন।
answer me ,উত তর দ ও।
birds fly ,প খ ওড ।
calm down ,শ ন ত হ ন।
calm down ,শ ন ত হও।
can i eat?,আম ক খ ত প র ?
come back ,ফ র আস ন।
come back ,ফ র আস ।
come back ,ফ র আস স।
come here ,এখ ন আস ন।
come here ,এখ ন আস ।
come here ,এখ ন আস স।
come here ,এখ ন আস ন!
don t ask ,জ জ ঞ স কর ন ন ।
don t ask ,জ জ ঞ স কর ন ।
don t ask ,জ জ ঞ স কর স ন ।
don t cry ,ক দ ন ।
go inside ,ভ তর য ন।
go inside ,ভ তর য ও।
how weird!,ক অদ ভ ত!
i am cold ,আম র শ ত করছ ।
i am okay ,আম ঠ ক আছ ।
i am sick ,আম অস স থ।
i am well ,আম ভ ল আছ ।
i can run ,আম দ ড ত প র ।
i can ski ,আম স ক করত প র ।
i fainted ,আম অজ ঞ ন হয গ ল ম।
i fainted ,আম অজ ঞ ন হয গ য ছ ল ম।
i hit tom ,আম টমক ম রল ম।
i saw him ,আম ত ক দখত প ল ম।
i saw him ,আম ওন ক দখত প ল ম।
i want it ,আম র এট চ ই।
i will go ,আম য ব ।
i ll cook ,আম র ন ন করব ।
i ll sing ,আম গ ব ।
i ll talk ,আম কথ বলব।
i ll wait ,আম অপ ক ষ করব ।
i ll walk ,আম হ টব ।
i m awake ,আম জ গ আছ ।
i m broke ,আম দ উল য হয গ ছ ।
i m clean ,আম পর ষ ক র।
i m ready ,আম ত র ।
i m right ,আম ই ঠ ক।
i m right ,আম ঠ ক।
i m sorry ,ক ষম করব ন।
i m tired ,আম ক ল ন ত।
i m yours ,আম ত ম র।
i m yours ,আম আপন র।
i m yours ,আম ত র।
it s 7 45 ,এখন ।
it s late ,দ র হয গ ছ ।
it s mine ,এট আম র।
it s ours ,এট আম দ র।
leave tom ,টমক ছ ড ।
leave tom ,টমক ছ ড ন।
leave tom ,টম র কথ ছ ড ।
leave tom ,টম র কথ ছ ড ন।
let me go!,আম ক য ত দ ও!
let me in ,আম ক ঢ কত দ ন।
let me in ,আম ক ঢ কত দ ও।
let us in ,আম দ র ঢ কত দ ন।
let s ask ,জ জ ঞ স কর য ক।
may i eat?,আম ক খ ত প র ?
of course!,ন শ চই!
of course!,অবশ যই!
of course ,ন শ চই।
of course ,অবশ যই।
of course ,ন শ চয ই।
pardon me?,ক বলল ন?
pardon me?,ক বলল ?
see above ,উপর দ খ ন।
see below ,ন চ দ খ ন।
she walks ,উন হ ট ন।
she walks ,স হ ট ।
she walks ,ও হ ট ।
she walks ,ত ন হ ট ন।
sign here ,এখ ন সই কর ন।
sit there ,ওখ ন বস ন।
sit there ,ওখ ন বস ।
sit there ,ওখ ন বস।
sit there ,স খ ন বস ন।
sit there ,স খ ন বস ।
sit there ,স খ ন বস।
slow down ,আস ত চ ল ন।
start now ,এখন শ র কর ন।
start now ,এখন শ র কর ।
start now ,এখন শ র কর।
stay here ,এখ ন দ ড ন।
stay here ,এখ ন দ ড ও।
stop here ,এখ ন থ ম ন।
stop here ,এখ ন থ ম ।
stop here ,এখ ন থ ম।
take care!,ন জ র যত ন ন ও!
then what?,ত হল ?
then what?,ত হল আব র ক ?
tom cried ,টম ক দল ।
tom drove ,টম চ ল ল ।
tom knows ,টম জ ন ।
tom tried ,টম চ ষ ট করল ।
tom tries ,টম চ ষ ট কর ।
tom voted ,টম ভ ট দ ল ।
tom walks ,টম হ ট ।
tom s shy ,টম ল জ ক।
trust tom ,টমক ব শ ব স কর ন।
trust tom ,টমক ব শ ব স কর ।
try again ,আব র চ ষ ট কর ন।
try again ,আব র চ ষ ট কর ।
turn left ,ব দ ক ঘ র ন।
turn left ,ব দ ক ঘ র ।
wait here ,এখ ন অপ ক ষ কর ন।
wait here ,এখ ন অপ ক ষ কর ।
watch tom ,টম র উপর নজর র খ ।
watch tom ,টম র উপর নজর র খ ন।
watch out!,দ খ !
watch out!,স বধ ন !
we failed ,আমর অসফল হল ম।
we forgot ,আমর ভ ল গ ল ম।
we saw it ,আমর দ খ ছ ।
we ll try ,আমর চ ষ ট করব।
we ll win ,আমর ই জ তব।
we ll win ,আমর জ তবই।
we re shy ,আমর ল জ ক।
what s up?,ক খবর?
who cares?,ক র ক এস য য ?
who is he?,উন ক ?
who is he?,ও ক ?
who is he?,স ক ?
who is he?,ত ন ক ?
who is it?,ক ?
who s she?,উন ক ?
who s she?,ও ক ?
who s she?,স ক ?
who s she?,ত ন ক ?
wonderful!,দ র ন!
you drive ,আপন ই চ ল ন।
you drive ,ত ম চ ল ও।
be careful ,স বধ ন ।
birds sing ,প খ গ ন গ য ।
bring food ,খ ব র আন ।
bring food ,খ ব র আন ন।
come again ,আব র আসব ন।
come again ,আব র এস ।
come quick!,জলদ আস ন!
come quick!,জলদ আস !
come quick!,জলদ আস স!
definitely!,ন শ চই!
definitely!,একদম!
don t come ,এস ন ।
don t come ,আসব ন ন ।
don t come ,আস স ন ।
don t jump!,ল ফ ও ন !
don t jump!,ল ফ ন ন !
don t jump!,ল ফ স ন !
don t look ,দ খ ন !
don t look ,দ খ ন ন !
don t look ,দ খ স ন !
don t move!,সর ন !
don t move!,সর ন ন !
don t move!,সর স ন !
don t sing ,গ ও ন ।
don t sing ,গ স ন ।
don t sing ,গ ন ন ।
don t stop ,থ ম ন ।
don t stop ,থ ম ন ন ।
don t stop ,থ ম স ন ।
don t talk!,কথ বলব ন ন !
don t talk!,কথ বল স ন !
don t talk!,কথ ব ল ন !
don t talk ,কথ ব ল ন ।
don t talk ,কথ বল স ন ।
don t talk ,কথ বলব ন ন ।
don t wait ,অপ ক ষ করব ন ন ।
don t wait ,অপ ক ষ করব ন ।
don t wait ,অপ ক ষ করব ন ।
don t yell ,চ ক র করব ন ন !
don t yell ,চ ক র ক র ন !
don t yell ,চ ক র কর স ন !
fill it up ,ভর ত কর দ ন।
follow tom ,টমক অন সরণ কর ।
follow tom ,টমক অন সরণ কর ন।
follow tom ,টম র প ছন প ছন য ন।
follow tom ,টম র প ছন প ছন য ও।
follow tom ,টম র প ছ ন ন।
follow tom ,টম র প ছ ন ও।
forget tom ,টমক ভ ল য ও।
forget tom ,টমক ভ ল য ন।
forget him ,ওক ছ ড ন।
forget him ,ওন ক ছ ড ন।
forget him ,ওক ছ ড ।
forget him ,ওন ক ছ ড ।
forget him ,ত ক ছ ড ।
forget him ,ত ক ছ ড ন।
god exists ,ভগব ন আছ ।
good night ,শ ভ র ত র ।
he is nice ,উন ব শ।
i am ready ,আম ত র ।
i can read ,আম পড ত প র ।
i can swim ,আম স ত র ক টত প র ।
i eat here ,আম এখ ন খ ই।
i eat meat ,আম ম স খ ই।
i got sick ,আম অস স থ হয পর ছ ল ম।
i hate you ,আম আপন ক ঘ ণ কর ।
i have one ,আম র একট আছ ।
i have won ,আম জ ত গ ছ ।
i heard it ,আম শ ন ছ ।
i just ate ,আম এই সব খ ল ম।
i just ate ,আম এখনই খ ল ম।
i like him ,আম ওন ক পছন দ কর ।
i like him ,আম ওক পছন দ কর ।
i like him ,আম ত ক পছন দ কর ।
i like him ,আম র ওন ক ভ ল ল গ ।
i like him ,আম র ত ক ভ ল ল গ ।
i like him ,আম র ওক ভ ল ল গ ।
i like tea ,আম চ পছন দ কর ।
i like tea ,আম র চ ভ ল ল গ ।
i love you ,আম ত ম ক ভ লব স ।
i love you ,আম ত ম য ভ ল ব স ।
i need ice ,আম র বরফ চ ই।
i promised ,আম প রত শ র ত দ ল ম।
i ran away ,আম প ল য গ ছ ল ম।
i ran home ,আম ব ড প ল য গ ছ ল ম।
i sat down ,আম বস পর ছ ল ম।
i saw that ,আম স ট দ খ ছ ল ম।
i saw that ,আম ওট দ খ ছ ল ম।
i saw them ,আম ত দ র দ খত প ল ম।
i saw them ,আম ওদ র দ খত প ল ম।
i saw them ,আম ত দ র দ খত প ল ম।
i saw them ,আম ওন দ র দ খত প ল ম।
i screamed ,আম চ ক র করল ম।
i screamed ,আম চ চ ল ম।
i was away ,আম ব ইর ছ ল ম।
i was away ,আম ব ইর গ ছ ল ম।
i was late ,আম র দ র হয গ ছ ল।
i was lost ,আম হ র য গ ছ ল ম।
i ll drive ,আম চ ল ব ।
i ll stand ,আম দ ড ব ।
i ll start ,আম শ র করব ।
i m coming ,আম আসছ ।
i m eating ,আম খ চ ছ ।
i m for it ,আম এর পক ষ ।
i m inside ,আম ভ তর আছ ।
i m inside ,আম ভ তর ।
i m so mad ,আম একদম প গল।
is it here?,ওট ক এখ ন আছ ?
is that so?,ত ই ব ঝ ?
keep quiet!,চ প কর !
keep quiet!,চ প কর!
keep quiet ,চ প কর।
keep quiet ,চ প কর ।
leave town ,শহর ছ ড !
let s chat ,গল প কর য ক।
let s talk ,কথ বল য ক।
let s walk ,হ ট য ক।
look there ,ওইদ ক দ খ ন।
look there ,ওইদ ক দ খ ।
never mind!,ছ ড !
never mind!,ছ ড !
no problem!,ক ন অস ব ধ ন ই!
no problem ,ক ন অস ব ধ ন ই।
oh really?,ও ত ই ন ক ?
once again ,আর একব র।
she smiled ,স হ সল ।
she smiled ,উন হ সল ন।
she smiled ,ত ন হ সল ন।
she smiled ,ও হ সল ।
start here ,এখ ন শ র কর ন।
start here ,এখ ন শ র কর ।
start here ,এখ ন শ র কর।
stay there ,ওখ ন ই থ ক ।
stay there ,ওখ ন ই থ ক ন।
step aside ,সর য ন।
step aside ,সর য ও।
stop there ,ওখ ন ই থ ম ন।
stop there ,ওখ ন ই থ ম ।
that s tom ,ওট টম।
that s tom ,স ট টম।
this works ,এট ক জ কর ।
time is up ,সময শ ষ।
time is up ,সময শ ষ হয গ ছ ।
tom burped ,টম ঢ ক র ত ল ল ।
tom danced ,টম ন চল ।
tom drives ,টম চ ল য ।
tom helped ,টম স হ য য করল ।
tom jumped ,টম ল ফ দ ল ।
tom nodded ,টম ম থ ন ড ল ।
tom saw it ,টম স ট দ খল ।
tom saw it ,টম ওট দ খল ।
tom saw it ,টম এট দ খল ।
tom sighed ,টম দ র ঘশ ব স ছ ড ল ।
tom smiled ,টম হ সল ।
tom snores ,টম ন ক ড ক ।
tom winked ,টম চ খ ম রল ।
tom yawned ,টম হ ই ত লল ।
tom yelled ,টম চ ক র করল ।
tom yelled ,টম চ চ ল ।
tom s dead ,টম ম ত।
tom s deaf ,টম বধ র।
tom s died ,টম ম র গ ছ ।
tom s here ,টম এখ ন ।
tom s hurt ,টম আহত হয ছ ।
tom s hurt ,টম আহত।
tom s sick ,টম অস স থ।
tom s sick ,টম র শর র খ র প।
tom s sick ,টম র অস খ হয ছ ।
turn right ,ড নদ ক ঘ র ।
turn right ,ড নদ ক ঘ র ন।
wait a sec ,এক স ক ন ড অপ ক ষ কর ।
watch this ,এট দ খ ন।
watch this ,এট দ খ ।
we want it ,আম র এট চ ই।
we ll help ,আমর স হ য য করব।
we ll sing ,আমর গ ন করব ।
we ll wait ,আমর অপ ক ষ করব।
we ll work ,আমর ক জ করব ।
we re here ,আমর এখ ন আছ ।
we re here ,আমর এখ ন ।
we re lost ,আমর হ র য গ ছ ।
who are we?,আমর ক র ?
who has it?,ক র ক ছ আছ ?
who is she?,উন ক ?
who is she?,ও ক ?
who is she?,স ক ?
who is she?,ত ন ক ?
who was it?,ক ছ ল ?
who s that?,ওট ক ?
you called?,আপন ড ক ছ ল ন?
you called?,ত ম ড ক ছ ল ?
you called?,আপন ফ ন কর ছ ল ন?
you called?,ত ম ফ ন কর ছ ল ?
are we done?,আম দ র ক হয গ ছ ?
are we done?,হয গ ছ ?
contact tom ,টম র সঙ গ য গ য গ কর ন।
contact tom ,টম র সঙ গ য গ য গ কর ।
cook for me ,আম র জন য র ন ন কর ন।
did tom eat?,টম ক খ য ছ ?
do it again!,আব র কর ন!
do it again!,আব র কর!
don t argue ,তর ক করব ন ন ।
don t argue ,তর ক ক র ন ।
don t fight ,লড ই করব ন ন ।
don t fight ,ঝগড করব ন ন ।
don t fight ,ঝগড ক র ন ।
don t fight ,লড ই ক র ন ।
don t shout ,চ ক র করব ন ন !
don t shout ,চ ক র ক র ন !
don t shout ,চ ক র কর স ন !
don t speak ,কথ ব ল ন ।
don t speak ,কথ বল স ন ।
don t speak ,কথ বলব ন ন ।
don t stand ,দ ড ও ন ।
don t stand ,দ ড স ন ।
don t stand ,দ ড ন ন ।
forgive tom ,টমক ক ষম কর দ ন।
forgive tom ,টমক ক ষম কর দ ও।
he can come ,উন আসত প র ন।
he can come ,ও আসত প র ।
he can come ,স আসত প র ।
he can come ,ত ন আসত প র ন।
he can read ,উন পড ত প র ন।
he can read ,ও পড ত প র ।
he can read ,স পড ত প র ।
he is alone ,স এক ।
he stood up ,উন উঠ দ ড ল ন।
he stood up ,স উঠ দ ড ল ।
he stood up ,ত ন উঠ দ ড ল ন।
he stood up ,ও উঠ দ ড ল ।
how are you?,আপন ক মন আছ ন?
how are you?,ত ম ক মন আছ ?
how are you?,ত ই ক মন আছ স?
i also went ,আম ও গ ছ ল ম।
i am coming ,আম আসছ ।
i am taller ,আম ব শ লম ব ।
i apologize ,আম ক ষম চ ইছ ।
i came back ,আম ফ র এল ম।
i can dance ,আম ন চত প র ।
i can t say ,আম ঠ ক বলত প রব ন ।
i can t see ,আম দ খত প ই ন ।
i don t cry ,আম ক দ ন ।
i eat bread ,আম প উর ট খ ই।
i feel cold ,আম র শ ত করছ ।
i feel cold ,আম র ঠ ন ড ল গছ ।
i feel fine ,আম র ভ ল ল গছ ।
i feel good ,আম র ভ ল ল গছ ।
i feel sick ,আম অস স থ ব ধ করছ ।
i feel weak ,আম দ র বল অন ভব করছ ।
i feel well ,আম র ভ ল ল গছ ।
i fell down ,আম পড গ য ছ ল ম।
i felt that ,আম ওট অন ভব করল ম।
i fired tom ,আম টমক বরখ স ত কর ছ ।
i had a cat ,আম র একট ব ড ল ছ ল ।
i have time ,আম র সময আছ ।
i know this ,আম এট জ ন ।
i like both ,আম র দ ট ই পছন দ।
i like cake ,আম ক ক পছন দ কর ।
i like cake ,আম র ক ক ভ ল ল গ ।
i like math ,আম র অঙ ক ভ ল ল গ ।
i like math ,আম অঙ ক পছন দ কর ।
i like rice ,আম ভ ত পছন দ কর ।
i live here ,আম এখ ন ব স কর ।
i live here ,আম এখ ন থ ক ।
i live here ,আম এখ ন বসব স কর ।
i need help ,আম র স হ য য দরক র।
i need time ,আম র সময দরক র।
i trust tom ,আম টমক ব শ ব স কর ।
i trust you ,আম আপন ক ব শ ব স কর ।
i trust you ,আম ত ম ক ব শ ব স কর ।
i want more ,আম র আর চ ই।
i want this ,আম র এট চ ই।
i want this ,এট আম র প রয জন।
i want time ,আম র সময চ ই।
i was alone ,আম এক ছ ল ম।
i was there ,আম ওখ ন ছ ল ম।
i was tired ,আম ক ল ন ত ছ ল ম।
i went too ,আম ও গ ছ ল ম।
i won t lie ,আম ম থ য বলব ন ।
i work here ,আম এখ ন ক জ কর ।
i ll buy it ,আম এট ক নব ।
i ll scream ,আম চ ক র করব ।
i ll scream ,আম চ চ ব ।
i m 17 too ,আম ও ।
i m a woman ,আম একজন মহ ল ।
i m dancing ,আম ন চছ ।
i m healthy ,আম স স থ।
i m married ,আম ব ব হ ত।
i m not tom ,আম টম নই।
i m reading ,আম পড ছ ।
i m talking ,আম কথ বলছ ।
i m thirsty ,আম র ত ষ ট প য ছ ।
is tom here?,টম ক এখ ন আছ ?
is tom home?,টম ক ব ড ত আছ ?
is tom well?,টম ক ভ ল আছ ?
is that all?,অ র ক ছ ?
it can t be!,এট হত প র ন !
it can t be!,হত ই প র ন !
it may rain ,ব ষ ট পরত প র ।
it may snow ,বরফ পরত প র ।
it was good ,এট ভ ল ছ ল।
let me help ,আম য স হ য য করত দ ও।
look at tom ,টম র দ ক ত ক ন।
look at tom ,টম র দ ক ত ক ও।
many thanks ,অন ক ধন যব দ।
say my name ,আম র ন ম বল ।
take my car ,আম র গ ড ন য য ন।
talk slowly ,ধ র কথ বল ।
that s mine ,ওট আম র।
they yelled ,ত র চ ক র করল ।
they yelled ,ত র চ ক র করল ন।
they yelled ,ওর চ ক র করল ।
they yelled ,ওন র চ ক র করল ন।
they yelled ,ওন র চ চ ল ন।
they yelled ,ওর চ চ ল ।
they yelled ,ত র চ চ ল ।
they yelled ,ত র চ চ ল ন।
this is new ,এট নত ন।
tom clapped ,টম হ তত ল দ ল ।
tom coughed ,টম ক শল ।
tom frowned ,টম ভ র ক ট করল ।
tom frowned ,টম ভ র ক চক ল ।
tom got mad ,টম র গ গ ছ ল ।
tom inhaled ,টম ন শ ব স ছ ড ল ।
tom is dead ,টম ম ত।
tom is here ,টম এখ ন ।
tom is hurt ,টম আহত হয ছ ।
tom is hurt ,টম আহত।
tom is sick ,টম অস স থ।
tom is sick ,টম র শর র খ র প।
tom is sick ,টম র অস খ হয ছ ।
tom laughed ,টম হ সল ।
tom left me ,টম আম ক ছ ড চল গ য ছ ল।
tom saw her ,টম ত ক দ খল ।
tom saw her ,টম ওক দ খল ।
tom saw her ,টম ওন ক দ খল ।
tom saw him ,টম ত ক দ খল ।
tom saw him ,টম ওক দ খল ।
tom saw him ,টম ওন ক দ খল ।
tom saw you ,টম আপন ক দ খল ।
tom saw you ,টম ত ম ক দ খল ।
tom saw you ,টম আপন দ র দ খল ।
tom saw you ,টম ত ম দ র দ খল ।
tom shouted ,টম চ ক র করল ।
tom shouted ,টম চ চ ল ।
tom s alive ,টম ব চ আছ ।
tom s alone ,টম একল আছ ।
tom s right ,টমই ঠ ক।
tom s tired ,টম ক ল ন ত।
walk slowly ,আস ত হ ট ন।
walk slowly ,আস ত হ ট ।
we are here ,আমর এখ ন আছ ।
we ate eggs ,আমর ড ম খ য ছ ।
we ll dance ,আমর ন চব ।
we re going ,আমর য চ ছ ।
we re twins ,আমর জমজ।
what d i do?,আম ক করল ম?
what s that?,ওট ক ?
what s that?,স ট ক ?
what s this?,এট ক ?
who are you?,আপন ক ?
who are you?,ত ম ক ?
who are you?,ত ই ক ?
whose is it?,এট ক র?
work slowly ,ধ র ধ র ক জ কর ন।
you fainted ,আপন অজ ঞ ন হয গ ছ ল ন।
you fainted ,ত ম অজ ঞ ন হয গ ছ ল ।
anybody here?,ক উ আছ ন?
anybody home?,ব ড ত ক উ আছ ন?
are we ready?,আমর ক ত র ?
are you sick?,আপন ক অস স থ?
are you sick?,ত ম ক অস স থ?
are you sure?,ত ম ন শ চ ত ত ?
are you sure?,আপন ন শ চ ত ত ?
can i use it?,আম ক এট ব যবহ র করত প র ?
can you read?,আপন পড ত প র ন?
can you read?,ত ম পড ত প র ?
come outside ,ব ইর আস ।
come outside ,ব ইর আস ন।
come with me ,আম র স থ এস ।
come with me ,আম র সঙ গ আস ন।
come with me ,আম র সঙ গ আস।
don t scream ,চ ক র করব ন ন !
don t scream ,চ ক র ক র ন !
don t scream ,চ ক র কর স ন !
drive slowly ,আস ত গ ড চ ল ন।
drive slowly ,আস ত গ ড চ ল ও।
get a doctor ,ড ক ত র র ক ছ য ও।
ghosts exist ,ভ ত আছ ।
good evening ,শ ভ সন ধ য ।
good morning ,স প রভ ত।
grab my hand ,আম র হ তট ধর ন।
grab my hand ,আম র হ তট ধর ।
he got angry ,স র গ গ ছ ল ।
he got angry ,ত ন র গ গ ছ ল ন।
he got angry ,উন র গ গ ছ ল ন।
he got angry ,ইন র গ গ ছ ল ন।
he got angry ,ও র গ গ ছ ল ।
he is eating ,উন খ চ ছ ন।
he is eating ,ত ন খ চ ছ ন।
he is eating ,স খ চ ছ ।
he is eating ,ও খ চ ছ ।
hold my hand ,আম র হ তট ধর ন।
hold my hand ,আম র হ তট ধর ।
i am working ,আম ক জ করত ছ ।
i don t care ,আম পর য কর ন ।
i don t know ,আম জ ন ন ।
i drink beer ,আম ব য র খ ই।
i have a pen ,আম র একট কলম আছ ।
i have proof ,আম র ক ছ প রম ণ আছ ।
i teach here ,আম এখ ন পড ই।
i understand ,আম ব ঝ ।
i was a star ,আম একজন ত রক ছ ল ম।
i was amazed ,আম অব ক হয গ ছ ল ম।
i will fight ,আম লড ব ।
i won t come ,আম আসব ন ।
i won t lose!,আম হ রব ন ।
i ll be back ,আম ফ র আসব ।
i ll be late ,আম র দ র হব ।
i m a doctor ,আম ড ক ত র।
i m a doctor ,আম একজন ড ক ত র।
i m bleeding ,আম র রক ত ব র হচ ছ ।
i m poor now ,আম এখন গর ব।
i m pregnant ,আম গর ভবত ।
i m so happy ,আম খ ব খ শ ।
i m speaking ,আম কথ বলছ ।
i m too busy ,আম খ ব ব যস থ আছ ।
i ve seen it ,আম এট দ খ ছ ।
i ve seen it ,আম ওট দ খ ছ ।
is tom there?,টম ক ওখ ন আছ ?
it s a robot ,এট একট র বট।
it s raining ,ব ষ ট পড ছ ।
it s too low ,খ ব ন চ ।
it s too low ,এট খ ব ন চ ।
let go of me ,আম ক ছ ড দ ন।
let go of me ,আম ক ছ ড দ ও।
let me speak ,আম ক বলত দ ও।
let me speak ,আম ক কথ বলত দ ও।
let me speak ,আম ক বলত দ ন।
let me speak ,আম ক কথ বলত দ ন।
let s review ,প নর ব চ র কর য ক।
my arm hurts ,আম র হ ত ব য থ করছ ।
my feet hurt ,আম র প ব য থ করছ ।
my hip hurts ,আম র ক মর ব য থ করছ ।
my jaw hurts ,আম র ম র ব য থ করছ ।
now fix that ,এব র ওট ঠ ক কর ।
now fix that ,এব র ওট ঠ ক কর ন।
please hurry ,একট ত র ত র কর ন।
please hurry ,একট ত র ত র কর ।
someone came ,ক উ একজন এস ছ ল ন।
someone came ,ক উ এস ছ ল ।
stay at home ,ব ড ত ই থ ক ন।
stay at home ,ব ড ত থ ক ।
step outside ,ব ইর আস ।
step outside ,ব ইর আস ন।
stop the car ,গ ড থ ম ও।
stop yelling ,চ ক র কর বন ধ কর ।
stop yelling ,চ ক র কর বন ধ কর ন।
stop yelling ,চ চ ন বন ধ কর ন।
stop yelling ,চ চ ন বন ধ কর ।
that is mine ,ওট আম র।
this is mine ,এট আম র।
this is true ,এট সত য।
tom got hurt ,টম ব য থ প য ছ ল।
tom has died ,টম ম র গ ছ ।
tom has time ,টম র হ ত সময আছ ।
tom is there ,টম ওখ ন আছ ।
tom is tired ,টম ক ল ন ত।
tom knows it ,টম ওট জ ন ।
tom listened ,টম শ নল ।
tom loves me ,টম আম ক ভ ল ব স ।
tom saw them ,টম ত দ র দ খল ।
tom saw them ,টম ওদ র দ খল ।
tom saw them ,টম ওন দ র দ খল ।
tom screamed ,টম চ ক র করল ।
tom screamed ,টম চ চ ল ।
tom wants me ,টম র আম ক চ য ।
tom ll speak ,টম কথ বলব ।
tom s coming ,টম আসছ ।
tom s crying ,টম ক দছ ।
tom s famous ,টম ব খ য ত।
tom s strong ,টম শক ত শ ল ।
unbelievable!,অব শ ব স য!
wait outside ,ব ইর অপ ক ষ কর ন।
wait outside ,ব ইর অপ ক ষ কর ।
was tom here?,টম ক এখ ন ছ ল ?
we apologize ,আমর ক ষম চ ইছ ।
we are arabs ,আমর আরব।
we live here ,আমর এখ ন থ ক ।
we sat there ,আমর ওখ ন বস ছ ল ম।
we ll scream ,আমর চ ক র করব ।
we ll scream ,আমর চ চ ব ।
we re at war ,আমর য দ ধ আছ ।
we re coming ,আমর আসছ ।
we re hungry ,আমর ক ষ ধ র ত।
we re inside ,আমর ভ তর আছ ।
we re inside ,আমর ভ তর ।
what a nerve!,ক স হস!
what is that?,স ট ক ?
who are they?,ওর ক র ?
who are they?,ওন র ক র ?
who has come?,ক এস ছ ?
who has come?,ক ক এস ছ ?
who is there?,ক ওখ ন ?
who sent you?,আপন ক ক প ঠ য ছ ?
who ll drive?,ক চ ল ব ?
who s hungry?,ক র ক র খ দ প য ছ ?
you are rich ,আপন বড ল ক।
you are rich ,ত ম বড ল ক।
you are rich ,আপন ধন ।
you are rich ,ত ম ধন ।
you go first ,আপন প রথম য ন।
you go first ,ত ম প রথম য ও।
you go first ,আপন আগ য ন।
you go first ,ত ম আগ য ও।
you go first ,ত মর আগ য ও।
you go first ,ত মর প রথম য ও।
you go first ,আপন র আগ য ন।
you go first ,আপন র প রথম য ন।
you may swim ,স ত র ক টত প র ন।
you may swim ,স ত র ক টত প র।
you sit here ,আপন এখ ন বস ন।
you sit here ,ত ম এখ ন বস ।
you re lucky ,ত ম ভ গ যব ন।
a car hit tom ,একট গ ড টমক ধ ক ক ম রল।
any questions?,ক ন প রশ ন আছ ?
anything else?,আর ক ছ ?
are you there?,আপন ক ওখ ন আছ ন?
are you there?,ত ম ক ওখ ন আছ ?
are you tired?,আপন ক ক ল ন ত?
call a doctor ,ড ক ত র ড ক ।
call a doctor ,ড ক ত র ড ক ন।
did you speak?,আপন কথ বলল ন?
did you speak?,ত ম কথ বলল ?
do come again ,আব র আসব ন ক ন ত ।
do come again ,আব র আসব ক ন ত ।
don t call me ,আম ক ড ক ন ।
don t call me ,আম ক ড কব ন ন ।
don t come in ,ভ তর আসব ন ন ।
don t come in ,ভ তর আসব ন ।
don t hurt me ,আম ক ব থ দ য ন ।
don t hurt me ,আম ক ব থ দ ব ন ন ।
don t hurt me ,আম ক ব থ দ স ন ।
eat something ,ক ছ খ ন।
eat something ,ক ছ খ ও।
eat something ,ক ছ ত খ ন।
eat something ,ক ছ ত খ ও।
eat something ,ক ছ খ য ন ন।
eat something ,ক ছ খ য ন ও।
everyone dies ,সব ই ম র য য ।
flowers bloom ,ফ ল ফ ট ।
go over there ,ঐখ ন য ন।
go over there ,ঐখ ন য ও।
he looks pale ,ত ক ফ য ক স দ খ চ ছ ।
he looks pale ,ওক ফ য ক স দ খ চ ছ ।
he looks pale ,ওন ক ফ য ক স দ খ চ ছ ।
he sells cars ,স গ ড ব ক র কর ।
how old is he?,ওন র বয স কত?
how old is he?,ওর বয স কত?
how old is he?,ত র বয স কত?
hurry up tom ,ত র ত র টম।
hurry up tom ,ত র ত র কর টম।
i am coughing ,আম ক শছ ।
i am sneezing ,আম হ চ ছ ।
i am sneezing ,আম হ চ দ চ ছ ।
i can t do it ,আম এট করত প রব ন ।
i did my work ,আম আম র ক জ করল ম।
i do love you ,আম ত ম য ভ ল ব স ।
i exaggerated ,আম ব ড য বলল ম।
i feel hungry ,আম র খ দ প চ ছ ।
i had a fever ,আম র জ বর হয ছ ল।
i have a cold ,আম র ঠ ন ড ল গ ছ ।
i have asthma ,আম র হ প ন আছ ।
i have cancer ,আম র ক য ন স র হয ছ ।
i like apples ,আম আপ ল পছন দ কর ।
i like movies ,আম চলচ চ ত র পছন দ কর ।
i like tennis ,আম র ট ন স ভ ল ল গ ।
i like to eat ,আম খ ত ভ ল ব স ।
i like yellow ,আম হল দ রঙ পছন দ কর ।
i like yellow ,আম র হল দ রঙ পছন দ।
i love apples ,আম আপ ল ভ ল ব স ।
i married tom ,আম টমক শ দ কর ছ ।
i ran outside ,আম ব ইর দ ড গ ল ম।
i want to cry ,আম ক দত চ ই।
i wanted this ,আম এট চ য ছ ল ম।
i wanted this ,আম র এট প রয জন ছ ল ।
i was injured ,আম আহত হয ছ ল ম।
i was married ,আম ব ব হ ত ছ ল ম।
i was outside ,আম ব ইর ছ ল ম।
i was stunned ,আম অব ক হয গ ছ ল ম।
i was talking ,আম কথ বলছ ল ম।
i went aboard ,আম ব ইর গ ছ ল ম।
i went aboard ,আম ব দ শ গ ছ ল ম।
i went inside ,আম ভ তর গ ল ম।
i ll take him ,আম ওক ন য য ব ।
i ll take him ,আম ত ক ন য য ব ।
i ll take him ,আম ওন ক ন য য ব ।
i ll take him ,আম ত ক ন য য ব ।
i m tom s mom ,আম টম র ম ।
i m a student ,আম একজন ছ ত র।
i m a student ,আম একজন ছ ত র ।
i m exhausted ,আম হ প য গ ছ ।
i m exhausted ,আম ক ল ন ত।
i m not proud ,আম গর ব ত নই।
i m screaming ,আম চ ক র করছ ।
i m screaming ,আম চ চ চ ছ ।
i ve got wine ,আম র ক ছ ওয ইন আছ ।
i ve returned ,আম ফ র এস ছ ।
is that blood?,ওট ক রক ত?
it hurts here ,এখ ন ব যথ হচ ছ ।
it is raining ,ব ষ ট পড ছ ।
it isn t mine ,এট আম র নয ।
it s midnight ,এখন ম ঝর ত।
it s not mine ,এট আম র নয ।
just a minute ,এক ম ন ট।
just watch me ,শ ধ আম ক দ খ ন।
let tom speak ,টমক কথ বলত দ ও।
let tom speak ,টমক কথ বলত দ ন।
look at these ,এগ ল র দ ক দ খ ন।
look at these ,এগ ল র দ ক দ খ ।
my back hurts ,আম র প ঠ ব য থ করছ ।
my foot hurts ,আম র প ব য থ করছ ।
my head aches ,আম র ম থ ব য থ করছ ।
my knee hurts ,আম র হ ট ব য থ করছ ।
my name s tom ,আম র ন ম টম।
my neck hurts ,আম র ঘ ড ব য থ করছ ।
no thank you ,ন ধন যব দ।
see you later ,আব র পর দ খ হব ।
see you there ,ওখ ন দ খ হব ।
send me there ,আম ক ওখ ন প ঠ ন।
she got angry ,স র গ গ ছ ল ।
she got angry ,ত ন র গ গ ছ ল ন।
she got angry ,উন র গ গ ছ ল ন।
she got angry ,ইন র গ গ ছ ল ন।
she got angry ,ও র গ গ ছ ল ।
she is eating ,উন খ চ ছ ন।
she is eating ,ত ন খ চ ছ ন।
she is eating ,স খ চ ছ ।
she is eating ,ও খ চ ছ ।
she s my wife ,ও আম র স ত র ।
she s my wife ,উন আম র স ত র ।
she s my wife ,এ আম র স ত র ।
she s my wife ,ইন আম র স ত র ।
she s my wife ,স আম র স ত র ।
she s my wife ,ত ন আম র স ত র ।
somebody came ,ক উ একজন এস ছ ল ন।
speak clearly ,পর ষ ক র কর বল ন।
speak clearly ,পর ষ ক র কর বল ।
start the car ,গ ড ট চ ল কর ।
stop shouting ,চ ক র কর বন ধ কর ।
stop shouting ,চ ক র কর বন ধ কর ন।
stop shouting ,চ চ ন বন ধ কর ন।
stop shouting ,চ চ ন বন ধ কর ।
stop that car ,ঐ গ ড ট থ ম ও।
take me there ,আম ক ওখ ন ন য চল ন।
take us there ,আম দ র ওখ ন ন য চল ন।
take us there ,আম দ র ওখ ন ন য চল ।
that s a book ,ওট একট বই।
that s a book ,স ট একট বই।
that s my cat ,ওট আম র ব ড ল।
the war ended ,য দ ধ সম প ত হয ছ ।
they screamed ,ত র চ ক র করল ।
they screamed ,ত র চ ক র করল ন।
they screamed ,ওর চ ক র করল ।
they screamed ,ওন র চ ক র করল ন।
they screamed ,ওন র চ চ ল ন।
they screamed ,ওর চ চ ল ।
they screamed ,ত র চ চ ল ।
they screamed ,ত র চ চ ল ন।
they re small ,ত র ছ ট।
this is japan ,এট জ প ন।
tom applauded ,টম হ তত ল দ ল ।
tom came here ,টম এখ ন এল ।
tom got angry ,টম র গ গ ছ ল ।
tom hesitated ,টম ইতস তত করল ।
tom is coming ,টম আসছ ।
tom is crying ,টম ক দছ ।
tom is inside ,টম ভ তর আছ ।
tom is inside ,টম ভ তর ।
tom is my dad ,টম আম র ব ব ।
tom is nearby ,টম ক ছ ক ছ ই আছ ।
tom recovered ,টম স র উঠল ।
tom was there ,টম ওখ ন ছ ল ।
tom won t win ,টম জ তব ন ।
tom s elderly ,টম বয স ক।
tom s injured ,টম আহত হয ছ ।
tom s injured ,টম আহত।
tom s resting ,টম আর ম করছ ।
tom s strange ,টম অদ ভ ত।
tom s trapped ,টম আটক পর ছ ।
tom s wounded ,টম আহত হয ছ ।
tom s wounded ,টম ঘ য ল হয ছ ।
tom s yelling ,টম চ ক র করছ ।
tom s yelling ,টম চ চ চ ছ ।
was tom there?,টম ক ওখ ন ছ ল ?
we are at war ,আমর য দ ধ আছ ।
we re doctors ,আমর ড ক ত র।
we re married ,আমর ব ব হ ত।
we re trapped ,আমর আটক পর ছ ।
we re winning ,আমর জ তছ ।
what a scream!,ক চ ক র!
what happened?,ক হ ল?
where are you?,আপন ক থ য ?
where are you?,ত ম ক থ য ?
where are you?,ত ই ক থ য ?
who wants tea?,ক র চ চ ই?
who s missing?,ক ন খ জ?
whose is this?,এট ক র?
yes i did it ,হ য এট আম কর ছ ।
you look sick ,আপন ক দ খ অস স থ বল মন হচ ছ ।
you look sick ,ত ম ক দ খ অস স থ বল মন হচ ছ ।
you look sick ,আপন ক অস স থ বল মন হচ ছ ।
you look sick ,ত ম ক অস স থ বল মন হচ ছ ।
you may speak ,আপন কথ বলত প র ন।
you may speak ,ত ম কথ বলত প র ।
a snake bit me ,আম ক স প ক মড দ য ছ ।
add more water ,আর জল দ ন।
add more water ,আর জল দ ও।
allow me to go ,আম ক য ওয র অন মত দ ন।
are you hungry?,ত ম ক ক ষ ধ র ত?
can we keep it?,আমর ক এট র খত প র ?
cut your nails ,ত ম র নখগ ল ক ট ।
cut your nails ,আপন র নকগ ল ক ট ন।
do you hate me?,ত ম ক আম ক ঘ ণ কর ?
do you hate me?,আপন ক আম ক ঘ ণ কর ন?
eat everything ,সবক ছ ই খ ন।
eat everything ,সবক ছ ই খ ও।
everybody lies ,সব ই ম থ য বল ।
everybody paid ,সব ই ট ক দ ল ।
get some sleep ,একট ঘ ম য ন ও।
get some sleep ,একট ঘ ম য ন ন।
get some sleep ,একট ঘ ম য ন ।
happy new year!,শ ভ নববর ষ!
happy birthday!,শ ভ জন মদ ন!
he has left us ,ত ন আম দ র ছ ড চল গ ছ ন।
he is a doctor ,ইন একজন ড ক ত র।
he is a doctor ,উন একজন ড ক ত র।
he is a doctor ,ত ন একজন ড ক ত র।
he is a doctor ,ও একজন ড ক ত র।
he is a doctor ,স একজন ড ক ত র।
he is a doctor ,এ একজন ড ক ত র।
he s no doctor ,ত ন ড ক ত র নন।
how much is it?,এর দ ম কত?
how much is it?,এট র দ ম কত?
how old is tom?,টম র কত বছর বয স?
i ate the meat ,আম ম স খ য ছ ।
i can beat you ,আম ত ম ক ম রত প র ।
i can beat you ,আম ত ম ক প ট ত প র ।
i didn t sleep ,আম ঘ ম য ছ ল ম ন ।
i don t get it ,আম ব ঝত প রছ ন ।
i don t get it ,আম ঠ ক ব ঝত পরছ ন ।
i have a cough ,আম র ক শ হয ছ ।
i have a fever ,আম র জ বর হয ছ ।
i like drawing ,আম ছব আ কত পছন দ কর ।
i like noodles ,আম ন ডলস পছন দ কর ।
i need friends ,আম র বন ধ ল গব ।
i prefer black ,আম ক ল পছন দ কর ।
i said nothing ,আম ক ছ ই বল ন ।
i saw him jump ,আম ওক ল ফ দ ত দ খল ম।
i saw him jump ,আম এক ল ফ দ ত দ খল ম।
i saw him jump ,আম ত ক ল ফ দ ত দ খল ম।
i study abroad ,আম ব দ শ পড শ ন কর ।
i took a break ,আম একট ব রত ন ল ম।
i was coughing ,আম ক শছ ল ম।
i was dreaming ,আম স বপ ন দ খছ ল ম।
i was speaking ,আম কথ বলছ ল ম।
i wasn t alone ,আম একল ছ ল ম ন ।
i went on foot ,আম প য হ ট গ ছ ল ম।
i ll wait here ,আম এখ ন অপ ক ষ করব।
i m tom s wife ,আম টম র স ত র ।
i m a free man ,আম একজন স ব ধ ন ম ন ষ।
i m downstairs ,আম ন চ আছ ।
i m eating now ,আম এখন খ চ ছ ।
i m growing up ,আম বড হচ ছ ।
i m optimistic ,আম আশ ব দ ।
i m thirty now ,আম র এখন ত র শ বছর বয স।
i m very tired ,আম খ ব ক ল ন ত।
i ve got proof ,আম র ক ছ প রম ণ আছ ।
i ve remarried ,আম আব র ব য কর ছ ।
is tom married?,টম ক ব ব হ ত?
is he american?,উন ক আম র ক ন?
is he a doctor?,উন ক ড ক ত র?
is he a doctor?,ত ন ক ড ক ত র?
is he a doctor?,স ক ড ক ত র?
is he a doctor?,ও ক ড ক ত র?
is she married?,স ক ব ব হ ত ?
is she married?,ত ন ক ব ব হ ত?
is this enough?,এট ক যথ ষ ট?
isn t it great?,এট দ র ণ ন ?
it was raining ,ব ষ ট পড ছ ল।
it s hot today ,আজ গরম আছ ।
it s well done ,খ ব ভ ল হয ছ ।
just sign here ,শ ধ এইখ ন সই কর ন।
keep tom there ,টমক ওখ ন ই র খ ন।
leave it there ,ওট ওখ ন ই র খ ন।
leave it there ,ওট ওখ ন ই র খ ।
let s head out ,ব ড য পর য ক।
my joints ache ,আম র গ টগ ল ব য থ করছ ।
my name is tom ,আম র ন ম টম।
my tooth hurts ,আম র দ ত ব য থ করছ ।
my wrist hurts ,আম র কব জ ব য থ করছ ।
no one knew it ,ক উই এট জ নত ন ।
no one laughed ,ক উ হ সল ন ।
nobody laughed ,ক উই হ সল ন ।
nobody s there ,ওখ ন ক উই ন ই।
pull over here ,এখ ন থ ম ন।
science is fun ,ব জ ঞ ন মজ দ র।
sit down there ,ওখ ন বস ন।
sit down there ,ওখ ন বস ।
stop gossiping ,পরন ন দ পরচর চ কর বন ধ কর ন।
stop gossiping ,পরন ন দ পরচর চ কর বন ধ কর ।
stop screaming ,চ ক র কর বন ধ কর ।
stop screaming ,চ ক র কর বন ধ কর ন।
stop screaming ,চ চ ন বন ধ কর ন।
stop screaming ,চ চ ন বন ধ কর ।
take your time ,ধ র স স থ আস ন।
that s my wife ,ও আম র স ত র ।
that s my wife ,উন আম র স ত র ।
that s rubbish ,ওসব ভ লভ ল।
they quarreled ,ত র ঝগড করছ ল ন।
they quarreled ,ত র ঝগড করছ ল।
they quarreled ,ওর ঝগড করছ ল।
they quarreled ,ওন র ঝগড করছ ল ন।
they re inside ,ওন র ভ তর আছ ন।
they re inside ,ত র ভ তর আছ ন।
they re inside ,ওর ভ তর আছ ।
they re inside ,ত র ভ তর আছ ।
this is my bag ,এট আম র ব য গ।
this is my dog ,এট আম র ক ক র।
those men died ,স ই ম ন ষগ ল ম র গ ছ ।
tom apologized ,টম ক ষম চ ইল ।
tom can t read ,টম পড ত প র ন ।
tom is driving ,টম চ ল চ ছ ।
tom is married ,টম ব ব হ ত।
tom is outside ,টম ব ইর আছ ।
tom is outside ,টম ব ইর ।
tom is wounded ,টম আহত হয ছ ।
tom is wounded ,টম ঘ য ল হয ছ ।
tom is wounded ,টম আহত।
tom is yelling ,টম চ ক র করছ ।
tom is yelling ,টম চ চ চ ছ ।
tom lives here ,টম এখ ন থ ক ।
tom pinched me ,টম আম ক চ মট ক টল ।
tom sells cars ,টম গ ড ব ক র কর ।
tom swims well ,টম ভ ল স ত র ক ট ।
tom understood ,টম ব ঝল ।
tom was crying ,টম ক দছ ল ।
tom was inside ,টম ভ তর ছ ল ।
tom will speak ,টম কথ বলব ।
tom works here ,টম এখ ন ক জ কর ।
tom ll survive ,টম ব চ য ব ।
tom s dreaming ,টম স বপ ন দ খছ ।
tom s homeless ,টম ন র শ রয ।
tom s homeless ,টম গ হহ ন।
turn left here ,এখ ন থ ক ব দ ক ন ন।
was tom crying?,টম ক ক দছ ল ?
we are doctors ,আমর ড ক ত র।
we got married ,আমর ব য কর ছ ।
we have failed ,আমর অসফল হয ছ ।
we have to try ,আম দ র চ ষ ট করত হব ।
we like coffee ,আম দ র কফ পছন দ।
we like coffee ,আমর কফ পছন দ কর ।
we love coffee ,আমর কফ ভ ল ব স ।
were you there?,আপন ক ওখ ন ছ ল ন?
were you there?,ত ম ক ওখ ন ছ ল ?
what do you do?,আপন ক কর ন?
what do you do?,আপন র ক কর ন?
what do you do?,ত ম ক কর?
what do you do?,ত মর ক কর?
where do i sit?,আম ক থ য বসব ?
where s boston?,বস টন ক থ য ?
where s my tea?,আম র চ ক থ য ?
who s speaking?,ক কথ বলছ ?
who s speaking?,ক কথ বলছ ন?
you re welcome ,আপন ক ও ধন যব দ।
you re winning ,আপন জ তছ ন।
all are present ,সব ই উপস থ ত।
anybody will do ,য ক উ হল ই চলব ।
are those yours?,ওইগ ল ক আপন র?
are those yours?,স ইগ ল ক আপন র?
are those yours?,ওইগ ল ক ত ম র?
are those yours?,স ইগ ল ক ত ম র?
are we prepared?,আমর ক প রস ত ত আছ ?
are we prepared?,আমর ক প রস ত ত?
are you doctors?,আপন র ক ড ক ত র?
are you married?,আপন ক ব ব হ ত?
are you sisters?,ত মর ক ব ন?
are you worried?,আপন ক চ ন ত ত?
are you worried?,ত ম ক চ ন ত ত?
ask again later ,আব র পর জ জ ঞ স করব ন।
ask again later ,আব র পর জ জ ঞ স করব ।
ask again later ,আব র পর জ জ ঞ স ক র ।
ask me tomorrow ,আম ক ক ল জ জ ঞ স করব ন।
ask me tomorrow ,আম ক ক ল জ জ ঞ স ক র ।
bring it closer ,ওট ক ক ছ ন য আস ন।
bring it closer ,ওট ক ক ছ ন য আস ।
call my husband ,আম র স ব ম ক ড ক ন।
call my husband ,আম র স ব ম ক ফ ন কর ন।
call my husband ,আম র স ব ম ক ড ক ।
call the doctor ,ড ক ত র ড ক ন।
call the police!,প ল শ ড ক ন!
call the police!,প ল শ ড ক !
call the police ,প ল শ ড ক ।
can i try it on?,আম ক এট পর দ খত প র ?
can i work here?,আম ক এখ ন ক জ করত প র ?
can you breathe?,ন শ ব স ন ত প রছ ?
can you breathe?,আপন ক ন শ ব স ন ত প রছ ন?
can you breathe?,ত ম ক ন শ ব স ন ত প রছ ?
can you feel it?,এট ক অন ভব করত প রছ ন?
can you help me?,আপন ক আম ক স হ য য করত প রব ন?
can you stop it?,আপন ক এট বন ধ করত প র ন?
close that door ,ওই দরজ ট বন ধ কর ন।
close that door ,ওই দরজ ট বন ধ কর ।
come as you are ,ত ম য মন আছ স ভ ব ই আস ।
come towards me ,আম র দ ক আস ন।
come towards me ,আম র দ ক আস ।
congratulations!,অভ নন দন!
count to thirty ,ত র শ অবধ গ ন ন।
count to thirty ,ত র শ অবধ গ ন।
didn t you know?,আপন জ নত ন ন ?
do you eat meat?,আপন ক ম স খ ন?
do you eat meat?,আপন র ক ম স খ ন?
do you eat meat?,ত ম ক ম স খ ও?
do you eat meat?,ত মর ক ম স খ ও?
do your own job ,ন জ র ক জ কর ।
doesn t it work?,এট ক জ কর ন ?
don t open that ,ওট খ লব ন ন ।
don t open that ,ওট খ ল ন ।
don t stop here ,এখ ন থ মব ন ন ।
drink your milk ,আপন র দ ধট খ ন।
drive carefully ,স বধ ন গ ড চ ল ন।
drive carefully ,স বধ ন গ ড চ ল ও।
drive carefully ,দ খ গ ড চ ল ও।
drive carefully ,দ খ গ ড চ ল ন।
everyone agrees ,সব ই একমত।
everyone saw it ,সব ই এট দ খ ছ ল ।
everyone saw it ,সব ই স ট দ খ ছ ল ।
everyone saw it ,প রত য ক স ট দ খ ছ ল ।
everyone saw it ,প রত য ক এট দ খ ছ ল ।
everyone s here ,সব ই এখ ন আছ ন।
fashions change ,ফ য শন পর বর তন হয ।
follow that car ,ঐ গ ড ট অন সরণ কর ন।
give tom a kiss ,টমক একট চ ম দ ন।
give tom a kiss ,টমক একট চ ম দ ও।
go back outside ,ভ তর ফ র য ন।
go wait outside ,ব ইর গ য অপ ক ষ কর ।
he was speaking ,স কথ বলছ ল ।
he was speaking ,উন কথ বলছ ল ন।
he was speaking ,ত ন কথ বলছ ল ন।
he was speaking ,ও কথ বলছ ল ।
here s the bill ,এই ন ন ব লট ।
here s the bill ,এই ন ও ব লট ।
here s the file ,এই য ফ ইলট ।
here s your key ,এই ন ন আপন র চ ব ।
here s your key ,এই ন ও ত ম র চ ব ।
here s your key ,এই ন ও ত ম দ র চ ব ।
here s your key ,এই ন ন আপন দ র চ ব ।
here s your mug ,এই ন ন আপন র মগ।
here s your mug ,এই ন ও ত ম র মগ।
here s your mug ,এই য আপন র মগ।
here s your mug ,এই য ত ম র মগ।
hi! how are you?,নমস ক র! আপন ক মন আছ ন?
hold the candle ,ম মব ত ট ধর ন।
hold the candle ,ম মব ত ট ধর ।
how old are you?,ত ম র বয স কত?
how old are you?,আপন র বয স কত?
how old are you?,ত র বয স কত?
how old is that?,ওট র বয স কত?
how old is that?,স ট র বয স কত?
how old is this?,এট র বয স কত?
i am not eating ,আম খ চ ছ ন ।
i am very tired ,আম খ ব ক ল ন ত।
i booked a seat ,আম একট আসন স রক ষণ করল ম।
i can manage it ,আম এট স মল ন ত প র ।
i caught a cold ,আম ঠ ন ড ল গ য ফ ল ছ ।
i could ve died ,আম মর য ত প রত ম।
i couldn t stop ,আম থ মত প রল ম ন ।
i couldn t wait ,আম অপ ক ষ করত প রল ম ন ।
i couldn t walk ,আম হ টত প র ন ।
i deserved that ,আম র স ট ই প র প য ছ ল ।
i didn t forget ,আম ভ ল ন ।
i didn t listen ,আম শ ন ন ।
i didn t notice ,আম লক ষ য কর ন ।
i didn t notice ,আম খ য ল কর ন ।
i didn t scream ,আম চ ক র কর ন ।
i didn t see it ,ওট দ খ ন ।
i do understand ,আম ব ঝ ।
i don t deny it ,আম এট অস ব ক র কর ন ।
i don t see you ,আম ত ম ক দ খ ন ।
i don t see you ,আম ত ক দ খ ন ।
i don t see you ,আম আপন ক দ খ ন ।
i feel feverish ,আম জ বর জ বর ব ধ করছ ।
i found my book ,আম আম র বইট প য ছ ।
i go every year ,আম প রত বছর য ই।
i had a seizure ,আম র খ চ ন হয ছ ল।
i have epilepsy ,আম র এপ ল পস হয ছ ।
i have evidence ,আম র ক ছ প রম ণ আছ ।
i have finished ,আম শ ষ কর ছ ল ম।
i have leukemia ,আম র রক ত ল পত আছ ।
i have leukemia ,আম র ল উক ম য আছ ।
i have no fever ,আম র ক ন জ বর ন ই।
i have returned ,আম ফ র এস ছ ।
i have to study ,আম য পড ত হব ।
i haven t eaten ,আম খ ইন ।
i haven t slept ,আম ঘ ম ইন ।
i haven t tried ,আম চ ষ ট কর ন ।
i heard screams ,আম চ ক র শ নল ম।
i heard yelling ,আম চ ক র শ নল ম।
i just got home ,আম সব ব ড প ছ ল ম।
i like football ,আম ফ টবল পছন দ কর ।
i live in japan ,আম জ প ন থ ক ।
i live in japan ,আম জ প ন বসব স কর ।
i live in japan ,আম জ প ন ব স কর ।
i love football ,আম ফ টবল ভ ল ব স ।
i love you too ,আম ও ত ম ক ভ ল ব স ।
i need a doctor ,আম র একজন চ ক সক র প রয জন।
i need a friend ,আম র একট বন ধ ল গব ।
i need a minute ,আম র এক ম ন ট দরক র।
i need a tissue ,আম র ট স য ল গব ।
i need evidence ,আম র প রম ণ দরক র।
i need it today ,আম র আজক এট প রয জন।
i need to shave ,আম র দ ড ক ম ন দরক র।
i play football ,আম ফ টবল খ ল ।
i played tennis ,আম ট ন স খ লল ম।
i saw something ,আম ক ছ একট দ খল ম।
i saw something ,আম ক ছ একট দ খত প ল ম।
i see something ,আম ক ছ একট দ খত প চ ছ ।
i take vitamins ,আম ভ ট ম ন ন ই।
i teach english ,আম ই র জ পড ই।
i teach english ,আম ই র জ শ খ ই।
i totally agree ,আম সম প র ণ একমত।
i totally agree ,আম সম প র ণ র জ ।
i totally agree ,আম প র প র একমত।
i totally agree ,আম একদম একমত।
i want a doctor ,আম একজন ড ক ত র চ ই।
i want a guitar ,আম র একট গ ট র চ ই।
i want a guitar ,আম র গ ট র চ ই।
i want that bag ,আম র ওই ব য গট চ ই।
i was a teacher ,আম একজন শ ক ষক ছ ল ম।
i was concerned ,আম উদ ব গ ন ছ ল ম।
i was negligent ,আম অসতর ক ছ ল ম।
i was negligent ,আম অমন য গ ছ ল ম।
i was petrified ,আম প থর হয গ ছ ল ম।
i was surprised ,আম আশ চর য যচক ত হয গ ছ ল ম।
i d be grateful ,আম ক তজ ঞ থ কব ।
i ll arrange it ,আম স ট ব যবস থ কর দ ব ।
i ll ask around ,আম আশ প শ জ জ ঞ স কর দ খব ।
i ll ask around ,আম আশ প শ জ জ ঞ স করব ।
i ll assist you ,আম আপন র সহ য ত করব ।
i ll be outside ,আম ব ইর থ কব ।
i ll be present ,আম উপস থ ত থ কব ।
i ll call first ,আম আগ ফ ন করব ।
i ll come along ,আম সঙ গ য ব ।
i ll come along ,আম সঙ গ সঙ গ য ব ।
i ll get lonely ,আম একল হয য ব ।
i ll keep watch ,আম প হ র দ ব।
i ll keep watch ,আম নজর র খব।
i ll never stop ,আম কখনই থ মব ন ।
i ll never tell ,আম কখনই বলব ন ।
i ll sleep here ,আম এখ ন ঘ ম ব ।
i ll stay close ,আম ক ছ ক ছ ই থ কব ।
i ll take those ,আম ওইগ ল ন ব ।
i ll work alone ,আম একল ক জ করব ।
i ll work on it ,আম এট ন য ক জ করব।
i m a detective ,আম গ য ন দ ।
i m almost sure ,আম প র য ন শ চ ত।
i m an optimist ,আম একজন আশ ব দ ।
i m coming back ,আম ফ র আসছ ।
i m doing great ,আম ভ ল ই আছ ।
i m doing great ,আম র ভ ল ই চলছ ।
i m eating here ,আম এখ ন খ চ ছ ।
i m going to go ,আম এব র য ব ।
i m going to go ,আম এব র ব র ব ।
i m just asking ,আম খ ল জ জ ঞ স করছ ।
i m just joking ,আম একট মজ করছ ।
i m needed here ,আম ক এখ ন দরক র।
i m nervous now ,আম এখন ঘ বড য আছ ।
i m never wrong ,আম কখনই ভ ল কর ন ।
i m not a robot ,আম র বট নই।
i m not arguing ,আম তর ক করছ ন ।
i m not certain ,আম নশ চ ত নই।
i m not cooking ,আম র ন ন করছ ন ।
i m not jealous ,আম ঈর ষ পর য ণ নই।
i m not leaving ,আম য চ ছ ন ।
i m not perfect ,আম ন খ ত নই।
i m not thirsty ,আম র ত ষ ণ প য ন ।
i m not thirsty ,আম র ত ষ ট প য ন ।
i m not waiting ,আম অপ ক ষ করছ ন ।
i m not working ,আম ক জ করছ ন ।
i m not worried ,আম চ ন ত ত নই।
i m not yelling ,আম চ ক র করছ ন ।
i m only joking ,আম খ ল মজ করছ ।
i m pretty sure ,আম ম ট ম ট ন শ চ ত।
i m pretty tall ,আম ম ট ম ট লম ব ।
i m quite tired ,আম ব শ ক ল ন ত।
i m ready to go ,আম য ওয র জন য ত র ।
i m your doctor ,আম আপন র চ ক সক।
i m your friend ,আম ত ম র বন ধ ।
i m your friend ,আম আপন র বন ধ ।
i m your friend ,আম ত র বন ধ ।
i m your friend ,আম ত ম দ র বন ধ ।
i m your friend ,আম আপন দ র বন ধ ।
i m your friend ,আম ত দ র বন ধ ।
i ve been there ,আম ওখ ন গ য ছ ।
i ve got a cold ,আম র ঠ ন ড ল গ ছ ।
i ve got asthma ,আম র অ য জম আছ ।
i ve heard that ,আম স ট শ ন ছ ।
i ve studied it ,আম স ট পড ছ ।
is tom dreaming?,টম ক স বপ ন দ খছ ?
is anybody here?,এখ ন ক ক উ আছ ন?
is anybody home?,ব ড ত ক ক উ আছ ন?
is anybody home?,ব ড ত ক ক উ আছ ?
is he a teacher?,ও ক শ ক ষক?
is he a teacher?,উন ক শ ক ষক?
is he a teacher?,স ক শ ক ষক?
is he a teacher?,ত ন ক শ ক ষক?
is it near here?,ওট ক ক ছ ক ছ আছ ?
is she a doctor?,স ক ড ক ত র?
isn t tom great?,টম দ র ন ন ?
it is very near ,ওট অন ক ক ছ ।
it looked cheap ,এট ক দ খ ত সস ত মন হয ছ ল।
it looked cheap ,ওট ক দ খ ত সস ত মন হয ছ ল।
it looked fresh ,ওট দ খ ট টক মন হচ ছ ল ।
it s almost six ,এখন প র য ছট ব জ ।
it s just blood ,এ ত খ ল রক ত।
it s just wrong ,এট ভ ল।
it s only blood ,ওট শ ধ রক ত।
it s quite good ,এট ব শ ভ ল ।
it s quite nice ,এট ব শ চম ক র।
it s still mine ,ওট এখনও আম র।
it s still mine ,এট এখনও আম র।
it s time to go ,য ওয র সময হয গ ছ ।
it s time to go ,এব র য ত হব ।
keep tom inside ,টমক ভ তর ই র খ ন।
let s get ready ,চল ত র হওয য ক।
let s just talk ,আস ন শ ধ কথ বল ।
let s talk here ,এখ ন কথ বল য ক।
let s wait here ,এখ ন অপ ক ষ কর য ক।
look behind you ,প ছন দ খ ন।
look who s here ,দ খ ক এস ছ ।
look who s here ,দ খ ন ক এস ছ ।
merry christmas!,শ ভ বড দ ন!
mistakes happen ,ভ ল হয ই থ ক ।
my book is here ,আম র বইট এখ ন ।
my father is in ,আম র ব ব ভ তর ।
my father walks ,আম র ব ব হ ট ।
my throat hurts ,আম র গল ব য থ করছ ।
nobody was home ,ক উ ব ড ছ ল ন ।
nothing changed ,ক ছ ই প ল ট ল ন ।
nothing s there ,ওখ ন ক ছ ই ন ই।
physics is hard ,পদ র থব দ য কঠ ন।
please hurry up ,একট ত র ত র কর ন।
please hurry up ,একট ত র ত র কর ।
please sit here ,অন গ রহ কর এখ ন বস ন।
puzzles are fun ,ধ ধ মজ র জ ন স।
read this first ,আগ এট পড ন।
read this first ,আগ এট পড ।
rules are rules ,ন য ম হল ন য ম।
see you at five ,প চট র সময দ খ হব ।
send it by mail ,এট ক ড ক প ঠ য দ ন।
send it by mail ,এট ক ড ক প ঠ য দ ও।
she married him ,স ত ক ব য কর ছ ।
she s my sister ,ও আম র ব ন।
sit right there ,ঠ ক ওখ ন ই বস ন।
sit right there ,ঠ ক ওখ ন ই বস ।
someone coughed ,ক উ একজন ক শল ।
spring has come ,বসন ত এস গ ছ ।
stop right here ,এখ ন ই থ ম ন।
stop that woman ,ওই মহ ল ট ক থ ম ন।
stop that woman ,ওই মহ ল ট ক আটক ন।
stop that woman ,ওই মহ ল ট ক থ ম ও।
stop that woman ,ওই মহ ল ট ক আটক ও।
take it outside ,এট ক ব ইর ন য য ন।
that man is tom ,ওই ল কট টম।
the police came ,প ল শ এল ।
the war is over ,য দ ধ এখন শ ষ।
there s no salt ,ন ন ন ই।
there s no salt ,একট ও লবণ ন ই।
these are tom s ,এইগ ল টম র।
these are birds ,এইগ ল প খ ।
they all talked ,ওন র সব ই কথ বলল ।
they all talked ,ওর সব ই কথ বলল ।
they all talked ,ত র সব ই কথ বলল ।
they don t care ,ত র পর য কর ন ।
they don t care ,ওর পর য কর ন ।
they don t care ,এর পর য কর ন ।
they don t care ,এন র পর য কর ন ন ।
they don t care ,ওন র পর য কর ন ।
they grew angry ,ত র র গ গ য ছ ল।
they live there ,ত র ওখ ন থ ক ন।
they live there ,ত র ওখ ন থ ক ।
they live there ,ওর ওখ ন থ ক ।
they live there ,ওন র ওখ ন থ ক ন।
they re doctors ,ত র ড ক ত র।
they re doctors ,এন র ড ক ত র।
they re doctors ,ওন র ড ক ত র।
they re married ,ত র ব ব হ ত।
this is my wife ,এ আম র স ত র ।
this is my wife ,ইন আম র স ত র ।
this isn t mine ,এট আম র নয ।
tom came inside ,টম ভ তর এল ।
tom disappeared ,টম অদ শ য হয গ ল ।
tom disappeared ,টম উধ ও হয গ ল ।
tom exaggerates ,টম ব ড য বল ।
tom has left me ,টম আম ক ছ ড চল গ ছ ।
tom has seen it ,টম স ট দ খ ছ ।
tom has seen it ,টম ওট দ খ ছ ।
tom is a doctor ,টম একজন চ ক সক।
tom is a farmer ,টম ক ষক।
tom is a player ,টম খ ল য র।
tom is coughing ,টম ক শছ ।
tom is homeless ,টম ন র শ রয ।
tom is homeless ,টম গ হহ ন।
tom is now dead ,টম এখন ম র গ ছ ।
tom is now dead ,টম এখন ম ত।
tom is speaking ,টম কথ বলছ ।
tom is very ill ,টম খ ব অস স থ।
tom isn t cruel ,টম ন ষ ঠ র নয ।
tom kicked mary ,টম ম র ক ল থ ম রল ।
tom likes chess ,টম দ ব পছন দ কর ।
tom lived there ,টম ওখ ন থ কত ।
tom lives there ,টম ওখ ন থ ক ।
tom lost a book ,টম একট বই হ র য ছ ।
tom loves women ,টম মহ ল দ র ভ ল ব স ।
tom may be home ,টম ব ড ত থ কত প র ।
tom speaks fast ,টম ত র ত র কথ বল ।
tom was married ,টম ব ব হ ত ছ ল।
tom was outside ,টম ব ইর ছ ল ।
tom was singing ,টম গ চ ছ ল ।
tom was talking ,টম কথ বলছ ল ।
tom was wounded ,টম আহত হয ছ ল ।
tom will scream ,টম চ ক র করব ।
tom worked here ,টম এখ ন ক জ করত ।
tom works a lot ,টম প রচ র ক জ কর ।
tom works there ,টম ওখ ন ক জ কর ।
tom s screaming ,টম চ ক র করছ ।
tom s screaming ,টম চ চ চ ছ ।
wait over there ,ওইখ ন অপ ক ষ কর ন।
wait right here ,ঠ ক এখ ন ই অপ ক ষ কর ন।
wait right here ,ঠ ক এখ ন ই অপ ক ষ কর ।
we declared war ,আমর য দ ধ ঘ ষণ কর ছ ।
we didn t do it ,আমর কর ন ।
we should leave ,আম দ র চল য ওয উচ ত।
we speak french ,আমর ফর স বল ।
we speak french ,আমর ফর স ভ ষ বল ।
we re different ,আমর আল দ ।
we re different ,আমর অন যরকম।
we re here too ,আমর ও এখ ন আছ ।
we re screaming ,আমর চ ক র করছ ।
we re screaming ,আমর চ চ চ ছ ।
we ve done that ,আমর স ট কর ছ ।
we ve found tom ,আমর টমক খ জ প য ছ ।
we ve seen them ,আমর ত দ রক দ খ ছ ।
we ve seen them ,আমর ওন দ রক দ খ ছ ।
we ve seen them ,আমর ওদ রক দ খ ছ ।
what am i doing?,আম ক করছ ?
what is biology?,জ বব দ য ক ?
what is his age?,ওন র বয স কত?
what is his age?,ওর বয স কত?
what is his age?,ত র বয স কত?
what time is it?,এখন কয ট ব জ ?
what time is it?,এখন কট ব জ ?
what was inside?,ভ তর ক ছ ল ?
what s happened?,ক হয ছ ?
what s his name?,উন র ন ম ক ?
what s your age?,ত ম র বয স কত?
what s your age?,আপন র বয স কত?
what s your age?,ত র বয স কত?
where is boston?,বস টন ক থ য ?
where s my cane?,আম র ল ঠ ক থ য ?
which leg hurts?,ক ন প য ব য থ করছ ?
who got married?,ক শ দ কর ছ ?
who wants to go?,ক য ত চ য ?
who s screaming?,ক চ ক র করছ ?
who s screaming?,ক চ চ চ ছ ?
who s your aunt?,আপন র ক ক ক ?
who s your aunt?,ক আপন র ক ক ?
you re dreaming ,ত ম স বপ ন দ খছ ।
you re dreaming ,ত ই স বপ ন দ খছ স।
you re dreaming ,আপন স বপ ন দ খছ ন।
your time is up ,আপন র সময শ ষ।
your time is up ,ত ম র সময শ ষ।
are you japanese?,আপন ক জ প ন ?
are you a doctor?,আপন ক ড ক ত র?
are you a doctor?,ত ম ক ড ক ত র?
attention please!,অন গ রহ কর শ নব ন!
birds have beaks ,প খ দ র চঞ চ আছ ।
call me tomorrow ,আম ক আগ ম ক ল ফ ন করব ন।
call me tomorrow ,আম ক আগ ম ক ল ফ ন করব ।
call me tomorrow ,আম ক আগ ম ক ল ফ ন ক র ।
can i walk there?,আম ক ওখ ন হ টত প রব?
consult a doctor ,ড ক ত র র স থ পর মর শ কর ন।
consult a doctor ,ড ক ত র র পর মর শ ন ন।
control yourself!,ন জ ক স জত কর ন!
control yourself!,ন জ ক স জত কর !
control yourself!,ন জ ক স মল ও!
control yourself!,ন জ ক স মল ন!
control yourself ,ন জ ক স জত কর ন।
control yourself ,ন জ ক স জত কর ।
control yourself ,ন জ ক স মল ও।
control yourself ,ন জ ক স মল ন।
cut the potatoes ,আল ক ট ন ন।
do you have time?,আপন র হ ত সময আছ ?
do you have time?,ত ম র হ ত সময আছ ?
do you live here?,আপন ক এখ ন থ ক ন?
do you live here?,ত ম ক এখ ন থ ক ?
do you live here?,ত মর ক এখ ন থ ক ?
do you live here?,আপন র ক এখ ন থ ক ন?
do you need help?,ত ম র ক স হ য য দরক র?
everybody saw it ,সব ই এট দ খ ছ ল ।
everybody saw it ,সব ই স ট দ খ ছ ল ।
everybody saw it ,প রত য ক স ট দ খ ছ ল ।
everybody saw it ,প রত য ক এট দ খ ছ ল ।
everybody s here ,সব ই এখ ন আছ ন।
everyone changes ,সব ই বদল য ।
everyone gossips ,সব ই পরন ন দ পরচর চ কর ।
everyone is here ,সব ই এখ ন আছ ন।
everyone s there ,সব ই ওখ ন আছ ন।
everything is ok ,সব ঠ ক আছ ।
forget about tom ,টম র কথ ভ ল য ও।
forget about tom ,টম র কথ ভ ল য ন।
he has long hair ,ত র লম ব চ ল আছ ।
he is her friend ,স ত র বন ধ ।
he speaks arabic ,স আরব ভ ষ য কথ বল ।
he speaks french ,স ফর স ত কথ বল ।
he speaks french ,ও ফর স ত কথ বল ।
he speaks french ,উন ফর স ত কথ বল ন।
he speaks french ,ত ন স ফর স ত কথ বল ন।
here is the bill ,এই ন ন ব লট ।
here is the bill ,এই ন ও ব লট ।
here is your bag ,এই ন ন আপন র ব য গ।
here is your bag ,এই ন ও ত ম র ব যগ।
here is your bag ,এই ন ত র ব যগ।
here is your key ,এই ন ন আপন র চ ব ।
here is your key ,এই ন ও ত ম র চ ব ।
here is your key ,এই ন ও ত ম দ র চ ব ।
here is your key ,এই ন ন আপন দ র চ ব ।
hold your tongue!,ম খ স মল কথ বল!
hold your tongue!,ম খ স মল কথ বল !
hold your tongue!,ম খ স মল কথ বল ন!
horses eat grass ,ঘ ড ঘ স খ য ।
how embarrassing!,ক লজ জ র ব য প র।
how much is that?,ওট কত?
how much is this?,এট কত?
how tall are you?,আপন কতট লম ব ?
how tall are you?,ত ম কতট লম ব ?
how tall you are!,আপন কত লম ব !
how tall you are!,ত ম কত লম ব !
i agree with you ,আম আপন র স থ একমত।
i agree with you ,আম ত ম র স থ একমত।
i agree with you ,আম ত র স থ একমত।
i am not thirsty ,আম র ত ষ ণ প য ন ।
i am not thirsty ,আম র ত ষ ট প য ন ।
i am not working ,আম ক জ করছ ন ।
i am only joking ,আম খ ল মজ করছ ।
i am pretty sure ,আম ম ট ম ট ন শ চ ত।
i believe in you ,আম আপন ক ব শ ব স কর ।
i believe in you ,আম ত ম ক ব শ ব স কর ।
i can t eat that ,আম ওট খ ত প রব ন ।
i didn t have it ,আম র ক ছ এট ছ ল ন ।
i don t love tom ,আম টমক ভ ল ব স ন ।
i don t want you ,আম আপন ক চ ই ন ।
i eat everything ,আম সবক ছ ই খ ই।
i feel depressed ,আম র হত শ ল গছ ।
i found my shoes ,আম আম র জ ত প য ছ ।
i have a brother ,আম র এক ভ ই আছ ।
i have questions ,আম র প রশ ন আছ ।
i heard a scream ,আম একট চ ক র শ নল ম।
i heard coughing ,আম ক শ র আওয জ শ নল ম।
i know your name ,আম ত ম র ন ম জ ন ।
i know your name ,আম আপন র ন ম জ ন ।
i know your name ,আম আপন দ র ন ম জ ন ।
i know your name ,আম ত ম দ র ন ম জ ন ।
i like astrology ,আম র জ য ত ষ ভ ল ল গ ।
i live near here ,আম ক ছ ক ছ ই থ ক ।
i love to travel ,আম ঘ রত ভ ল ব স ।
i love to travel ,আম ব ড ত ভ ল ব স ।
i love traveling ,আম ব ড ত ভ ল ব স ।
i made a mistake ,আম একট ভ ল কর ফ ল ছ !
i made it myself ,আম এট ন জ ন জ ব ন য ছ ।
i still love tom ,আম এখন টমক ভ ল ব স ।
i was astonished ,আম ব স ম ত হয গ ছ ল ম।
i was astonished ,আম আশ চর য ন ব ত হয গ ছ ল ম।
i wasn t working ,আম ক জ করছ ল ম ন ।
i wrote a letter ,আম একট চ ঠ ল খ ছ ল ম।
i d like a shave ,আম দ ড ক টত চ ই।
i m able to swim ,আম স ত র ক টত সক ষম।
i m checking out ,আম ঘরট ছ ড দ চ ছ ।
i m in the house ,আম ব ড ত আছ ।
i m just kidding ,আম একট মজ করছ ।
i m not a doctor ,আম ড ক ত র নই।
i m only kidding ,আম খ ল মজ করছ ।
i m pretty tired ,আম ব শ ক ল ন ত।
i m quite hungry ,আম র ব শ খ দ প য ছ ।
i m really angry ,আম সত য ই র গ গ ছ ।
i m really happy ,আম সত য ই খ শ ।
is tom all right?,টম ক ভ ল আছ ?
is tom satisfied?,টম ক সন ত ষ ট হয ছ ?
is anybody there?,ওখ ন ক উ আছ ন?
is the lake deep?,হ রদট ক খ ব গভ র?
is this your car?,এট ক আপন র গ ড ?
is this your car?,এট ক ত ম র গ ড ?
is this your car?,এট ক ত র গ ড ?
it isn t a virus ,এট ভ ইর স ন ।
it was a mistake ,এট একট ভ ল ছ ল।
it s a pineapple ,ওট আন রস।
it s a pineapple ,এট আন রস।
it s a pineapple ,স ট আন রস।
it s not a virus ,এট ভ ইর স ন ।
it s sunny today ,আজ র দ আছ ।
it s windy today ,আজ আবহ ওয ঝ ড আছ ।
japan is in asia ,জ প ন এশ য য অবস থ ত।
listen carefully ,মন দ য শ ন ন।
listen carefully ,মন দ য শ নব ন।
listen carefully ,মন দ য শ নব ।
listen carefully ,মন দ য শ ন।
maybe it ll snow ,হয ত বরফ পরব ।
move to the left ,ব ম সর ন।
my father is out ,আম র ব ব ব ইর ।
my father smokes ,আম র ব ব ধ মপ ন কর ।
my glass is full ,আম র গ ল সট ভরত ।
my mother is out ,আম র ম ব ইর ।
my stomach hurts ,আম র প ট ব য থ করছ ।
my uncle is rich ,আম র চ চ ধন ।
no one likes war ,ক উ য দ ধ পছন দ কর ন ।
no one loves war ,ক উ য দ ধ ভ লব স ন ।
no one will know ,ক উ জ নত প রব ন ।
nobody likes war ,ক উ য দ ধ পছন দ কর ন ।
nobody loves war ,ক উ য দ ধ ভ ল ব স ন ।
nobody remembers ,ক উ মন র খ ন ।
nothing happened ,ক ছ ই হ ল ন ।
nothing happened ,ক ছ ই হয ন ।
please stay here ,অন গ রহ কর এখ ন ই থ ক ন।
please wait here ,দয এখ ন অপ ক ষ কর ন।
rome is in italy ,র ম ইত ল ত ।
see you tomorrow ,আগ ম ক ল দ খ হব ।
sit at the table ,ট ব ল বস ন।
someone screamed ,ক উ চ ক র করল ।
someone screamed ,ক উ চ চ ল ।
stand over there ,ওইখ ন দ ড ন।
stand over there ,ওইখ ন দ ড ও।
stay right there ,ঠ ক ওখ ন ই থ ক ন।
stay right there ,ঠ ক ওখ ন ই থ ক ।
summer has ended ,গ র ষ ম শ ষ হয গ ছ ।
take tom outside ,টমক ব ইর ন য য ন।
that bag is mine ,ওই ব য গট আম র।
that s my sister ,ওট আম র ব ন।
the ball was wet ,বলট ভ জ ছ ল ।
the door is open ,দরজ ট খ ল ।
the sky is clear ,আক শট পর ষ ক র আছ ।
there s no doubt ,ক ন সন দ হ ন ই।
they are doctors ,ত র ড ক ত র।
they are doctors ,এন র ড ক ত র।
they are doctors ,ওন র ড ক ত র।
they got married ,ত র ব য কর ছ ।
they ll find him ,ত র ত ক খ জ ব র করব ।
they re children ,ওর ব চ চ ।
they re children ,ওর শ শ ।
they ve got guns ,ওদ র ক ছ বন দ ক রয ছ ।
this bag is mine ,এই ব য গট আম র।
this is not true ,এট সত য নয ।
this is your key ,এট ত ম র চ ব ।
this is your key ,এট আপন র চ ব ।
this tooth hurts ,এই দ তট ব যথ করছ ।
tom brought this ,টম এট ন য এস ছ ল।
tom coughs a lot ,টম খ ব ক শ ।
tom has big eyes ,টম র বড বড চ খ।
tom is my father ,টম আম র ব ব ।
tom is screaming ,টম চ ক র করছ ।
tom is screaming ,টম চ চ চ ছ ।
tom is very sick ,টম খ ব অস স থ।
tom kept yelling ,টম চ ক র করত ই থ কল ।
tom kept yelling ,টম চ চ ত ই থ কল ।
tom laughs a lot ,টম খ ব হ স ।
tom likes tigers ,টম ব ঘ পছন দ কর ।
tom married mary ,টম ম র ক শ দ কর ছ ।
tom may be fired ,টমক বরখ স ত কর হত প র ।
tom saw a doctor ,টম একজন ড ক ত রক দ খ ছ ল।
tom slapped mary ,টম ম র ক থ প পর ম রল ।
tom slapped mary ,টম ম র ক চর ম রল ।
tom was shouting ,টম চ ক র করছ ল ।
tom was shouting ,টম চ চ চ ছ ল ।
tom went outside ,টম ব ইর গ ল ।
tom worked there ,টম এখ ন ক জ করত ।
walk more slowly ,আর আস ত হ ট ন।
walk more slowly ,অ র অ স ত হ ট ।
we need the rain ,আম দ র ব ষ ট দরক র।
we re all scared ,আমর সব ই ভ ত।
we re both right ,আমর দ জন ই ঠ ক।
we re stuck here ,আমর এখ ন আটক গ ছ ।
we ve done worse ,আমর আরও খ র প ক জ কর ছ ।
we ve seen worse ,আমর আরও খ র প জ ন স দ খ ছ ।
what did you say?,ক বলল ন?
what did you say?,ক বলল ?
what do bees eat?,ম ম ছ র ক খ য ?
what do you want?,আপন ক চ ন?
what do you want?,ত ম ক চ ও?
what is going on?,ক হচ ছ ?
what is his name?,উন র ন ম ক ?
what s the price?,দ ম কত?
what s the price?,দ মট কত?
what s your name?,আপন র ন ম ক ?
what s your name?,ত ম র ন ম ক ?
what s your name?,ত র ন ম ক ?
what s your name?,আপন র ন ম ক ?
when does it end?,এট কখন শ ষ হয ?
where are we now?,আমর এখন ক থ য রয ছ ?
where did you go?,ক থ য গ ল ন?
where s tom been?,টম ক থ য গ ছ ল?
where s tom gone?,টম ক থ য গ ছ ?
where s my razor?,আম র র জ র ক থ য ?
where s the bank?,ব য কট ক থ য ?
who cut the cake?,ক কট ক ক টল ?
who did tom bite?,টম ক ক ক মড ছ ?
winter is coming ,শ ত আসছ ।
you are a doctor ,আপন একজন ড ক ত র।
you are dreaming ,ত ম স বপ ন দ খছ ।
you are dreaming ,ত ই স বপ ন দ খছ স।
you are dreaming ,আপন স বপ ন দ খছ ন।
you are not kind ,আপন দয ল নন।
you have a fever ,ত ম র জ বর হয ছ ।
you may go there ,আপন ওখ ন য ত প র ন।
you may go there ,আপন র ওখ ন য ত প র ন।
you may go there ,ত ম ওখ ন য ত প র।
you may go there ,ত মর ওখ ন য ত প র।
you need friends ,আপন র বন ধ ল গব ।
you need friends ,ত ম র বন ধ ল গব ।
you need friends ,ত র বন ধ ল গব ।
you should sleep ,ত ম র ঘ ম ন উচ ।
you should sleep ,আপন র ঘ ম ন উচ ।
you should sleep ,ত র ঘ ম ন উচ ।
you re no doctor ,ত ম ক ন ড ক ত র নও।
you re screaming ,আপন চ ক র করছ ন।
you re screaming ,আপন র চ ক র করছ ন।
you re screaming ,ত ম চ ক র করছ ।
you re screaming ,ত মর চ ক র করছ ।
are you all ready?,আপন র সব ই ত র ?
are you all ready?,ত মর সব ই ত র ?
are you all ready?,আপন র সব ই ত র ত ?
are you all ready?,ত মর সব ই ত র ত ?
are you all right?,আপন ঠ ক আছ ন?
are you all right?,ত ম ঠ ক আছ ?
are you all right?,আপন ঠ ক আছ ন ত ?
are you all right?,ত ম ঠ ক আছ ত ?
call the hospital ,হ সপ ত ল ফ ন কর ন।
call the hospital ,হ সপ ত ল ফ ন কর ।
do you have a car?,আপন র ক গ ড আছ ?
do you have a car?,ত ম র গ ড আছ ?
do you have a car?,ত র গ ড আছ ?
do you have a car?,আপন র গ ড আছ ?
do you own a boat?,আপন ক ন ক র ম ল ক?
do you understand?,আপন ক ব ঝত প রছ ন?
do you understand?,আপন র ক ব ঝত প রছ ন?
do you understand?,ত ম ক ব ঝত প রছ ?
do you understand?,ত মর ক ব ঝত প রছ ?
do you want to go?,আপন ক য ত চ ন?
do you want to go?,আপন য ত চ ন?
do you wish to go?,আপন ক য ত চ ন?
do you wish to go?,আপন য ত চ ন?
don t hurt anyone ,ক উক কষ ট দ ও ন ।
don t touch these ,এগ ল স পর শ করব ন ন ।
eat what you want ,আপন র য চ ই ত ই খ ন।
eat what you want ,আপন দ র য চ ই ত ই খ ন।
eat what you want ,ত ম র য চ ই ত ই খ ও।
eat what you want ,ত ম দ র য চ ই ত ই খ ও।
everybody is here ,সব ই এখ ন আছ ন।
everybody laughed ,সব ই হ সল।
everybody laughed ,সব ই হ সল ন।
everyone is ready ,সব ই ত র ।
everyone is tired ,সব ই ক ল ন ত।
everyone is tired ,সব ই পর শ র ন ত।
everyone listened ,সব ই শ ন ছ ল।
everyone screamed ,সব ই চ ক র করল ।
everyone screamed ,সব ই চ ক র করল ন।
everyone screamed ,সব ই চ চ ল ।
everyone screamed ,সব ই চ চ ল ন।
everything s here ,সবক ছ ই এখ ন আছ ।
give me the sword ,আম ক তল য রট দ ও।
have you gone mad?,আপন ক প গল হয গ ছ ন?
have you gone mad?,ত ম ক প গল হয গ ছ ?
he teaches arabic ,ত ন আরব পড ন।
how old do i look?,আম ক দ খ কত বছর বয স বল মন হয ?
how should i know?,আম ক কর জ নব?
how was your week?,আপন র স র সপ ত হ ক মন ক টল ?
i am 19 years old ,আম র বছর বয স।
i am in the house ,আম ব ড ত আছ ।
i am not a doctor ,আম ড ক ত র নই।
i bought a ticket ,আম একট ট ক ট ক নল ম।
i can manage this ,আম এট স মল ন ত প র ।
i can now do that ,আম এখন ওট করত প রব ।
i can read french ,আম ফর স পড ত প র ।
i don t blame you ,আম আপন ক দ ষ দ চ ছ ন ।
i don t blame you ,আম ত ম ক দ ষ দ চ ছ ন ।
i don t deny this ,আম এট অস ব ক র কর ন ।
i don t like that ,আম ওট পছন দ কর ন ।
i don t like this ,আম এট পছন দ কর ন ।
i feel frightened ,আম র ভয ল গছ ।
i have a contract ,আম র একট চ ক ত আছ ।
i have a daughter ,আম র একট ম য আছ ।
i have a headache ,আম র ম থ ব য থ হয ছ ।
i have a headache ,আম র ম থ ধর ছ ।
i have a headache ,আম র ম থ ব য থ করছ ।
i have a headache ,আম র ম থ ব যথ হচ ছ ।
i have chest pain ,আম র ব ক ব যথ হচ ছ ।
i have two nieces ,আম র দ ট ভ গ ন আছ ।
i have two nieces ,আম র দ ট ভ ইঝ আছ ।
i heard screaming ,আম চ ক র শ নল ম।
i hope they agree ,আশ কর ত র র জ হব ।
i hope they agree ,আশ কর ত র সম মত হব ।
i know it s wrong ,আম জ ন এট ভ ল।
i know that story ,আম ওই গল পট জ ন ।
i lent tom my car ,আম টমক আম র গ ড ধ র দ য ছ ল ম।
i lost my luggage ,আম আম র ম লপত র হ র য ফ ল ছ ।
i made you coffee ,আম ত ম ক কফ ব ন য ছ দ য ছ ল ম।
i never found tom ,আম টমক কখনও প ই ন ।
i owe him nothing ,আম র ক ছ ত র ক ন প ওন ন ই।
i saw him running ,আম ত ক দ ড ত দ খ ছ ল ম।
i saw him running ,আম ওক দ ড ত দ খ ছ ল ম।
i saw him running ,আম ওন ক দ ড ত দ খ ছ ল ম।
i want some money ,আমর ক ছ ট ক চ ই।
i was unconscious ,আম অজ ঞ ন ছ ল ম।
i was very scared ,আম খ ব ভয প য গ ছ ল ম।
i will go on foot ,আম হ ট য ব।
i work on mondays ,আম স মব র স মব র ক জ কর ।
i yelled for help ,আম স হ য য র জন য চ ক র কর ছ ল ম।
i ll be back late ,আম দ র কর ফ র আসব ।
i ll eat anything ,আম য ক ন ক ছ খ ব ।
i ll pay the bill ,আম ব লট ম ট য দ ব।
i ll wait outside ,আম ব ইর অপ ক ষ করব।
i m bad at sports ,আম খ ল ধ ল য খ র প।
i m not the owner ,আম ম ল ক নই।
i m not very busy ,আম খ ব একট ব যস ত নই।
i ve got diabetes ,আম র ড য ব ট স আছ ।
i ve lost my keys ,আম আম র চ ব হ র য ফ ল ছ ।
is tom doing okay?,টম ক ভ ল আছ ?
is somebody there?,ওখ ন ক ক উ আছ ন?
is that your book?,ওট ক ত ম র বই?
is that your book?,ওট ক আপন র বই?
is this pure gold?,এট ক খ ট স ন ?
is this your book?,এট ক আপন র বই?
is this your book?,এট ক ত ম র বই?
it never happened ,এট কখন হয ন ।
it s unbelievable ,এট অব শ ব স য।
life is beautiful ,জ বন স ন দর।
may i put it here?,আম ক এট এখ ন র খত প র ?
my family is rich ,আম র পর ব র ধন ।
my father is busy ,আম র ব ব ব যস ত আছ ।
my father is here ,আম র ব ব এখ ন আছ ।
my father is here ,আম র ব ব এখ ন আছ ন।
my father is here ,আম র ব ব এখ ন ।
my father is tall ,আম র ব ব লম ব ।
my shoulder hurts ,আম র ক ধ ব য থ করছ ।
my shoulders hurt ,আম র ক ধ ব য থ করছ ।
nobody helped her ,ক উ ত ক স হ য য কর ন ।
people were angry ,ল ক র র গ ছ ল।
please reconsider ,আর কব র ভ ব দ খ ন।
see you later ok?,আব র পর দ খ হব ঠ ক আছ ?
she s my daughter ,ও আম র ম য ।
someone s talking ,ক উ একজন কথ বলছ ।
speak more slowly ,আর আস ত কথ বল ন।
speak more slowly ,আর আস ত কথ বল ।
stop the car here ,গ ড ট এখ ন থ ম ন।
thank you doctor ,ধন যব দ ড ক ত রব ব ।
that book is mine ,ওই বইট আম র।
that won t happen ,স ট হব ন ।
that s a bad sign ,ওট একট খ র প লক ষণ।
that s my brother ,ওট আম র ভ ই।
the cake is ready ,ক কট ত র ।
the pen is broken ,প নট ভ ঙ ।
the pen is broken ,কলমট ভ ঙ গ ।
the room was warm ,কক ষট উষ ণ ছ ল।
the sun is a star ,স র য একট নক ষত র।
the sun is rising ,স র য উঠছ ।
the sun is rising ,স র য উদ ত হচ ছ ।
there is no doubt ,ক ন সন দ হ ন ই।
they all screamed ,ত র সব ই চ চ ল ন।
they all screamed ,ত র সব ই চ ক র করল ।
they all screamed ,ত র সব ই চ ক র করল ন।
they all screamed ,ওর সব ই চ ক র করল ।
they all screamed ,ওন র সব ই চ ক র করল ন।
they all screamed ,ওন র সব ই চ চ ল ন।
they all screamed ,ওর সব ই চ চ ল ।
they all screamed ,ত র সব ই চ চ ল ।
they need friends ,ওদ র বন ধ ল গব ।
they need friends ,এদ র বন ধ ল গব ।
they need friends ,ত দ র বন ধ ল গব ।
they were married ,ত র ব ব হ ত ছ ল।
this is tom s car ,এট টম র গ ড ।
this is her house ,এট ওন র ব ড ।
this is her house ,এট ওর ব ড ।
this is her house ,এট ত র ব ড ।
this is his house ,এট ওন র ব ড ।
this is his house ,এট ওর ব ড ।
this is his house ,এট ত র ব ড ।
this is my mother ,এই আম র ম ।
this is my sister ,এট আম র ব ন।
those are too big ,ওইগ ল একট ব শ বড ।
tom broke my nose ,টম আম র ন ক ভ ঙ গ দ য ছ ।
tom built a robot ,টম একট র ব ট ত র কর ছ ।
tom coughed again ,টম আব র ক শল ।
tom eats too fast ,টম একট ব শ ই ত র ত র খ য ।
tom found my bike ,টম আম র ব ইকট খ জ প ল ।
tom has been hurt ,টম আহত হয ছ ।
tom has no hat on ,টম র ম থ য ট প ন ই।
tom helped us win ,টম আম দ র জ তত স হ য য করল ।
tom insulted mary ,টম ম র ক অপম ন করল ।
tom is very pious ,টম খ ব ধর মন ষ ঠ।
tom isn t at home ,টম ব ড ত ন ই।
tom kept coughing ,টম ক শ ই য চ ছ ল ।
tom loved to sing ,টম গ ন গ ইত ভ ল ব সত ।
tom may invite us ,টম আম দ র আমন ত রণ জ ন ত প র ।
tom saw you do it ,টম ত ম ক এট করত দ খ ছ ।
tom should ve won ,টম র জ ত উচ ত ছ ল ।
tom slept outside ,টম ব ইর ঘ ম ল ।
tom stays with us ,টম আম দ র স থ থ ক ।
tom was screaming ,টম চ ক র করছ ল ।
tom was screaming ,টম চ চ চ ছ ল ।
we all got scared ,আমর সব ই ভয প য গ ল ম।
we believe in god ,আমর ঈশ বর ব শ ব স কর ।
we need the money ,আম দ র ট ক ট দরক র।
we won the battle ,আমর য দ ধ জয হয ছ ।
were you sleeping?,ত ম ক ঘ ম চ ছ ল ?
what a lovely day!,ক চম ক র দ ন!
what a lovely day!,ক স ন দর দ ন!
what does it cost?,এর দ ম কত?
what does it mean?,এট র ম ন ক ?
what does it mean?,এট র অর থ ক ?
what has happened?,ক হয ছ ?
what is the price?,দ ম কত?
what is the price?,দ মট কত?
what is your name?,আপন র ন ম ক ?
what is your name?,ত ম র ন ম ক ?
what is your name?,ত র ন ম ক ?
what is your name?,আপন র ন ম ক ?
what ll tom bring?,টম ক আনব ?
what ll tom bring?,টম ক ন য আসব ?
what ve you found?,আপন ক প য ছ ন?
what ve you found?,ত ম ক প য ছ ?
when are you busy?,আপন কখন ব যস ত?
where do you live?,আপন ক থ য থ ক ন?
where do you live?,ত ম ক থ য থ ক ?
where is a doctor?,ড ক ত র ক থ য ?
where is the bank?,ব য কট ক থ য ?
where will tom go?,টম ক থ য য ব ?
where s the knife?,ছ র ট ক থ য ?
which tooth hurts?,ক ন দ তট ব য থ করছ ?
which tooth hurts?,ক ন দ তট যন ত রন করছ ?
who cooks for you?,আপন র জন য ক র ন ন কর ?
who paid for that?,ক এর জন য অর থ প রদ ন কর ছ ?
who wants to know?,ক জ নত চ য ?
you are in my way ,আপন আম র র স ত আটক র খ ছ ন।
you are in my way ,ত ম আম র র স ত আটক র খ ছ ।
you are in my way ,ত ই আম র র স ত আটক র খ ছ স।
you can wait here ,আপন এখ ন অপ ক ষ করত প র ন।
you can wait here ,ত ম এখ ন অপ ক ষ করত প র।
you know who i am ,ত ম জ ন আম ক ।
you need a friend ,আপন র একট বন ধ ল গব ।
you need a friend ,ত ম র একট বন ধ ল গব ।
you need a friend ,ত র একট বন ধ ল গব ।
you work too much ,আপন ব শ ক জ কর ন।
you work too much ,ত ম ব শ ক জ কর ।
you re the doctor ,আপন ই স ই ড ক ত র।
you re the doctor ,আপন স ই চ ক সক।
you re very clean ,আপন খ ব পর ষ ক র।
all were satisfied ,সব ই সন ত ষ ট ছ ল ।
another day passed ,আর একদ ন চল গ ল ।
are you the doctor?,আপন ক চ ক সক?
aren t you jealous?,ত ম ক ঈর ষ ন ব ত ন ?
can i have my keys?,আম ক আম র চ ব ট প ত প র ?
can i see that one?,আম ক ওট দ খত প র ?
children like cake ,ব চ চ র ক ক পছন দ কর ।
did you murder tom?,আপন ক টমক খ ন কর ছ ন?
do you like robots?,আপন র বট পছন দ কর ন?
do you work at all?,ত ম ক আদ ক জ কর ?
doctors save lives ,ড ক ত রগণ জ বন ব চ য ।
does tom help mary?,টম ক ম র ক স হ য য কর ?
don t feed the dog ,ক ক রক খ ব র দ ও ন ।
drink up your milk ,ত র দ ধট খ ।
drink up your milk ,ত ম র দ ধট খ য ন ও।
drink up your milk ,আপন র দ ধট খ য ন ন।
drink up your milk ,ত র দ ধট খ য ন ।
everyone knows you ,সব ই আপন ক চ ন ।
everyone liked tom ,সব ই টমক পছন দ করত।
everyone was happy ,সব ই স খ ছ ল ।
everyone was happy ,সব ই খ শ ছ ল ।
everyone was there ,সব ই ওখ ন ছ ল ।
everyone was there ,প রত য ক ওখ ন ছ ল ।
everything is over ,সব শ ষ।
everything s ready ,সবক ছ ত র ।
get away from here ,এখ ন থ ক চল য ন।
get away from here ,এখ ন থ ক চল য ও।
go to the hospital ,হ সপ ত ল য ন।
go to the hospital ,হ সপ ত ল য ও।
he hasn t come yet ,স এখন আস ন ।
he hasn t come yet ,ও এখন আস ন ।
he hasn t come yet ,উন এখন আস নন ।
he hasn t come yet ,ত ন এখন আস নন ।
he is not japanese ,ত ন জ প ন নন।
he killed that man ,স ওই ল কট ক হত য কর ছ ।
he lives near here ,ত ন ক ছ ক ছ ই থ ক ন।
he lives near here ,উন ক ছ ক ছ ই থ ক ন।
he lives near here ,স ক ছ ক ছ ই থ ক ।
he lives near here ,ও ক ছ ক ছ ই থ ক ।
he looks very good ,ত ক দ খত খ ব ভ ল ল গছ ।
he should thank me ,ত র আম ক ধন যব দ দ ওয উচ ত।
he s a good person ,উন ভ ল ম ন ষ।
he s a good person ,ও ভ ল ম ন ষ।
he s a good person ,ত ন ভ ল ম ন ষ।
hello how are you?,নমস ক র! আপন ক মন আছ ন?
how far is the zoo?,চ ড য খ ন কতদ র?
i agree completely ,আম প র প র একমত।
i am not a teacher ,আম শ ক ষক নই।
i can fix all this ,আম এই সব ঠ ক করত প রব।
i can t believe it!,আম এট ব শ ব স করত প রছ ন !
i can t play piano ,আম প য ন ব জ ত প র ন ।
i didn t shoot tom ,আম টমক গ ল কর ন ।
i don t believe it!,আম এট ব শ ব স করত প রছ ন !
i don t understand ,আম ব ঝত প রছ ন ।
i don t understand ,আম ব ঝত প রল ম ন ।
i don t understand ,আম ঠ ক ব ঝত পরছ ন ।
i don t want to go ,আম য ত চ ই ন ।
i feel bad for him ,ওর জন য খ ব খ র প ল গছ ।
i feel bad for him ,ত র জন য খ ব খ র প ল গছ ।
i give you my word ,আম ত ম ক কথ দ ল ম।
i give you my word ,আম আপন ক কথ দ ল ম।
i gritted my teeth ,আম দ ত ক ড ম ড করল ম।
i had to stay home ,আম ক ব ড ত থ কত হয ছ ল।
i have a dry cough ,আম র শ কন ক শ হয ছ ।
i have a nosebleed ,আম র ন ক দ য রক ত ব র হচ ছ ।
i have lost my key ,আম আম র চ ব হ র য ফ ল ছ ।
i have one brother ,আম র একজন ভ ই আছ ।
i have two nephews ,আম র দ ট ভ ইপ আছ ।
i have two nephews ,আম র দ ট ভ গ ন আছ ।
i heard you scream ,আম ত ম ক চ ক র করত শ নল ম।
i heard you scream ,আম আপন ক চ ক র করত শ নল ম।
i heard you scream ,আম ত ম ক চ চ ত শ নল ম।
i know her address ,আম ত র ঠ ক ন জ ন ।
i know my daughter ,আম আম র ম য ক চ ন ।
i like eating cake ,আম ক ক খ ত ভ ল ব স ।
i play with my son ,আম আম র ছ ল র সঙ গ খ ল ।
i ran to my mother ,আম আম র ম য র ক ছ দ ড গ ল ম।
i want a pet tiger ,আম একট প ষ ব ঘ চ ই।
i want the blanket ,আম র চ দরট চ ই।
i want this guitar ,আম র এই গ ট রট চ ই।
i was here in 2013 ,আম এখ ন ত এস ছ ল ম।
i was hit by a car ,আম র একট গ ড ত ধ ক ক ল গ ছ ।
i was just curious ,আম শ ধ ক ত হল ছ ল ম।
i watch television ,আম ট ভ দ খ ।
i d be happy to go ,আম য ত প রল খ শ হব ।
i ll be back later ,আম পর ফ র আসব ।
i m at the library ,আম গ রন থ গ র ।
i m eating noodles ,আম ন ডলস খ চ ছ ।
i m late for class ,আম ক ল স দ র কর ফ ল ছ ।
i m not denying it ,আম এট অস ব ক র করছ ন ।
i m not hungry now ,আম র এখন খ দ প য ন ।
i m not your enemy ,আম ত ম র শত র নই।
i m not your enemy ,আম আপন র শত র নই।
i m quite harmless ,আম ব শ ন র হ।
i m reading it now ,আম স ট এখন পড ছ ।
i m ready to begin ,আম শ র কর র জন য ত র ।
i ve caught a cold ,আম র ঠ ন ড ল গ গ ছ ।
is everybody ready?,সব ই ত র ?
is everything okay?,সবক ছ ঠ ক আছ ত ?
is the book boring?,এই বইট ক একঘ য ?
is this tom s book?,এট ক টম র বই?
is this book tom s?,এই বইট ক টম র?
is this book yours?,এই বইট ক আপন র?
is this book yours?,এই বইট ক ত ম র?
is this seat empty?,এই স টট ক ফ ক আছ ?
is this seat taken?,এই আসনট ক ন ওয হয গ ছ ?
it is a black hole ,এট একট ক ষ ণগহ বর।
it s already seven ,ইত মধ য ই স তট ব জ গ ছ ।
it s not important ,এট গ র ত বপ র ণ ন ।
it s seven o clock ,এখন স তট সময ।
it s three o clock ,এখন ত নট সময ।
keep an eye on tom ,টম র উপর নজর র খ ।
keep an eye on tom ,টম র উপর নজর র খ ন।
let me handle this ,আম ক ব যপ রট স মল ত দ ন।
let me handle this ,আম ক ব যপ রট স মল ত দ ও।
let s make a movie ,চল ন একট স ন ম ব ন ই।
make love not war ,প র ম কর য দ ধ ন ।
may i take a photo?,আম ক একট ছব ত লত প র ?
maybe it will snow ,হয ত বরফ পরব ।
money begets money ,ট ক য ট ক আন ।
my father is frank ,আম র ব ব খ ল ম ল ।
my father was busy ,আম র ব ব ব যস ত ছ ল।
my right leg hurts ,আম র ড ন প ব য থ করছ ।
my stomach is full ,আম র প ট ভর ত ।
no one is laughing ,ক উ হ সছ ন ।
no one s been here ,এখ ন ক উ আস ন ।
nobody is speaking ,ক উই কথ বলছ ন ।
nobody is speaking ,ক উ কথ বলছ ন ।
nobody is speaking ,ক উ কথ বলছ ন ন ।
nobody is speaking ,ক উই কথ বলছ ন ন ।
nobody lives there ,ওখ ন ক উ থ ক ন ।
nobody understands ,ক উ ব ঝ ন ।
nobody wants a war ,ক উ য দ ধ চ য ন ।
nobody was injured ,ক উ আহত হয ন ।
nobody was snoring ,ক উ ন ক ড কছ ল ন ।
people die in wars ,য দ ধ ম ন ষ ম র য য ।
she is my daughter ,ও আম র ম য ।
she wants to dance ,ও ন চত চ য ।
she wants to dance ,উন ন চত চ ন।
she s eating fruit ,উন ফল খ চ ছ ন।
she s eating fruit ,ত ন ফল খ চ চ ন।
she s eating fruit ,স ফল খ চ ছ ।
she s eating fruit ,ও ফল খ চ ছ ।
that was important ,ওট গ র ত বপ র ণ ছ ল।
that s a good idea!,খ ব ভ ল ব দ ধ !
there is no escape ,প ল য য ওয র পথ ন ই।
there s no mistake ,ক ন ভ ল ন ই।
they seem american ,ওদ র দ খ আম র ক ন বল মন হচ ছ ।
they seem american ,ওন দ র দ খ আম র ক ন বল মন হচ ছ ।
they seem american ,ত দ র দ খ আম র ক ন বল মন হচ ছ ।
they won t hurt us ,ত র আম দ র ক ষত করব ন ।
this book is yours ,এই বইট আপন র।
this chair is ugly ,এই চ য রট ব শ র দ খত ।
this house is mine ,এই ব ড ট আম র।
this is a bad sign ,এট একট খ র প লক ষণ।
this is a hospital ,এট একট হ সপ ত ল।
this is my brother ,এট আম র ভ ই।
this team is tough ,এই দলট শক ত শ ল ।
three were injured ,ত নজন আহত হন।
times are changing ,সময বদল চ ছ ।
times have changed ,সময বদল গ ছ ।
tom began coughing ,টম ক শত শ র করল ।
tom began to shout ,টম চ ক র করত শ র করল ।
tom began to shout ,টম চ চ ত শ র করল ।
tom began to shout ,টম চ চ ত আরম ভ করল ।
tom began to shout ,টম চ ক র করত আরম ভ করল ।
tom broke his nose ,টম ন জ র ন ক ভ ঙ গ দ য ছ ।
tom coughed loudly ,টম জ র ক শল ।
tom has a blue car ,টম র একট ন ল গ ড আছ ।
tom has been found ,টমক প ওয গ ছ ।
tom isn t here now ,টম এখন এখ ন ন ই।
tom isn t here yet ,টম এখন এখ ন এস প ছ য ন ।
tom keeps his word ,টম ওর কথ র খ ।
tom keeps his word ,টম ওন র কথ র খ ন।
tom keeps his word ,টম ত র কথ র খ ন।
tom keeps his word ,টম ত র কথ র খ ।
tom kept screaming ,টম চ ক র করত ই থ কল ।
tom kept screaming ,টম চ চ ত ই থ কল ।
tom likes potatoes ,টম আল পছন দ কর ।
tom needs a friend ,টম র একট বন ধ ল গব ।
tom plays football ,টম ফ টবল খ ল ।
tom saw me do that ,টম আম ক স ট করত দ খ ছ ।
tom saw that movie ,টম স ই ম ভ ট দ খ ছ ।
tom screamed again ,টম আব র চ ক র করব ।
tom shook his head ,টম ত র ম থ ন ড ল ।
tom visited boston ,টম বস টন গ ছ ল ন।
tom was helping me ,টম আম ক স হ য য করছ ল ।
tom was making tea ,টম চ ব ন চ ছ ল ।
tom won t get hurt ,টম আঘ ত প ব ন ।
we do what we want ,আমর য চ ই ত ই কর ।
we watched a movie ,আমর একট স ন ম দ খ ছ ।
we ll work on that ,আমর স ট ন য ক জ করব ।
we re best friends ,আমর স র বন ধ ।
were you a soldier?,আপন ক স ন ক ছ ল ন?
what are my orders?,আম র জন য ক আদ শ আছ ?
what are you doing?,আপন ক করছ ন?
what are you doing?,ত ম ক করছ ?
what are you doing?,ত ই ক করছ স?
what are you doing?,আপন র ক করছ ন?
what are you doing?,ত ম র ক করছ ?
what do tigers eat?,ব ঘ ক খ য ?
what happened here?,এখ ন ক হয ছ ?
what station is it?,এট ক ন স ট শন?
when did you begin?,আপন কখন শ র কর ছ ন?
where can i buy it?,আম এট ক থ থ ক ক নত প রব?
where can i buy it?,আম ওট ক থ থ ক ক নত প রব?
where has tom been?,টম ক থ য গ ছ ল?
where is his house?,ত র ব ড ক থ য ?
where will we meet?,আমর ক থ য দ খ করব?
where would tom go?,টম আর ক থ য য ব ?
where re you going?,ক থ য য চ ছ ন?
where s the museum?,জ দ ঘরট ক থ য ?
which cap is yours?,ক ন ট প ট আপন র?
which cap is yours?,ক ন ট প ট ত ম র?
which hat is yours?,ক ন ট প ট আপন র?
which hat is yours?,ক ন ট প ট ত ম র?
who are those guys?,ওর ক র ?
who are those guys?,ওন র ক র ?
who broke the vase?,ফ লদ ন ট ক ভ ঙল?
who gave it to you?,এট ত ম ক ক দ য ছ ?
who wants to begin?,ক শ র করত চ য ?
who s your teacher?,ত ম র শ ক ষক ক ?
why are you in bed?,ত ম ব ছ ন য ক ন?
why can t you come?,ত ম আসত প রব ন ক ন?
why can t you come?,আপন আসত প রব ন ন ক ন?
why can t you come?,আপন র আসত প রব ন ন ক ন?
why can t you come?,ত মর আসত প রব ন ক ন?
why did this occur?,এট ক ন ঘটল ?
why was tom crying?,টম ক দছ ল ক ন?
you are the doctor ,আপন ই স ই ড ক ত র।
you are the doctor ,আপন স ই চ ক সক।
you are very brave ,আপন খ ব স হস ।
you are very brave ,ত ম খ ব স হস ।
you are very brave ,ত মর খ ব স হস ।
you are very brave ,আপন র খ ব স হস ।
you can study here ,ত ম এখ ন পড শ ন করত প র।
you can study here ,আপন এখ ন পড শ ন করত প র ন।
you look beautiful ,ত ম ক স ন দর ল গছ ।
you look very pale ,আপন ক দ খ খ ব ফ য ক শ ল গছ ।
you look very pale ,ত ম ক দ খ খ ব ফ য ক শ ল গছ ।
you look very pale ,ত ক দ খ খ ব ফ য ক শ ল গছ ।
you re my daughter ,ত ম আম র ম য ।
you re my daughter ,ত ই আম র ম য ।
a whale is a mammal ,ত ম একট স তন যপ য প র ণ ।
aluminum is a metal ,অ য ল ম ন য ম একট ধ ত ।
are seats available?,বস র জ য গ আছ ?
are you coming down?,আপন ক ন চ আসব ন?
are you coming down?,ত ম ক ন চ আসব ?
aren t you a doctor?,আপন ড ক ত র ন ?
aren t you a doctor?,ত ম ড ক ত র ন ?
can i get a blanket?,আম ক একট চ দর প ত প র ?
can he speak french?,ও ক ফর শ ভ ষ বলত প র ?
can he speak french?,উন ক ফর শ ভ ষ বলত প র ন?
can he speak french?,স ক ফর শ ভ ষ বলত প র ?
can he speak french?,ত ন ক ফর শ ভ ষ বলত প র ন?
can you read arabic?,আপন ক আরব পড ত প র ন?
can you swim at all?,ত ম ক আদ স ত র ক টত প র ?
change your clothes ,ত ম র প শ ক পর বর তন কর।
come at two o clock ,দ ইট সময আস ।
come at two o clock ,দ ইট সময আস ন।
come at two o clock ,দ ইট সময আস স।
consult your doctor ,আপন র ড ক ত র র পর মর শ ন ন।
consult your doctor ,আপন র ড ক ত র র স থ পর মর শ কর ন।
could it be a virus?,এট ক ভ ইর স হত প র ?
did you read it all?,আপন ক প র ট পর ছ ন?
did you read it all?,ত ম ক প র ট পর ছ ?
did you read it all?,ত ই ক প র ট পর ছ স?
do the windows open?,জ নল গ ল খ ল ?
do tigers eat birds?,ব ঘ ক প খ খ য ?
do you have a fever?,আপন র ক জ বর হয ছ ?
do you have my book?,আপন র ক ছ ক আম র বইট আছ ?
do you have my book?,ত ম র ক ছ ক আম র বইট আছ ?
don t open the door ,দরজ খ ল ন ।
everybody liked tom ,সব ই টমক পছন দ করত।
everybody loved tom ,সব ই টমক ভ ল ব সত ।
everyone s watching ,সব ই দ খছ ।
everything is ready ,সবক ছ ত র ।
football is a sport ,ফ টবল একট খ ল ।
he had one daughter ,ত র দ ট ম য ছ ল ।
he had one daughter ,ওন র দ ট ম য ছ ল ।
he was very patient ,উন খ ব ধ র যশ ল ছ ল ন।
he was very patient ,ও খ ব ধ র যশ ল ছ ল ।
how did this happen?,এট ক ভ ব ঘটল ?
how do you feel now?,এখন আপন র ক মন ল গছ ?
how do you feel now?,এখন ক মন ল গছ আপন র?
how does that sound?,স ট ক মন শ ন য ?
how much will it be?,এট র কত দ ম হব ?
how much will it be?,এট কতত হব ?
how old is that dog?,ওই ক ক রট র বয স কত?
how old is this zoo?,এই চ ড য খ ন ট র বয স কত?
how s your daughter?,আপন র ম য ক মন আছ ?
i am eating noodles ,আম ন ডলস খ চ ছ ।
i can come at three ,আম ত নট র সময আসত প রব ।
i can do this alone ,আম এট এক করত প র ।
i did no such thing ,আম এমন ক ছ কর ন ।
i didn t hit anyone ,আম ক উক ম র ন ।
i don t like coffee ,আমর কফ ভ ল ল গ ন ।
i hate this village ,আম এই গ র মট ক ঘ ণ কর ।
i have been to rome ,আম র ম গ ছ ল ম।
i haven t forgotten ,আম ভ ল য ইন ।
i know tom is tired ,আম জ ন টম ক ল ন ত।
i know you are rich ,আম জ ন য ত ম ধন ।
i like both of them ,আম ত দ র দ জনক ই পছন দ কর ।
i love celtic music ,আম ক ল ট ক সঙ গ ত ভ ল ব স ।
i make 100 a day ,আম দ ন আয কর ।
i need an ambulance ,আম র একট অ য ম ব ল ন স ল গব ।
i only speak french ,আম খ ল ফর স ভ ষ য কথ বল ।
i read those novels ,আম স ই উপন য সগ ল পড ছ ।
i see you are awake ,আম দ খছ ত ম জ গ আছ ।
i want to go abroad ,আম ব দ শ য ত চ ই।
i want your opinion ,আম আপন র মত মত চ ই।
i want your opinion ,আম ত ম র মত মত চ ই।
i watched the movie ,আম চলচ চ ত রট দ খ ছ ।
i will be back soon ,আম ত র ত র ই ফ র আসব ।
i will be back soon ,আম শ গ গ র ফ র আসব ।
i wish i could swim ,আম যদ স ত র ক টত প রত ম।
i ll be back at six ,আম ছয ট সময ফ র আসব ।
i ll be back at ten ,আম দশট সময ফ র আসব ।
i ll be back by six ,আম ছয ট সময র আগ ফ র আসব ।
i ll find you later ,আম ত ম ক পর খ জ ন ব।
i ll kick your butt!,আম ত র প ছ য ল থ ম রব !
i ll return at 6 30 ,আম এ ফ র আসব ।
i ll take this coat ,আম এই ক টট ন ব।
i ll tell tom later ,আম টমক পর বলব ।
i m counting on you ,আম আপন র উপর ন র ভর কর আছ ।
i m counting on you ,আম ত ম র উপর ন র ভর কর আছ ।
i m eating rice now ,আম এখন ভ ত খ চ ছ ।
i m going to school ,আম স ক ল য চ ছ ।
i m going to scream ,আম চ ক র করত য চ ছ ।
i m going to scream ,আম চ চ ত য চ ছ ।
i m in the hospital ,আম হ সপ ত ল আছ ।
i m not tom s slave ,আম টম র দ স নই।
i m not a bit tired ,আম একট ও ক ল ন ত নই।
i m not proud of it ,আম এত গর ব ত নই।
i m not your friend ,আম আপন র বন ধ নই।
i m not your friend ,আম আপন দ র বন ধ নই।
i m not your friend ,আম ত ম র বন ধ নই।
i m not your friend ,আম ত ম দ র বন ধ নই।
i m not your friend ,আম ত র বন ধ নই।
i m not your friend ,আম ত দ র বন ধ নই।
i m proud of my son ,আম আম র ছ ল র উপর গর ব ত।
i m really confused ,আম সত য ই দ শ হ র হয পর ছ ।
i m resting my legs ,আম আম র প ট জ র চ ছ ।
i m resting my legs ,আম আম র প ট ক ব শ র ম দ চ ছ ।
i m writing a novel ,আম একট উপন য স ল খছ ।
i ve lost my wallet ,আম আম র ম ন ব য গ হ র য ছ ।
is it far from here?,ওট ক এখ ন থ ক অন ক দ র ?
is it still raining?,এখন ব ষ ট পরছ ?
is my laundry ready?,আম র লন ড র র ক পরগ ল ক ত র আছ ?
is this real silver?,এট ক আসল র প ?
is this seat vacant?,এই স টট ক ফ ক আছ ?
it isn t reasonable ,এট য ক ত ক ন ।
it looks appetizing ,এট দ খ ম খর চক বল মন হচ ছ ।
it s very hot today ,আজ খ ব গরম।
just take your time ,আপন সময ন ন।
let s give it a try ,আমর একব র চ ষ ট কর ই দ খ !
let s watch a movie ,চল একট স ন ম দ খ ।
my back still hurts ,আম র প ঠ এখন ব য থ করছ ।
my mother is active ,আম র ম চটপট ।
my nose is bleeding ,আম র ন ক দ য রক ত ব র হচ ছ ।
no one but tom left ,টম ছ ড আর ক উ চল য য ন ।
no i m not in love ,ন আম প র ম পড ন ।
nobody but tom left ,টম ছ ড আর ক উ চল য য ন ।
oil floats on water ,ত ল জল ভ স ।
please show me that ,আম ক একট ওইট দ খ ব ন।
please speak slowly ,অন গ রহ কর ধ র কথ বল ন।
please speak slowly ,অন গ রহ কর আস ত কথ বল ন।
put on your sweater ,ত ম র স য ট র পর ন ও।
respect your elders ,ত ম র থ ক বড দ র শ রদ ধ কর ।
she agreed with him ,ত ন ত র স থ একমত।
she became a doctor ,স ড ক ত র হয ছ ।
she hasn t come yet ,স এখন আস ন ।
she hasn t come yet ,ও এখন আস ন ।
she hasn t come yet ,উন এখন আস নন ।
she hasn t come yet ,ত ন এখন আস নন ।
she s a good person ,উন ভ ল ম ন ষ।
she s a good person ,ও ভ ল ম ন ষ।
she s a good person ,ত ন ভ ল ম ন ষ।
thank you very much ,ত ম ক অন ক ধন যব দ।
that proves nothing ,এত ক ছ ই প রম ণ ত হয ন ।
that s not possible ,এট অসম ভব!
the bus door opened ,ব স র দরজ খ ল গ ল।
the police are here ,প ল শ এখ ন চল এস ছ ।
there s room inside ,ভ তর একট ঘর আছ ।
they were all happy ,ত র সব ই স খ ছ ল ।
they were all happy ,ওর সব ই স খ ছ ল ।
they were all happy ,ওন র সব ই স খ ছ ল ন।
they were all happy ,ত র সব ই খ শ ছ ল ।
they were all happy ,ওর সব ই খ শ ছ ল ।
they were all happy ,ওন র সব ই খ শ ছ ল ন।
this drives me nuts ,এট আম ক প গল কর দ চ ছ ।
this is my daughter ,এট আম র ম য ।
this is what i want ,আম এইট ই চ ই।
tom became a doctor ,টম ড ক ত র হয ছ ।
tom began screaming ,টম চ চ ন শ র করল ।
tom began screaming ,টম চ ক র শ র করল ।
tom began screaming ,টম চ ক র আরম ভ করল ।
tom began screaming ,টম চ চ ন আরম ভ করল ।
tom came right away ,টম সঙ গ সঙ গ ই চল এল ।
tom can read french ,টম ফর স পড ত প র ।
tom didn t struggle ,টম কষ ট কর ন ।
tom has been crying ,টম ক দছ ল ।
tom is 100 correct ,টম ঠ ক।
tom is 100 correct ,টম শতভ গ সঠ ক।
tom is in the house ,টম ব ড র ভ তর আছ ।
tom is like a virus ,টম ভ ইর স র মত ।
tom is still in bed ,টম এখন ব ছ ন য ।
tom isn t buying it ,টম এট ক নছ ন ।
tom must be stopped ,টমক থ ম ত ই হব ।
tom nodded his head ,টম ত র ম থ ন ড ল ।
tom rides a scooter ,টম স ক ট র চড ।
tom rushed upstairs ,টম দ ড উপর গ ল ।
tom screamed loudly ,টম জ র চ ক র করল ।
tom screamed loudly ,টম জ র চ চ ল ।
tom started yelling ,টম চ চ ন শ র করল ।
tom started yelling ,টম চ ক র শ র করল ।
tom started yelling ,টম চ ক র আরম ভ করল ।
tom started yelling ,টম চ চ ন আরম ভ করল ।
tom studied biology ,টম জ বব জ ঞ ন পড ছ ল।
tom studies biology ,টম জ বব জ ঞ ন পড ।
tom threatened mary ,টম ম র ক ভয দ খ ল ।
tom threatened mary ,টম ম র ক শ স ল ।
tom threatened mary ,টম ম র ক হ মক দ ল ।
tom took care of us ,টম আম দ র দ খ শ ন কর ছ ।
tom was lying to us ,টম আম দ র ম থ য বলছ ল।
we love our country ,আমর আম দ র দ শক ভ ল ব স ।
we must act at once ,আম দ র এখ ন ক জ ল গ পড ত হব ।
we obeyed the rules ,আমর ন য ম ম ন ছ ।
we saw the airplane ,আমর প ল নট ক দ খল ম।
we traveled on foot ,আমর প য হ ট ঘ র ছ ল ম।
we weren t fighting ,আমর য দ ধ করছ ল ম ন ।
we ll see you again ,ত ম র স থ আম দ র আব র দ খ হব ।
we re still working ,আমর এখনও ক জ করছ ।
well see you later ,আচ ছ আব র পর দ খ হব ।
were you born there?,আপন ক ওখ ন জন ম ছ ল ন?
were you born there?,ত ম ক ওখ ন জন ম ছ ল ?
what did you forget?,ত ম ক ভ ল গ ল ?
what did you forget?,আপন ক ভ ল গ ল ন?
what does that mean?,ওট র ম ন ক ?
what does that mean?,ওট র অর থ ক ?
what does this mean?,এট র ম ন ক ?
what does this mean?,এট র অর থ ক ?
what floor is it on?,স ট ক ন তল য ?
what have you found?,আপন ক প য ছ ন?
what have you found?,ত ম ক প য ছ ?
what street is this?,এট ক ন র স ত ?
what time is it now?,এখন কয ট ব জ ?
what s the time now?,এখন কয ট ব জ ?
what s today s date?,আজক র ত র খ কত?
where does tom live?,টম ক থ য থ ক ?
where is my luggage?,আম র ম লপত র ক থ য ?
where is the museum?,জ দ ঘরট ক থ য ?
where is your house?,আপন র ঘর ক থ য ?
where s the mistake?,ভ লট ক থ য ?
which car is theirs?,ত দ র গ ড ক নট ?
who is your teacher?,ত ম র শ ক ষক ক ?
who is your teacher?,ত ম দ র শ ক ষক ক ?
who wants to see me?,ক আম ক দ খত চ য ?
why are you yelling?,আপন চ ক র করছ ন ক ন?
why are you yelling?,ত ম চ ক র করছ ক ন?
why are you yelling?,ত ম চ চ চ ছ ক ন?
why are you yelling?,আপন র চ ক র করছ ন ক ন?
why are you yelling?,ত মর চ চ চ ছ ক ন?
why are you yelling?,ত মর চ ক র করছ ক ন?
you look very tired ,আপন ক দ খ খ ব ক ল ন ত ল গছ ।
you look very tired ,ত ম ক দ খ খ ব ক ল ন ত ল গছ ।
you look very tired ,আপন দ র দ খ খ ব ক ল ন ত ল গছ ।
you look very tired ,ত ম দ র দ খ খ ব ক ল ন ত ল গছ ।
you may go home now ,ত ম এব র ব ড য ত প র ।
you may go home now ,আপন এব র ব ড য ত প র ন।
you should exercise ,আপন র ব য য ম কর উচ ত।
you re contributing ,আপন অবদ ন র খছ ন।
your shoes are here ,আপন র জ ত গ ল এখ ন রয ছ ।
your shoes are here ,ত ম র জ ত গ ল এখ ন রয ছ ।
any child knows that ,ব চ চ র ও স ট জ ন ।
are your hands clean?,আপন র হ ত ক পর ষ ক র?
are your hands clean?,ত ম র হ ত ক পর ষ ক র?
berlin is in germany ,ব র ল ন জ র ম ন ত অবস থ ত।
boston is a big city ,বস টন একট বড শহর।
can i turn on the tv?,আম ক ট ভ চ ল ত প র ?
can you speak french?,ত ম ক ফর স ভ ষ বলত প র ?
can you speak french?,আপন ক ফর স ভ ষ বলত প র ন?
can you speak french?,ত মর ক ফর স ভ ষ বলত প র ?
can you speak french?,আপন র ক ফর স ভ ষ বলত প র ন?
can you speak french?,আপন ফর স বলত প র ন?
can you speak french?,ত ম ফর স বলত প র ?
could you help a bit?,আপন ক একট স হ য য করত প র ন?
did anybody get shot?,ক র ক গ ল গ ল ছ ?
did anybody help you?,ক উ ক ত ম য স হ য য কর ছ ল?
did you speak at all?,আপন ক আদ কথ বল ছ ন?
do black holes exist?,ক ষ ণগহ বর র অস ত ত ব আছ ক ?
do you like to study?,আপন ক পড শ ন করত পছন দ কর ন?
do you speak english?,আপন ই র জ বলত প র ন?
do you speak english?,ত ম ই র জ বলত প র?
do you speak english?,আপন র ই র জ বলত প র ন?
do you speak english?,ত ম র ই র জ বলত প র?
do you study english?,আপন ই র জ পড ন?
do you understand me?,আপন ক আম র কথ ব ঝত প রছ ন?
do you understand me?,ত ম ক আম র কথ ব ঝত প রছ?
do you understand me?,আপন র ক আম র কথ ব ঝত প রছ ন?
do you understand me?,ত মর ক আম র কথ ব ঝত প রছ?
do you want to sleep?,ত ম ক ঘ ম ত চ ও?
does tom play tennis?,টম ক ট ন স খ ল ?
don t leave me alone ,আম ক একল ছ ড য ও ন ।
don t leave me alone ,আম ক একল ফ ল র খ য ও ন ।
don t leave me alone ,আম ক একল ছ ড য ব ন ন ।
don t leave me alone ,আম ক একল ফ ল র খ য ব ন ন ।
don t worry about me ,আম র ব যপ র চ ন ত করব ন ন ।
don t worry about me ,আম র ব যপ র চ ন ত ক র ন ।
don t worry about me ,আম র ন য চ ন ত করব ন ন ।
don t worry about me ,আম র ন য চ ন ত ক র ন ।
everyone ignored tom ,সব ই টমক অগ র হ য করল ।
everyone ran outside ,সব ই ব ইর দ ড গ ল ন।
everyone uses google ,সব ই গ গল ব যবহ র কর ।
have you finished it?,ত ম র ওট কর হয গ ছ ?
have you finished it?,ত ম দ র ওট কর হয গ ছ ?
have you finished it?,আপন র ওট কর হয গ ছ ?
have you finished it?,আপন দ র ওট কর হয গ ছ ?
he has two daughters ,ত র দ ট ম য আছ ।
he has two daughters ,ওন র দ ট ম য আছ ।
he s in the hospital ,উন হ সপ ত ল আছ ন।
he s younger than me ,ও আম র থ ক ছ ট।
he s younger than me ,স আম র থ ক ছ ট।
he s younger than me ,এ আম র থ ক ছ ট।
how are tom and mary?,টম এব ম র ক মন আছ ?
how is your daughter?,আপন র ম য ক মন আছ ?
how much did you eat?,আপন কতট খ য ছ ন?
how much did you eat?,ত ম কতট খ য ছ ?
how old is this tree?,এই গ ছট বয স কত?
i always feel sleepy ,আম র স র ক ষণ ঘ ম ল গ ।
i am counting on you ,আম আপন র উপর ন র ভর কর আছ ।
i am counting on you ,আম ত ম র উপর ন র ভর কর আছ ।
i bought a newspaper ,আম একট খবর র ক গজ ক নল ম।
i checked everywhere ,আম সব জ য গ য দ খ ছ ।
i did that last year ,আম ওট গত বছর কর ছ ল ম।
i didn t hit anybody ,আম ক উক ম র ন ।
i didn t hit anybody ,আম ক উক ধ ক ক ম র ন ।
i don t know exactly ,আম সঠ কভ ব জ ন ন ।
i don t like to cook ,আম র ন ন করত পছন দ কর ন ।
i don t use facebook ,আম ফ সব ক ব যবহ র কর ন ।
i don t want to cook ,আম র ন ন করত চ ই ন ।
i got a b in physics ,আম পদ র থব জ ঞ ন ব প য ছ ।
i have a new red car ,আম র একট নত ন ল ল গ ড আছ ।
i have caught a cold ,আম র ঠ ন ড ল গ গ ছ ।
i have good eyesight ,আম র দ ষ ট শক ত ভ ল ই।
i have three options ,আম র ক ছ ত নট ব কল প আছ ।
i have two daughters ,আম র দ ট ম য আছ ।
i invited my friends ,আম আম র বন ধ দ র আমন ত রণ জ ন য ছ ।
i just can t take it ,আম আর এট ন ত প রছ ন ।
i left the door open ,আম দরজ ট খ ল র খ ছ ল ম।
i like teaching kids ,আম ব চ চ দ র পড ত পছন দ কর ।
i like to eat apples ,আম আপ ল খ ত পছন দ কর ।
i love your daughter ,আম আপন র ম য ক ভ ল ব স ।
i need to send a fax ,আম র একট ফ য ক স প ঠ ন র দরক র আছ ।
i owe you an apology ,আম ত ম র ক ছ ক ষম চ চ ছ ।
i resemble my mother ,আম আম র ম য র মত দ খত ।
i saw tom last night ,আম ক ল র ত টমক দ খ ছ ল ম।
i sold tom a t shirt ,আম টম র ক ছ একট ট শ র ট ব ক র কর ছ ।
i think you re right ,আম র মন হয আপন ঠ ক।
i think you re right ,আম র মন হয ত ম ঠ ক।
i want an mp3 player!,আম র একট mp3 প ল য র চ ই!
i was a teacher too ,আম ও শ ক ষক ছ ল ম।
i was late to school ,আম র স ক ল য ত দ র হয গ ছ ল।
i was playing tennis ,আম ট ন স খ লছ ল ম।
i went to the bakery ,আম ব ক র ত গ ল ম।
i work at an embassy ,আম একট দ ত ব স ক জ কর ।
i ll be back at 2 30 ,আম স ড দ ইট সময ফ র আসব ।
i ll be back by 2 30 ,আম স ড দ ইট সময র আগ ফ র আসব ।
i m already standing ,আম ইত মধ য দ ড য আছ ।
i m going to be late ,আম র দ র হব ।
i m going to bed now ,আম এখন ঘ ম ত য চ ছ ।
i m not at all tired ,আম একদমই ক ল ন ত নই।
i m not denying that ,আম ওট অস ব ক র করছ ন ।
i m not feeling well ,আম র শর র ভ ল ল গছ ন ।
i m not tired at all ,আম একদমই ক ল ন ত নই।
i m not very patient ,আম খ ব একট ধ র যশ ল নই।
i m not your teacher ,আম ত ম র শ ক ষক নই।
is tom drinking beer?,টম ক ব য র প ন করছ ?
is there an elevator?,ক ন ল ফট আছ ?
it is very hot today ,আজ খ ব গরম।
it ll take some time ,একট সময ল গব ।
it s very hot inside ,ভ তর খ ব গরম।
lincoln died in 1865 ,ল ঙ কন এ ম র গ ছ ল ন।
may i ask a question?,আম ক একট প রশ ন করত প র ?
may i turn on the tv?,আম ক ট ভ চ ল ত প র ?
my father grows rice ,আম র ব ব ধ ন চ ষ কর ।
my father is at home ,আম র ব ব ব ড ত ।
my mother can t come ,আম র ম আসত প রব ন ।
my mother cooks well ,আম র ম ভ ল র ন ন করত প র ।
my motorcycle is new ,আম র ম টরস ইক লট নত ন।
no one has been here ,এখ ন ক উ আস ন ।
nobody will help you ,ক উ আপন ক স হ য য করব ন ।
nothing here is mine ,এখ নক র ক ছ ই আম র নয ।
now listen carefully ,এব র মন দ য শ ন ।
one of them is a spy ,ত দ র মধ য একজন গ প তচর।
one of them is a spy ,ওন দ র মধ য একজন গ প তচর।
please eat something ,অন গ রহ কর ক ছ খ ন।
please eat something ,অন গ রহ কর ক ছ একট খ ন।
please eat something ,দয কর ক ছ খ ন।
rabbits like carrots ,খরগ শ গ জর পছন দ কর ।
school starts monday ,ব দ য লয স মব র শ র হব ।
she can speak french ,উন ফর স ত কথ বলত প র ন।
she can speak french ,ত ন ফর স ত কথ বলত প র ন।
she can speak french ,স ফর স ত কথ বলত প র ।
she can speak french ,ও ফর স ত কথ বলত প র ।
she quit the company ,স ক ম প ন ছ ড দ য ছ ।
that plan won t work ,পর কল পন ট ক জ কর ন ।
the clock is ticking ,সময চল য চ ছ ।
the fan doesn t work ,প খ ট ক জ করছ ন ।
the glass got broken ,গ ল সট ভ ঙ গ য ছ ।
the police were here ,প ল শ এখ ন ছ ল ।
the rules are simple ,ন য মগ ল সহজ।
the rumor isn t true ,গ জবট সত য নয ।
the students laughed ,ছত রছ ত র র হ সল ।
there s no more salt ,আর ন ন ন ই।
there s no more time ,আর সময ন ই।
this handbag is mine ,এই হ ত ব য গট আম র।
this is tom s sister ,এই হচ ছ টম র ব ন।
this is tom s sister ,এই হচ ছ টম র দ দ ।
this is homemade jam ,এট ব ড ত ত র কর জ ল ।
this will cost 30 ,এট র দ ম পড ব ।
tom and i were alone ,আম আর টম একল ছ ল ম।
tom caught the thief ,টম চ রট ক ধর ফ লল ।
tom changed his name ,টম ত র ন ম পল ট ল ।
tom dances very well ,টম ব শ ভ ল ন চ ।
tom did that himself ,টম ওট ন জ ই করল ।
tom didn t let us go ,টম আম দ র য ত দ য ন ।
tom has been injured ,টম আহত হয ছ ।
tom has been wounded ,টম আহত হয ছ ।
tom has been wounded ,টম ঘ য ল হয ছ ।
tom initially agreed ,টম প রথম র জ হয ।
tom is going to sing ,টম গ ন গ ইত চল ছ ।
tom is in heaven now ,টম এখন স বর গ ।
tom is in his office ,টম ওর অফ স রয ছ ।
tom is now in prison ,টম এখন গ রদ ।
tom never comes here ,টম কখন এখ ন আস ন ।
tom resumed speaking ,টম কথ বলত শ র করল 
tom started coughing ,টম ক শত শ র করল ।
tom stopped speaking ,টম কথ বল থ ম ল ।
we all work together ,আমর সব ই একস থ ক জ কর ।
we can still do that ,আমর এখনও স ট করত প র ।
we love our children ,আমর আম দ র সন ত নদ র ভ ল ব স ।
we ll find the truth ,আমর সত যট খ জ ব র করব।
we re both named tom ,আম দ র দ জন র ন মই টম।
what am i doing here?,আম এখ ন ক করছ ?
what is today s date?,আজক র ত র খ কত?
when will you return?,আপন কখন ফ র আসব ন?
where are the photos?,ছব গ ল ক থ য ?
where are the police?,প ল শ ক থ য ?
where were you going?,ক থ য য চ ছ ল ?
where s the bathroom?,ব থর ম ক থ য ?
where s the bathroom?,গ সলখ ন ক থ য ?
where s the hospital?,হ সপ ত লট ক থ য ?
where s the restroom?,ব থর ম ক থ য ?
which floor is it on?,স ট ক ন তল য ?
who wants to eat now?,ক এখন খ ত চ য ?
who would believe me?,ত ম ক ক ব শ ব স করব ?
who would believe me?,আপন ক ক ব শ ব স করব ন?
who wrote the letter?,চ ঠ ট ক ল খ ছ ল?
why are you shouting?,আপন চ ক র করছ ন ক ন?
why are you shouting?,ত ম চ ক র করছ ক ন?
why are you shouting?,ত ম চ চ চ ছ ক ন?
why are you shouting?,আপন র চ ক র করছ ন ক ন?
why are you shouting?,ত মর চ চ চ ছ ক ন?
why are you shouting?,ত মর চ ক র করছ ক ন?
why are you so early?,এত ত ড ত ড ক ন?
why do you need that?,ওট আপন র ক ন দরক র?
why don t we go home?,ত হল ব ড য ওয য ক?
will the police come?,প ল শ ক আসব ?
you don t understand ,আপন ব ঝ ন ন ।
you don t understand ,ত ম ব ঝ ন ।
you don t understand ,ত মর ব ঝ ন ।
you don t understand ,আপন র ব ঝ ন ন ।
you promised to help ,ত ম স হ য য কর র শপথ কর ছ ল ।
you should apologize ,আপন র ক ষম চ ওয উচ ।
you re not my friend ,ত ম আম র বন ধ নও।
you re not my friend ,ত ই আম র বন ধ ন ।
you re very arrogant ,ত ম খ ব অহ ক র ।
you ve been deceived ,আপন ক ব ক ব ন ন হয ছ ।
your answer is right ,ত ম র উত তর সঠ ক।
your answer is right ,আপন র উত তর সঠ ক।
your answer is wrong ,ত ম র উত তর ভ ল।
your answer is wrong ,আপন র উত তর ভ ল।
accidents will happen ,দ র ঘটন ঘটব ই।
all three were killed ,ত নজন ই ন হত হয ছ ন।
any child can do that ,য ক ন শ শ ই ওট করত প র ।
any child can do that ,য ক ন ব চ চ ই ওট করত প র ।
are you a taxi driver?,আপন ক ট য ক স চ লক?
are you drinking milk?,দ ধ খ চ ছ ন?
are you drinking milk?,আপন ক দ ধ খ চ ছ ন?
are you drinking milk?,ত ই ক দ ধ খ চ ছ স?
are you on medication?,আপন ক ক ন ওষ ধ খ চ ছ ন?
believe in yourselves ,ন জ দ র উপর আস থ র খ ।
beware of pickpockets ,পক টম র থ ক স বধ ন।
can you get a day off?,ত ম ক একদ ন র ছ ট ন ত প রব ?
can you get a day off?,আপন ক একদ ন র ছ ট ন ত প রব ন?
can you swim like tom?,আপন ক টম র মত স ত র ক টত প র ন?
can you wait a minute?,ত ম ক এক ম ন ট র জন য অপ ক ষ করত প রব ?
can you wait a minute?,আপন ক এক ম ন ট র জন য অপ ক ষ করত প রব ন?
coffee keeps me awake ,কফ আম ক জ গ য র খ ।
do turtles have teeth?,কচ ছপ র ক দ ত আছ ?
do you have a bicycle?,ত ম র ক স ইক ল আছ ?
do you have a bicycle?,আপন র ক স ইক ল আছ ?
do you have a vacancy?,আপন দ র ক ঘর খ ল আছ ?
do you need a deposit?,ক ন ট ক জম র খত হব ক ?
do you understand now?,আপন ক এখন ব ঝত প রছ ন?
do you understand now?,ত ম ক এখন ব ঝত প রছ ?
does tom need my help?,টম র ক আম র স হ য য দরক র?
don t delude yourself ,ন জ ক ব ভ র ন ত ক র ন ।
don t delude yourself ,ন জ ক ব ভ র ন ত করব ন ন ।
don t you forget that ,ওট একদম ভ লব ন ।
don t you forget that ,ওট একদম ভ লব ন ন ।
don t you have a bike?,ত ম র ক ব ইক ন ই?
don t you have a bike?,আপন র ক ব ইক ন ই?
eat anything you like ,ত ম দ র য ক ছ পছন দ হয ত ই খ ও।
eat anything you like ,ত ম র য ক ছ পছন দ হয ত ই খ ও।
eat anything you like ,আপন দ র য ক ছ পছন দ হয ত ই খ ন।
eat anything you like ,আপন র য ক ছ পছন দ হয ত ই খ ন।
eat whatever you like ,আপন র য পছন দ হয ত ই খ ন।
eat whatever you like ,আপন দ র য পছন দ হয ত ই খ ন।
eat whatever you like ,ত ম র য পছন দ হয ত ই খ ও।
eat whatever you like ,ত ম দ র য পছন দ হয ত ই খ ও।
eat whatever you want ,আপন র য চ ই ত ই খ ন।
eat whatever you want ,আপন দ র য চ ই ত ই খ ন।
eat whatever you want ,ত ম র য চ ই ত ই খ ও।
eat whatever you want ,ত ম দ র য চ ই ত ই খ ও।
everybody ran outside ,সব ই ব ইর দ ড গ ল ন।
everyone else laughed ,ব ক সব ই হ সল ।
everyone knows it now ,সব ই এখন এট জ ন ।
everyone knows it now ,সকল ই এখন এট জ ন ।
forty people attended ,চল ল শ জন উপস থ ত ছ ল ন।
he acted as our guide ,উন আম দ র পথপ রদর শক হ স ব ক জ করল ন।
he can speak japanese ,ইন জ প ন বলত প র ন।
he can speak japanese ,উন জ প ন বলত প র ন।
he can speak japanese ,ত ন জ প ন বলত প র ন।
he can speak japanese ,স জ প ন বলত প র ।
he hasn t arrived yet ,উন এখন এস প ছ নন ।
he hasn t arrived yet ,ত ন এখন এস প ছ নন ।
he hasn t arrived yet ,স এখন এস প ছ য ন ।
he hasn t arrived yet ,ও এখন এস প ছ য ন ।
he likes italian food ,স ইট ল য ন খ ব র পছন দ কর ।
he looks like a horse ,স দ খত ঘ ড র মত ।
he was 19 at the time ,তখন ত র বয স ছ ল ।
he went back to japan ,ত ন জ প ন ফ রত গ য ছ ন।
he s eating lunch now ,উন এখন ল ঞ চ করছ ন।
he s eating lunch now ,ত ন এখন ল ঞ চ করছ ন।
he s eating lunch now ,স এখন ল ঞ চ করছ ।
he s eating lunch now ,ও এখন ল ঞ চ করছ ।
honey comes from bees ,ম ম ছ থ ক মধ আস ।
how high can you jump?,ত ম কত উ চ ত ল ফ ত প র ?
how long did you stay?,আপন কতক ষণ ছ ল ন?
how long did you stay?,ত ম কতক ষণ ছ ল ?
how long did you stay?,ত ই কতক ষণ ছ ল স?
how much do i owe you?,আপন আম র ক ছ থ ক কত প ব ন?
how much does it cost?,এর দ ম কত?
how much does it cost?,এট র দ ম কত?
i am 30 years old now ,আম র এখন ত র শ বছর বয স।
i am here on business ,আম এখ ন ব যবস র জন য এস ছ ।
i bought it last week ,আম গত সপ ত হ এট ক ন ছ ল ম।
i can t stop coughing ,আম ক শ থ ম ত ই প রছ ন ।
i decided to call tom ,আম টমক ফ ন কর র স দ ধ ন ত ন ল ম।
i didn t eat anything ,আম ক ছ খ ইন ।
i don t get it either ,আম ও ওট ব ঝ ন ।
i don t study physics ,আম পদ র থব দ য পড ন ।
i found the book easy ,আমর বইট সহজ বল মন হয ছ ল।
i have a lot of money ,আম র অন ক ট ক আছ ।
i have a slight fever ,আম র অল প জ বর হয ছ ।
i have class tomorrow ,আম র ক ল ক ল স আছ ।
i have to go to sleep ,আম ক ঘ ম ত য ত হব ।
i have to take a bath ,আম ক গ সল করত হব ।
i heard you screaming ,আম ত ম ক চ ক র করত শ নল ম।
i heard you screaming ,আম আপন ক চ ক র করত শ নল ম।
i heard you screaming ,আম ত ম ক চ চ ত শ নল ম।
i know what tom meant ,টম ক ব ঝ য ছ আম জ ন ।
i live on park street ,আম প র ক স ট র ট থ ক ।
i never liked biology ,আম র জ বনব জ ঞ ন কখনই ভ ল ল গ ন ।
i promise i won t cry ,কথ দ চ ছ আম ক দব ন ।
i respect the elderly ,আম বড দ র শ রদ ধ কর ।
i signed the contract ,আম চ ক ত ট সই করল ম।
i used to play tennis ,আম ট ন স খ লত ম।
i usually eat outside ,আম স ধ রণত ব ইর খ ই।
i want to sing a song ,আম গ ন গ ত চ ই।
i want to visit korea ,আম ক র য য ত চ ই।
i was born in october ,আম অক ট বর জন ম ছ ।
i was in the hospital ,আম হ সপ ত ল ছ ল ম।
i will make her happy ,আম ত ক খ শ করব ।
i will return at 6 30 ,আম এ ফ র আসব ।
i wish i hadn t cried ,আম যদ ন ক দত ম।
i won t be there long ,আম স খ ন ব শ ক ষণ থ কব ন ।
i ll see you tomorrow ,আগ ম ক ল দ খ হব ।
i m a biology student ,আম জ বব জ ঞ ন র শ ক ষ র থ ।
i m from tokyo japan ,আম জ প ন র ট ক ও থ ক এস ছ ।
i m not proud of that ,আম ওত গর ব ত নই।
i m not proud of that ,আম ত ত গর ব ত নই।
i m not proud of this ,আম এট য গর ব ত নই।
i m not young anymore ,আম আর তর ণ ন ই।
i m reading your book ,আম ত ম র বইট পড ছ ।
i m reading your book ,আম আপন র বইট পড ছ ।
i m still your friend ,আম এখন আপন র বন ধ আছ ।
i m still your friend ,আম এখন ত র বন ধ আছ ।
i m still your friend ,আম এখন ত ম র বন ধ আছ ।
i m still your friend ,আম এখন আপন দ র বন ধ আছ ।
i m still your friend ,আম এখন ত ম দ র বন ধ আছ ।
i m still your friend ,আম এখন ত দ র বন ধ আছ ।
i ve finished my work ,আম আম র ক জ শ ষ কর ছ ।
i ve got tuberculosis ,আম র যক ষ ম হয ছ ।
i ve lost my passport ,আম আম র প সপ র ট হ র য ফ ল ছ ।
is mary your daughter?,ম র ক আপন র ম য ?
is your headache gone?,ত ম র ম থ ব য থ চল গ ছ ?
is your job dangerous?,আপন র ক জ ক ব পজ জনক?
is your watch correct?,আপন র ঘড ঠ ক আছ ?
is your watch correct?,ত ম র ঘড ঠ ক আছ ?
it is true in a sense ,এক অর থ এট সত য।
it was cold yesterday ,গতক ল ঠ ণ ড ছ ল।
it wasn t an accident ,এট ক ন দ র ঘটন ছ ল ন ।
it s a quarter to two ,প ন দ ট ব জ ।
it s driving me crazy ,এট আম ক প গল কর দ চ ছ ।
it s probably a virus ,এট সম ভবত ভ ইর স।
it s what i m used to ,আম এত ই অভ যস ত।
just try to keep calm ,একট শ ন ত থ ক র চ ষ ট কর ।
just try to keep calm ,একট শ ন ত থ ক র চ ষ ট কর ন।
just try to keep calm ,একট শ ন ত থ ক র চ ষ ট কর।
keep tom away from me ,টমক আম র থ ক দ র র খ ন।
keep tom away from me ,টমক আম র থ ক দ র র খ ।
like father like son ,য মন ব প ত মন ছ ল ।
make yourself at home ,এট ন জ র ঘর মন কর ।
make yourself at home ,এট ন জ র ঘর মন কর ন।
may i open the window?,আম ক জ নল ট খ লত প র ?
my baggage is missing ,আম র ম লপত র প ওয য চ ছ ন ।
my father is a doctor ,আম র ব ব একজন ড ক ত র।
my father loves pizza ,আম র ব ব প জ জ ভ লব স ।
my father loves pizza ,আম র ব ব র প জ জ ভ ল ল গ ।
my mother loves music ,আম র ম সঙ গ ত ভ লব স ।
my mother loves music ,আম র ম য র সঙ গ ত ভ ল ল গ ।
nice to see you again ,আপন ক আব র দ খ ভ ল ল গল ।
nice to see you again ,ত ম ক আব র দ খ ভ ল ল গল ।
nice to see you again ,ত ম দ রক আব র দ খ ভ ল ল গল ।
nice to see you again ,আপন দ রক আব র দ খ ভ ল ল গল ।
nobody here does that ,এখ ন ক উই ওরকম কর ন ।
nobody understands me ,আম ক ক উ ব ঝ ন ।
nothing really worked ,ক ছ ই ক জ কর ।
please close the door ,দরজ বন ধ কর ন।
please heat the water ,দয কর জল গরম কর ন।
please wake me at six ,আম ক ছট র সময জ গ য দ ব ন।
she s my older sister ,ও আম র দ দ ।
she s younger than me ,ও আম র থ ক ছ ট।
she s younger than me ,স আম র থ ক ছ ট।
she s younger than me ,এ আম র থ ক ছ ট।
sit wherever you like ,ত ম র য খ ন ইচ ছ হয বস ।
sit wherever you like ,আপন র য খ ন ইচ ছ হয বস ন।
tell tom i ll be back ,টমক বল ন য আম ফ র আসব ।
tell me what happened ,আম ক বল ন ক ঘট ছ ল ।
tell me what happened ,আম ক বল ক ঘট ছ ল ।
tell me what you want ,আম ক বল ক চ ও।
tell me what you want ,আম ক বল ক চ স।
tell me what you want ,আম ক বল ন ক চ ন।
that book is very old ,ওই বইট খ ব প র ন ।
that man is a soldier ,ল কট একজন স ন ক।
that s rather amusing ,এট ব শ মজ র ব যপ র।
the baby is screaming ,ব চ চ ট চ ক র করছ ।
the baby is screaming ,ব চ চ ট চ চ চ ছ ।
the cake is delicious ,ক কট স স ব দ ।
the experiment failed ,গব ষণ ট অসফল হল ।
the police are coming ,প ল শ আসছ ।
the war ended in 1954 ,য দ ধট স ল শ ষ হয ছ ল।
there are no problems ,ক ন অস ব ধ ন ই।
there s a yellow rose ,একট হল দ গ ল প আছ ।
this is not important ,এট গ র ত বপ র ণ ন ।
to me it s important ,আম র ক ছ এট গ র ত বপ র ণ।
tom also plays guitar ,টমও গ ট র ব জ য ।
tom and i are married ,টম এব আম ব ব হ ত।
tom called the police ,টম প ল শ ড ক ছ ল ।
tom can t play tennis ,টম ট ন স খ লত প র ন ।
tom continued yelling ,টম চ ক র করত ই থ কল ।
tom continued yelling ,টম চ চ ত ই থ কল ।
tom coughed all night ,টম স র র ত র ক শছ ল ।
tom died last october ,টম গত অক ট বর ম র গ ছ ।
tom doesn t like cops ,টম প ল শদ র পছন দ কর ন ।
tom eats very quickly ,টম খ ব ত র ত র খ য ।
tom grew up in boston ,টম বস টন বড হয ছ ।
tom is as big as i am ,টম আম র মতই বড ।
tom is very religious ,টম খ ব ধ র ম ক।
tom sat on the stairs ,টম স ড ত বসল ।
tom started screaming ,টম চ চ ন শ র করল ।
tom started screaming ,টম চ ক র শ র করল ।
tom started screaming ,টম চ ক র আরম ভ করল ।
tom started screaming ,টম চ চ ন আরম ভ করল ।
tom started the fight ,টম লড ইট শ র কর ছ ।
tom started to scream ,টম চ ক র করত শ র করল ।
tom started to scream ,টম চ চ ত শ র করল ।
tom started to scream ,টম চ চ ত আরম ভ করল ।
tom started to scream ,টম চ ক র করত আরম ভ করল ।
tom stopped screaming ,টম চ ক র কর বন ধ করল ।
tom stopped screaming ,টম চ চ ন বন ধ করল ।
tom taught me to read ,টম আম ক পড ত শ খ য ছ ।
tom teaches me french ,টম আম ক ফর স শ খ য ।
tom teaches me french ,টম আম ক ফর স পড য ।
tom tried to hit mary ,টম ম র ক ম র র চ ষ ট করল ।
tom wasn t in the car ,টম গ ড ত ছ ল ন ।
tom will be here soon ,টম এখ ন খ ব শ ঘ রই আসছ ।
tom s dog bit my hand ,টম র ক ক র আম র হ ত ক মড দ য ছ ।
we have to be careful ,আম দ রক স বধ ন হত হব ।
we have two daughters ,আম দ র দ ট ম য আছ ।
we often eat together ,আমর প র য শই একস থ খ ই।
we re really busy now ,আমর এখন সত য ই ব যস ত।
we re still in danger ,আমর এখনও ব পদ আছ ।
we ve just had dinner ,আমর সব র ত র খ ব র খ য ছ ।
what are you here for?,আপন এখ ন ক জন য এস ছ ন?
what are you here for?,ত ম এখ ন ক জন য এস ছ ?
what does your son do?,আপন র ছ ল ক কর ?
what does your son do?,ত ম র ছ ল ক কর ?
what grade are you in?,ত ম ক ন শ র ণ ত পড ?
what have you brought?,আপন ক এন ছ ন?
what have you brought?,ত ম ক এন ছ ?
what is the next stop?,এর পর র স টপ ক নট ?
what time is it there?,ওখ ন এখন কট ব জ ?
what s my room number?,আম র র ম নম বর কত?
what s your full name?,আপন র প র ন ম ক ?
what s your full name?,ত ম র প র ন ম ক ?
what s your full name?,ত র প র ন ম ক ?
where are your things?,আপন র জ ন সপত র ক থ য ?
where are your things?,ত ম র জ ন সপত র ক থ য ?
where are your things?,আপন দ র জ ন সপত র ক থ য ?
where are your things?,ত ম দ র জ ন সপত র ক থ য ?
where can i buy books?,আম বই ক থ থ ক ক নত প রব?
where is the bathroom?,ব থর ম ক থ য ?
where is the bathroom?,গ সলখ ন ক থ য ?
where is the elevator?,ল ফটট ক থ য ?
where were the police?,প ল শ ক থ য ছ ল?
where s the money now?,ট ক গ ল এখন ক থ য আছ ?
where s the newspaper?,খবর র ক গজট ক থ য ?
where s your daughter?,আপন র ম য ক থ য ?
who broke this window?,এই জ ন ল ক ভ ঙ ছ ?
who helps your mother?,আপন র ম ক স হ য য কর ক ?
who wants to go first?,ক প রথম য ত চ য ?
why should i help you?,আম ক ন ত ম ক স হ য য করব?
why wait until monday?,স মব র অবধ অপ ক ষ কর র ক আছ ?
will it rain tomorrow?,আগ ম ক ল ক ব ষ ট হব ?
will you come tonight?,ত ম ক আজ র ত আসব ?
winning is never easy ,জ ত ট কখন ই সহজ নয ।
you deserve the prize ,এই প রষ ক রট আপন র প র প য।
you deserve the prize ,আপন এই প রষ ক রট র য গ য।
you didn t understand ,আপন ব ঝত প র ন ন ।
you didn t understand ,ত ম ব ঝত প র ন ।
you didn t understand ,আপন র ব ঝত প র ন ন ।
you didn t understand ,ত মর ব ঝত প র ন ।
you ll never be alone ,ত ম কখন এক থ কব ন ।
you ll never be alone ,আপন কখন এক থ কব ন ন ।
you ll never be alone ,ত ই কখন এক থ কব ন ।
all people breathe air ,সমস ত ম ন ষ ব ত স শ ব স ন য ।
all these methods work ,এই সব পদ ধত ই ক জ কর ।
an old lady sang to me ,একজন ব দ ধ আম ক গ ন গ য শ ন ল ন।
buy some potatoes too ,ক ছ আল ও ক ন ন।
can you play the piano?,ত ম প য ন ব জ ত প র?
can you play the piano?,আপন প য ন ব জ ত প র ন?
could i have the check?,আম ক একট চ কট প ত প র ?
did you see him go out?,আপন ক ওন ক ব ড য য ত দ খ ছ ন?
did you see him go out?,ত ম ক ওন ক ব ড য য ত দ খ ছ ?
do you have any others?,আপন র ক ছ ক আর ক ছ আছ ?
do you have any others?,আপন দ র ক ছ ক আর ক ছ আছ ?
do you like folk music?,আপন ক ল ক সঙ গ ত পছন দ কর ন?
do you like old movies?,আপন ক প র ন স ন ম পছন দ কর ন?
does he live near here?,উন ক ক ছ ক ছ ক থ ও থ ক ন?
does he live near here?,স ক ক ছ ক ছ ক থ ও থ ক ?
don t move these books ,এই বইগ ল সর ব ন ন ।
don t move these books ,এই বইগ ল সর ও ন ।
don t underestimate me ,আম ক ক ন অ শ কম মন ক র ন ।
don t underestimate me ,আম ক ক ন অ শ কম মন করব ন ন ।
don t underestimate us ,আম দ রক ক ন অ শ কম মন ক র ন ।
don t underestimate us ,আম দ রক ক ন অ শ কম মন করব ন ন ।
every person is unique ,প রত ট ম ন ষ অনন য।
everybody is very busy ,সব ই খ ব ব যস ত।
everyone was satisfied ,সব ই সন ত ষ ট ছ ল ।
everyone was screaming ,সব ই চ চ চ ছ ল ন।
everyone was screaming ,সব ই চ ক র করছ ল ন।
everyone was screaming ,সব ই চ ক র করছ ল ।
everyone was screaming ,সব ই চ চ চ ছ ল ।
everyone went to sleep ,সব ই ঘ ম ত চল গ ল ।
french isn t difficult ,ফর স কঠ ন নয ।
give me some milk too ,আম ক একট দ ধও দ ব ন।
good morning everyone ,সব ইক স প রভ ত।
he exploded with anger ,ক ষ ভ ফ ট পড ন ত ন ।
he exploded with anger ,ত ন র গ ফ ট পড ল ন।
he has three daughters ,ওন র ত নট ম য আছ ।
he has three daughters ,ত র ত নট ম য আছ ।
he is from our village ,স আম দ র গ র ম র।
he is having lunch now ,উন এখন ল ঞ চ করছ ন।
he is having lunch now ,ত ন এখন ল ঞ চ করছ ন।
he is having lunch now ,স এখন ল ঞ চ করছ ।
he is having lunch now ,ও এখন ল ঞ চ করছ ।
he knows where we live ,উন জ ন ন আমর ক থ য থ ক ।
he knows where we live ,ত ন জ ন ন আমর ক থ য থ ক ।
he knows where we live ,ও জ ন আমর ক থ য থ ক ।
he knows where we live ,স জ ন আমর ক থ য থ ক ।
he left japan for good ,স ভ ল র জন যই জ প ন ত য গ কর ছ ।
he understands physics ,ত ন পদ র থব দ য ব ঝ ন।
he was giving a speech ,উন বক ত ত দ চ ছ ল ন।
he was giving a speech ,ও বক ত ত দ চ ছ ল ।
he was giving a speech ,স বক ত ত দ চ ছ ল ।
he was giving a speech ,ত ন বক ত ত দ চ ছ ল ন।
he was in good spirits ,ত ন ভ ল ম জ জ ছ ল ন।
he went to the dentist ,উন দ ত র ড ক ত র র ক ছ গ য ছ ল ন।
he went to the dentist ,ত ন দ ত র ড ক ত র র ক ছ গ য ছ ল ন।
he went to the dentist ,স দ ত র ড ক ত র র ক ছ গ য ছ ল।
he s a singing teacher ,ত ন গ ন র শ ক ষক।
here s my phone number ,এই হল আম র ফ ন ন ম ব র।
how much is this clock?,এই ঘড ট র দ ম কত?
how much is this watch?,এই ঘড ট র দ ম কত?
how old is that church?,ওই চ র চট র বয স কত?
how old is that church?,স ই চ র চট র বয স কত?
how old is this church?,এই চ র চট র বয স কত?
how old is your father?,আপন র ব ব র বয স কত?
how old is your father?,ত ম র ব ব র বয স কত?
i am eating a cucumber ,আম একট শশ খ চ ছ ।
i bought a new sweater ,আম একট নত ন স য ট র ক নল ম।
i bought a new sweater ,আম নত ন একট স য ট র ক ন ছ ।
i couldn t stop myself ,আম ন জ ক থ মত প রল ম ন ।
i decided not to drink ,আম প ন ন কর র স দ ধ ন ত ন য ছ ।
i don t agree with him ,আম ওর স থ একমত নই।
i don t agree with him ,আম ওন র স থ একমত নই।
i don t agree with him ,আম ত র স থ একমত নই।
i don t agree with him ,আম ত র স থ একমত নই।
i don t like tom s dog ,আম র টম র ক ক রক ভ ল ল গ ন ।
i don t like the taste ,স ব দট আম র পছন দ নয ।
i don t like this song ,আম এই গ ন পছন দ কর ন ।
i don t like this song ,এই গ ন আম র ভ ল ল গ ন ।
i don t speak japanese ,আম জ প ন ভ ষ য কথ বল ন ।
i don t understand you ,আম আপন র কথ ব ঝত প রছ ন ।
i don t understand you ,আম ত ম র কথ ব ঝত প রছ ন ।
i don t want you to go ,আম চ ই ন য আপন য ন।
i don t want you to go ,আম চ ই ন য ত ই য স।
i feel physically sick ,আম শ র র কভ ব অস স থ ব ধ করছ ।
i go to school on foot ,আম হ ট স ক ল য ই।
i grew up in australia ,আম অস ট র ল য য বড হয ছ ।
i have plenty of money ,আম র প রচ র ট ক আছ ।
i have three daughters ,আম র ত নট ম য আছ ।
i just eat bananas now ,আম এখন খ ল কল খ ই।
i left my card at home ,আম আম র ক র ড ব ড ত র খ এস ছ ।
i love solving puzzles ,আম ধ ধ সম ধ ন করত ভ ল ব স ।
i need those documents ,আম র ওই ক গজপত রগ ল দরক র।
i need to see a doctor ,আম র ড ক ত র দ খ ত হব ।
i received your letter ,আম ত ম র চ ঠ প য ছ ।
i received your letter ,আম আপন র চ ঠ প য ছ ।
i saw him wash the car ,আম ওন ক গ ড ধ ত দ খল ম।
i saw him wash the car ,আম ওক গ ড ধ ত দ খল ম।
i should ve called tom ,আম র টমক ড ক উচ ত ছ ল।
i think i lost my keys ,আম র মন হয আম আম র চ ব ট হ র য ফ ল ছ ।
i thought tom was dead ,আম ভ ব ছ ল ম টম ম র গ ছ ল ।
i want to be impartial ,আম ন রপ ক ষ হত চ ই।
i want to cook for you ,আম আপন র জন য র ন ন করত চ ই।
i want to cook for you ,আম ত ম র জন য র ন ন করত চ ই।
i want to hear who won ,আম ক জ তল শ নত চ ই।
i want to write a book ,আম একট বই ল খত চ ই।
i was in the mountains ,আম প হ ড ছ ল ম।
i was physically ready ,আম শ র র কভ ব প রস ত ত ছ ল ম।
i went to the hospital ,আম হ সপ ত ল গ ছ ল ম।
i will gladly help you ,আম খ শ মন ত ম ক স হ য য করব।
i will gladly help you ,আম খ শ মন আপন ক স হ য য করব।
i will gladly help you ,আম খ শ মন ত ক স হ য য করব।
i d like to see my son ,আম আম র ছ ল ক দ খত চ ই।
i d rather go swimming ,ত র থ ক আম স ত র ক টত ষ ব।
i d say tom is jealous ,আম বলব য টম ঈর ষ ন ব ত।
i ll come back for you ,আম ত ম র জন য ফ র আসব ।
i ll come back for you ,আম ত র জন য ফ র আসব ।
i ll come back for you ,আম আপন র জন য ফ র আসব ।
i ll never tell anyone ,আম কখনই ক উক বলব ন ।
i m at the station now ,আম এখন স ট শন ।
i m going to a meeting ,আম একট সভ য য চ ছ ।
i m really embarrassed ,আম সত য ই লজ জ ত।
is tom still mad at me?,টম ক এখন আম র উপর র গ আছ ?
is it a recent picture?,এট ক স ম প রত ক ছব ?
is this seat available?,এই আসনট ক প ওয য ব ?
it doesn t surprise me ,এত আম অব ক হইন ।
it doesn t surprise me ,এট আম ক অব ক কর ন ।
it s october the third ,ত শর অক ট বর।
it s fairly warm today ,আবহ ওয আজ ম ট ম ট উষ ণ আছ ।
it s rather cold today ,আজ ব শ ঠ ন ড আছ ।
many slaves were freed ,অন ক দ সক ম ক ত দ ওয হয ।
may i open the windows?,আম ক জ নল গ ল খ লত প র ?
may i start eating now?,আম ক এখন খ ওয শ র করত প র ?
most likely tom forgot ,টম হয ত ভ ল গ ছ ।
my brother likes music ,আম র ভ ই গ ন পছন দ কর ।
my father is a teacher ,আম ম র ব ব একজন শ ক ষক।
my father is very nice ,আম র ব ব খ ব ভ ল ।
my son came to my room ,আম র ছ ল আম র ঘর এস ছ ল।
my son can t count yet ,আম র ছ ল এখন গ নত প র ন ।
my throat is a bit dry ,আম র গল ট একট শ ক য গ ছ ।
no one man could do it ,ক ন একজন ম ন ষ এট করত প রব ন ।
nobody s indispensable ,ক উই অপর হ র য নয ।
our future is at stake ,আম দ র ভব ষ যত ব পদ পন ন।
please call the police ,দয কর প ল শক কল কর ন।
school begins tomorrow ,ইস ক ল ক লক শ র হব ।
she came late as usual ,স যথ র ত দ র কর এস ছ ।
she can speak japanese ,ইন জ প ন বলত প র ন।
she can speak japanese ,উন জ প ন বলত প র ন।
she can speak japanese ,ত ন জ প ন বলত প র ন।
she can speak japanese ,স জ প ন বলত প র ।
she is younger than me ,ও আম র থ ক ছ ট।
she is younger than me ,স আম র থ ক ছ ট।
she is younger than me ,এ আম র থ ক ছ ট।
she knows what you did ,স জ ন ত ম ক কর ছ।
tell me which you want ,আপন র ক নট দরক র আম ক বল ন।
tell me which you want ,ত ম র ক নট দরক র আম ক বল ।
thanks this is enough ,ধন যব দ এত ই হব ।
that one usually works ,ঐট স ধ রণত ক জ কর ।
that war ended in 1954 , স ল য দ ধট শ ষ হয ।
that s really annoying ,এট সত য ই ব রক ত কর।
that s right isn t it?,স ট ই ঠ ক ত ই ন ?
the balloon will burst ,ব ল নট ফ ট য ব ।
the building s on fire ,ভবনট ত আগ ন ল গ ছ ।
the police accused him ,প ল শ ত ক অভ য ক ত কর ।
the rain lasted a week ,ব ষ ট ট এক সপ ত হ ধর চল ছ ল।
the sooner the better ,যত ত ড ত ড হয তত ভ ল ।
they say love is blind ,সব ই বল ভ ল ব স অন ধ।
this is a real diamond ,এট আসল হ র ।
this is the last train ,এট ই শ ষ ট র ন।
this is very good soil ,এট খ ব ভ ল ম ট ।
this isn t a good sign ,এট ভ ল লক ষণ নয ।
tom continued speaking ,টম কথ বলত থ কল ।
tom had no plan at all ,টম র ক ন পর কল পন ই ছ ল ন ।
tom hardly ever laughs ,টম খ ব কম হ স ।
tom has won many races ,টম অন ক দ ড জ ত ছ ।
tom is a very tall boy ,টম খ ব লম ব ছ ল ।
tom is good at cooking ,টম খ ব ভ ল র ন ন করত প র ।
tom is obliged to wait ,টম অপ ক ষ করত ব ধ য।
tom is partially right ,টম আ শ ক সঠ ক।
tom is still at school ,টম এখন ইস ক ল ।
tom is still in boston ,টম এখন বস টন রয ছ ।
tom is still in prison ,টম এখন গ রদ ।
tom knows me very well ,টম আম ক খ ব ভ ল ভ ব চ ন ।
tom made three changes ,টম ত নট পর বর তন করল ।
tom most likely forgot ,টম হয ত ভ ল গ ছ ।
tom never eats spinach ,টম কখনই শ ক খ য ন ।
tom read lots of books ,টম প রচ র বই পড ।
tom resigned yesterday ,টম গতক ল পদত য গ কর ছ ।
tom rolled over in bed ,টম ব ছ ন য প শ ফ র শ ল ।
tom sent mary a letter ,টম ম র ক একট চ ঠ প ঠ ল ।
tom slept on the train ,টম ট র ন ঘ ম ল ।
tom squeezed the lemon ,টম প ত ল ব ট ক চ পর ল ।
tom told me that today ,টম আম ক স ট আজক বলল ।
we can finish it later ,আমর এট পর ও শ ষ করত প র ।
we danced to the music ,আমর গ ন র ত ল ন চ ছ ল ম।
we have run out of gas ,আম দ র গ য স ফ র য গ ছ ।
we like playing soccer ,আমর ফ টবল খ ল পছন দ কর ।
we met a few weeks ago ,আমর কয ক সপ ত হ আগ দ খ কর ছ ল ম।
we write our own songs ,আমর আম দ র ন জ দ র গ ন ল খ ।
we write our own songs ,আম দ র ন জ দ র গ ন ন জ র ই ল খ ।
we ll be at home today ,আমর আজ ব ড ত ই থ কব।
we re biology students ,আমর জ বব জ ঞ ন র শ ক ষ র থ ।
we re going to eat now ,আমর এখন খ ত য ব ।
we re going to eat now ,আমর এখন খ ব ।
what a wonderful night!,ক দ র ণ একট র ত!
what actually happened?,ঠ ক ক হয ছ ল ?
what do you want to be?,আপন ক হত চ ন?
what do you want to be?,ত ম ক হত চ ও?
what do you want to be?,ত ই ক হত চ স?
what else did you want?,আপন আর ক চ য ছ ল ন?
what is the book about?,বইট ক সম পর ক ত?
what time did tom call?,টম কট র সময ফ ন কর ছ ল?
what time does it open?,এট কট র সময খ ল ?
what time s your plane?,আপন র প ল নট কট র সময ?
what s the movie about?,চলচ চ ত রট ক ব ষয ক?
when do you want to go?,ত ম কখন য ত চ ও?
when do you want to go?,আপন কখন য ত চ ন?
when do you want to go?,ত ই কখন য ত চ স?
where can i buy stamps?,আম স ট য ম প ক থ থ ক ক নত প রব?
where can i get stamps?,আম স ট য ম প ক থ থ ক প ব?
where do you come from?,আপন ক থ য থ ক এস ছ ন?
where is the newspaper?,খবর র ক গজট ক থ য ?
why are you so selfish?,ত ম এত স ব র থপর ক ন?
why don t you go first?,আপন আগ য চ ছ ন ন ক ন?
why isn t this working?,এট ক জ করছ ন ক ন?
would you like to come?,আপন ক আসত চ ন?
would you like to come?,ত ম ক আসত চ ও?
would you like to come?,আপন র ক আসত চ ন?
would you like to come?,ত মর ক আসত চ ও?
you look like a banker ,আপন ক ব য ক র র মত ল গছ ।
you may use my new car ,ত ম আম র নত ন গ ড ট ব যবহ র করত প র ।
you may use my new car ,আপন আম র নত ন গ ড ট ব যবহ র করত প র ন।
you should know better ,ত ম ই ভ ল কর জ ন ।
you should know better ,আপন ই ভ ল কর জ ন ন।
you should know better ,আপন র ই ভ ল কর জ ন ন।
you should know better ,ত মর ই ভ ল কর জ ন ।
you ll be needing this ,এট আপন র দরক র হব ।
all the boys are honest ,সব ছ ল ই স ।
all three have resigned ,ত নজন ই পদত য গ কর ছ ন।
are you good at physics?,আপন ক পদ র থব জ ঞ ন ভ ল ?
are you referring to me?,আপন ক আম র ব যপ র বলছ ন?
ask me again in october ,আম ক আব র অক ট বর জ জ ঞ স করব ন।
can i take a look at it?,আম ক এট একট দ খ ত প র ?
can you help me please?,আপন ক দয কর আম ক স হ য য করত প রব ন?
china is a huge country ,চ ন ব শ ল একট দ শ।
do you recognize anyone?,ক উক চ নত প রছ ন?
do you still read books?,আপন ক এখন বই পড ন?
do you still read books?,ত ম ক এখন বই পড ?
do you think tom did it?,আপন ক মন কর ন টম এট কর ছ ?
do you want fruit juice?,আপন ক ফল র রস খ ত চ ন?
do you want fruit juice?,ত ম ক ফল র রস খ ত চ ও?
does tom live in boston?,টম ক বস টন থ ক ?
don t forget the ticket ,ট ক টট ভ ল য ও ন ।
don t forget the ticket ,ট ক টট ভ ল য ব ন ন ।
don t forget the ticket ,ট ক টট ভ ল য ও ন ।
don t go in the kitchen ,র ন ন ঘর য ও ন ।
don t go in the kitchen ,র ন ন ঘর য ব ন ন ।
don t let it get soiled ,এট ক ন র হত দ ও ন ।
don t let it get soiled ,এট ক ন র হত দ ব ন ন ।
don t read in this room ,এই ঘর পড ন ।
everybody was satisfied ,সব ই সন ত ষ ট ছ ল ।
everybody s ready to go ,সব ই য ওয র জন য ত র ।
everybody s ready to go ,সকল ই য ওয র জন য ত র ।
everyone looked unhappy ,সব ইক অখ শ দ খ চ ছ ল ।
everything s negotiable ,সবক ছ ই আল চন স ত র ম ম স য গ য।
good morning everybody ,সব ইক স প রভ ত।
have i arrived too late?,আম ক একট ব শ ই দ র কর ফ ল ছ ?
have you ever done that?,আপন কখন স ট কর ছ ন?
have you ever done that?,আপন কখন ওট কর ছ ন?
have you ever done that?,ত ম কখন স ট কর ছ ?
have you ever done that?,ত ম কখন ওট কর ছ ?
he behaves like a child ,স ব চ চ দ র মত আচরণ কর ।
he didn t want to do it ,ত ন এট করত চ নন ।
he does well in physics ,স পদ র থব জ ঞ ন ভ ল কর ।
he is not what he seems ,ত ক য মন হয স ত নয ।
he neglects his studies ,স পড শ ন য অবহ ল কর ।
he turned off the light ,স আল ন ভ য দ ল।
he works in the morning ,ত ন সক ল ক জ কর ন।
here is my phone number ,এই হল আম র ফ ন ন ম ব র।
how do you keep so calm?,আপন ক কর এত শ ন ত থ কত প র ন?
how do you keep so calm?,ত ম ক কর এত শ ন ত থ কত প র?
how do you keep so calm?,ত ই ক কর এত শ ন ত থ কত প র স?
how far is it from here?,ওট এখ ন থ ক কতট দ র ?
how much are the onions?,প য জ র দ ম কত?
how much does that cost?,ওট র দ ম কত?
how much does that cost?,ওইট র দ ম কত?
how much does this cost?,এর দ ম কত?
how much does this cost?,এট র দ ম কত?
how much will i receive?,আম কত প ব ?
how old is the universe?,মহ ব শ ব র বয স কত?
i am eighteen years old ,আম র বয স আঠ র বছর।
i am your friend right?,আম আপন র বন ধ ত ইত ?
i am your friend right?,আম ত ম র বন ধ ত ইত ?
i am your friend right?,আম ত র বন ধ ত ইত ?
i am your friend right?,আম আপন দ র বন ধ ত ইত ?
i am your friend right?,আম ত ম দ র বন ধ ত ইত ?
i am your friend right?,আম ত দ র বন ধ ত ইত ?
i can only speak french ,আম খ ল ফর স ভ ষ য কথ বলত প র ।
i can t find my luggage ,আম আম র ম লপত র খ জ প চ ছ ন ।
i can t stand hospitals ,আম হ সপ ত ল সহ য করত প র ন ।
i can t use a fork well ,আম ক ট চ মচ ভ ল ভ ব ব যবহ র করত প র ন ।
i did do that didn t i?,আম ওট কর ছ ত ই ন ?
i did do that didn t i?,আম আসল ই ওট কর ছ ত ই ন ?
i do not understand you ,আম আপন র কথ ব ঝত প রছ ন ।
i do not understand you ,আম ত ম র কথ ব ঝত প রছ ন ।
i don t know the answer ,আম উত তরট জ ন ন ।
i don t like it either ,আম ও এট পছন দ কর ন ।
i don t want it anymore ,আম র আর এট দরক র ন ই।
i don t want it anymore ,আম র আর ওট দরক র ন ই।
i don t want it anymore ,আম র আর স ট দরক র ন ই।
i don t want to be here ,আম এখ ন থ কত চ ই ন ।
i don t want to eat now ,আম এখন খ ত চ ই ন ।
i don t want to go back ,আম ফ র য ত চ ই ন ।
i don t want to go home ,আম ব ড য ত চ ই ন ।
i fell in love with him ,আম ওন র প র ম পড গ ল ম।
i fell in love with him ,আম ত র প র ম পড গ ল ম।
i fell in love with him ,আম ওর প র ম পড গ ল ম।
i finally found my keys ,আম অবশ ষ আম র চ ব গ ল প য ছ ।
i had some things to do ,আম র ক ছ ক জ কর র ছ ল।
i have an exam tomorrow ,আগ ম ক ল আম র একট পর ক ষ আছ ।
i have an older brother ,আম র এক দ দ আছ ।
i have finished my work ,আম আম র ক জ শ ষ কর ছ ।
i have hardly any money ,আম র ক ন ট ক ন ই বলল ই চল ।
i hope you ll pardon me ,আশ কর আপন আম য ক ষম করব ন।
i know all my neighbors ,আম আম র সব প রত ব শ ক চ ন ।
i know the game is over ,আম জ ন খ ল শ ষ।
i know why you re upset ,ত ম র মন খ র প ক ন আম জ ন ।
i missed the 7 00 train ,আম ট র ট র নট ধরত প র ন ।
i only have one blanket ,আম র ক ছ ম ত র একট ই কম বল আছ ।
i slowly opened my eyes ,আম আস ত আস ত চ খ খ লল ম।
i want something to eat ,আম ক ছ খ ত চ ই।
i wasn t expecting that ,আম এট আশ করছ ল ম ন ।
i won t forget that day ,স দ ন র কথ আম ভ লব ন ।
i would like to eat now ,আম এখন খ ত চ ই।
i ll be back by evening ,আম সন ধ য র আগ ফ র আসব ।
i ll be back in a month ,আম এক ম স র মধ য ফ র আসব ।
i ll never tell anybody ,আম কখনই ক উক বলব ন ।
i ll see you next month ,আম আপন র সঙ গ আগ ম ম স দ খ করব।
i ll stay here with you ,আম ত ম র স থ এখ ন থ কব।
i m a little overweight ,আম র ওজন একট ব শ ।
i m at a loss for words ,আম ক ন শব দ খ জ প চ ছ ন ।
i m just looking around ,আম একট ঘ র ঘ র দ খছ ।
i m now able to do that ,আম এখন ওট করত প রব ।
i m really disappointed ,আম সত য ই হত শ হয ছ ।
i ve forgotten her name ,আম ত র ন ম ভ ল গ ছ ।
i ve forgotten her name ,আম ওন র ন ম ভ ল গ ছ ।
i ve forgotten her name ,আম ওর ন ম ভ ল গ ছ ।
i ve forgotten his name ,আম ত র ন ম ভ ল গ ছ ।
i ve forgotten his name ,আম ওন র ন ম ভ ল গ ছ ।
i ve forgotten his name ,আম ওর ন ম ভ ল গ ছ ।
i ve started doing that ,আম স ট করত শ র কর ছ ।
is everything all right?,সবক ছ ঠ ক আছ ত ?
is it safe to swim here?,এখ ন স ত র ক ট ক ন র পদ?
is your husband at home?,আপন র স ব ম ক ব ড ত আছ ন?
it s a misunderstanding ,একট ভ ল ব ঝ ব ঝ হয ছ ।
it s unfortunately true ,দ র ভ গ যবশতভ ব এট সত য ।
japan is close to china ,জ প ন চ ন র ক ছ ক ছ অবস থ ত।
keep an eye on the door ,দরজ র দ ক নজর র খ ন।
keep an eye on the door ,দরজ র দ ক নজর র খ ।
keep an eye on the door ,দরজ র দ ক নজর র খ।
like i said no problem ,য মন আম বল ছ ক ন সমস য ন ই।
mary decorated the cake ,ম র ক কট স জ ল ।
mary is a very shy girl ,ম র খ ব ল জ ক ম য ।
may i see your passport?,আম ক আপন র প সপ র টট দ খত প র ?
may i swim in this lake?,আম ক এই হ রদ স ত র ক টত প র ?
may i use a credit card?,আম ক ক র ড ট ক র ড ব যবহ র করত প র ?
my child needs a doctor ,আম র ব চ চ র ড ক ত র র প রয জন।
my right shoulder hurts ,আম র আম র ড ন ক ধ ব য থ করছ ।
nobody is indispensable ,ক উই অপর হ র য নয ।
peace is very important ,শ ন ত খ বই গ র ত বপ র ণ।
please get away from me ,আম র ক ছ থ ক দ র সর য ন।
please listen carefully ,একট মন দ য শ নব ন।
school starts next week ,স ক ল পর র সপ ত হ খ লব ।
she asked me a question ,ত ন আম ক একট প রশ ন জ জ ঞ স কর ছ ন।
she is having lunch now ,উন এখন ল ঞ চ করছ ন।
she is having lunch now ,ত ন এখন ল ঞ চ করছ ন।
she is having lunch now ,স এখন ল ঞ চ করছ ।
she is having lunch now ,ও এখন ল ঞ চ করছ ।
take me to the hospital ,আম ক হ সপ ত ল ন য চল ন।
take me to the hospital ,আম ক হ সপ ত ল ন য চল ।
take us to the hospital ,আম দ রক হ সপ ত ল ন য য ন।
that cake was delicious ,ওই ক কট স স ব দ ছ ল ।
that was really helpful ,স ট সত য ই সহ য ক ছ ল।
the ambassador returned ,র ষ ট রদ তট ফ র এল ন।
the building is on fire ,ভবনট ত আগ ন ল গ ছ ।
the climate is changing ,জলব য পর বর তন হচ ছ ।
the dog ran after a fox ,ক ক রট শ য ল র প ছন ছ টল।
the future is uncertain ,ভব ষ য অন শ চ ত।
the hospital is crowded ,হ সপ ত লট য খ ব ভ ড ।
the pain comes and goes ,ব যথ আস আব র য য ।
the police are after me ,প ল শ আম র প ছন পড আছ ।
the police arrested tom ,প ল শ টমক গ র ফত র কর ছ ।
the police released him ,প ল শ ত ক ছ ড দ য ছ ।
the road was very bumpy ,র স ত য প রচ র ঝ ক ন ছ ল।
the sky will soon clear ,শ ঘ রই আক শ পর ষ ক র হব ।
there are three buttons ,ত নট ব ত ম আছ ।
they have two daughters ,ত দ র দ ট ম য আছ ।
they have two daughters ,ওন দ র দ ট ম য আছ ।
they were just soldiers ,ত র স র ফ স ন ক ছ ল।
this is my sister mary ,এট আম র ব ন ম র ।
this is not a good sign ,এট ভ ল লক ষণ নয ।
this isn t an easy task ,এট ক ন সহজ ক জ নয ।
tom ate breakfast alone ,টম একল একল ব র কফ স ট খ ল ।
tom did that didn t he?,টম ওট কর ছ ত ই ন ?
tom is dreadfully wrong ,টম ম র ত মক ভ ব ভ ল।
tom is living in boston ,টম বস টন থ কছ ।
tom is studying biology ,টম জ বব জ ঞ ন পড ছ ।
tom is taller than mary ,টম ম র র থ ক লম ব ।
tom likes reading books ,টম বই পড ত ভ ল ব স ।
tom makes great burgers ,টম দ র ন ব র গ র ব ন ত প র ।
tom now lives in boston ,টম এখন বস টন থ ক ।
tom reads lots of books ,টম প রচ র বই পড ।
tom resigned in october ,টম অক ট বর পদত য গ কর ছ ।
tom seldom eats at home ,টম কমই ব ড ত খ য ।
tom still lives at home ,টম এখন ব ড ত ই থ ক ।
tom tried but he failed ,টম চ ষ ট কর ছ ক ন ত স ব যর থ হয ছ ।
tom used to drive a bus ,টম ব স চ ল ত ।
tom used to play guitar ,টম গ ট র ব জ ত ।
tom was arrested monday ,টম স মব র গ র ফত র হয ছ ।
tom was arrested monday ,স মব র টমক গ র ফত র কর হয ।
tom was born in october ,টম অক ট বর জন ম ছ ল ।
tom was elected in 2013 ,টম এ ন র ব চ ত হয ছ ল ।
tom was with me all day ,টম আম র সঙ গ স র দ ন ছ ল।
tom washed the potatoes ,টম আল গ ল ধ ল ।
tom s mother was crying ,টম র ম ক দছ ল ন।
tomorrow s your day off ,আগ ম ক ল ত ম র ছ ট ।
turn left at the corner ,ম ড গ য ব দ ক ব ক য ব ন।
we have three daughters ,আম দ র ত নট ম য আছ ।
we need to stay focused ,আম দ র মন য গ বজ য র খত হব ।
we were waiting for tom ,আমর টম র জন য অপ ক ষ করছ ল ম।
we were waiting for you ,আমর ত ম র জন য অপ ক ষ করছ ল ম।
we were waiting for you ,আমর ত র জন য অপ ক ষ করছ ল ম।
we were waiting for you ,আমর আপন র জন য অপ ক ষ করছ ল ম।
we ll take a break soon ,আমর শ ঘ রই একট ব রত ন ব।
what a beautiful garden!,ক স ন দর ব গ ন!
what if it s not enough?,এট যথ ষ ট ন হল ক হব ?
what is quantum physics?,ক য ন ট ম পদ র থব জ ঞ ন ক ?
what they did was wrong ,ওন র য কর ছ ন স ট ভ ল।
what they did was wrong ,ওর য কর ছ স ট ভ ল।
what time do you get up?,আপন কট র সময ঘ ম থ ক ওঠ ন?
what time do you get up?,ত ম কট র সময ঘ ম থ ক ওঠ ?
what time does it close?,কট র সময এট বন ধ হয ?
what time does it close?,এট কট র সময বন ধ হয ?
what s tom trying to do?,টম ক কর র চ ষ ট করছ ?
when do you go shopping?,আপন কখন ক ন ক ট করত য ন?
when is the museum open?,জ দ ঘরট কখন খ ল থ ক ?
where can i buy tickets?,আম ট ক ট ক থ থ ক ক নত প রব?
where did tom call from?,টম ক থ থ ক ফ ন কর ছ ল?
where do you want to go?,ত ম ক থ য য ত চ ও?
where do you want to go?,ত ই ক থ য য ত চ স?
where do you want to go?,আপন ক থ য য ত চ ন?
where was your daughter?,আপন র ম য ক থ য ছ ল ?
who doesn t want to win?,ক জ তত ন চ য ?
who doesn t want to win?,ক ন জ তত চ য ?
who lives in this house?,এই ব ড ত ক থ ক ?
who taught tom to dance?,টমক ন চ শ খ য ছ ক ?
who wants to talk to me?,ক আম র স থ কথ বলত চ য ?
who ll pay for the loss?,ক ষত র খ স রত ক দ ব ?
why didn t you go first?,আপন আগ য নন ক ন?
why do you need a knife?,আপন র ছ ড র দরক র ক ন?
will he succeed or fail?,স ক সফল হব ন ক ব যর থ হব ?
would you like to dance?,আপন ন চত চ ন?
write your address here ,এখ ন আপন র ঠ ক ন ল খ ন।
write your address here ,এখ ন ত ম র ঠ ক ন ল খ।
you don t have to study ,ত ম ক পড শ ন করত হব ন ।
you really are hopeless ,আপন সত য ই ক ন ক জ র নয ।
you saw tom didn t you?,ত ম টমক দ খ ছ ত ই ন ?
you saw tom didn t you?,ত ম টমক দ খ ছ ল ত ই ন ?
you saw tom didn t you?,আপন টমক দ খ ছ ল ন ত ই ন ?
you re blocking my view ,আপন আম ক দ খত ব ধ দ চ ছ ন।
you re driving too fast ,আপন খ ব দ র ত গ ড চ ল চ ছ ন।
 i ll be back said tom , আম ফ র আসব টম বল ল ।
accidents are inevitable ,দ র ঘটন অবধ র ত।
can i change the channel?,আম ক চ য ন লট প লট ত প র ?
can i pay by credit card?,আম ক ক র ড ট ক র ড দ য দ ম দ ত প র ?
children love doing this ,ব চ চ র এগ ল করত ভ ল ব স ।
could i have some towels?,আম ক কয কট ট ওয ল প ত প র ?
could we talk in private?,আমর ক এক ন ত কথ বলত প র ?
did you ask them to wait?,আপন ক ত দ র অপ ক ষ করত বল ছ ন?
do i need to book a seat?,আম ক ক আসন স রক ষণ করত হব ?
do whatever he tells you ,উন য বল ন ত ই কর ।
do whatever he tells you ,ও য বল ত ই কর ।
do you feel better today?,ত ম ক আজ ভ ল ব ধ করছ ?
do you have a pen on you?,আপন র ক ছ একট প ন হব ?
do you have a pen on you?,ত ম র ক ছ একট প ন হব ?
do you know what he said?,আপন ক জ ন ন উন ক বলল ন?
do you know what he said?,ত ম ক জ ন উন ক বলল ন?
do you know what he said?,আপন ক জ ন ন ও ক বলল ?
do you know what he said?,ত ম ক জ ন ও ক বলল ?
do you understand french?,আপন ক ফর স ভ ষ ব ঝত প র ?
do you understand french?,ত ম ক ফর স ভ ষ ব ঝত প র ন?
don t change the channel ,চ য ন লট প লট ব ন ন ।
don t change the channel ,চ য ন লট প লট ও ন ।
don t you have a bicycle?,ত ম র ক স ইক ল ন ই?
don t you have a bicycle?,আপন র ক স ইক ল ন ই?
everyone wants something ,সব ই ক ছ ন ক ছ চ য ।
everything is negotiable ,সবক ছ ই আল চন স ত র ম ম স য গ য।
fever indicates sickness ,জ বর অস স থত র লক ষণ।
gold is a precious metal ,স বর ণ একট ম ল যব ন ধ ত ।
guess where they re from ,ত র ক থ য থ ক এস ছ ত অন ম ন কর ন।
he jumped onto the table ,স ট ব ল র ওপর ঝ প য পড ল।
he likes science fiction ,ত ন কল পব জ ঞ ন পছন দ কর ন।
he likes science fiction ,ত ন ব জ ঞ ন ক কল পক হ ন পছন দ কর ন।
he loves science fiction ,ত ন ব জ ঞ ন ক কল পক হ ন ভ ল ব স ন।
he speaks four languages ,ত ন চ রট ভ ষ য কথ বলত প র ন।
he turned pale with fear ,স ভয ফ য ক শ হয গ ল।
how are we feeling today?,আজ আপন ক মন অন ভব করছ ন?
how could they forget us?,ত র আম দ র ক কর ভ ল য ত প র ?
how could they forget us?,ওর আম দ র ক কর ভ ল য ত প র ?
how could they forget us?,ত র আম দ র ক কর ভ ল য ত প র ন?
how could they forget us?,ওন র আম দ র ক কর ভ ল য ত প র ন?
how did this get started?,এট শ র হল ক ভ ব ?
how long do we stop here?,আমর এখ ন কতক ষণ র জন য থ মব?
how much is the bus fare?,ব স ভ ড কত?
how much will it cost me?,এট য আম র কত খরচ হব ?
how much will you pay me?,আপন আম ক কত ট ক দ ব ন?
how old is that painting?,এই আ ক ছব ট র বয স কত?
i bought a pair of shoes ,আম এক জ ড জ ত ক নল ম।
i can t accept your gift ,আম আপন র উপহ র গ রহণ করত প রব ন ।
i can t thank you enough ,ত ম ক ধন যব দ জ ন ন র ভ ষ আম র ন ই।
i didn t complain at all ,আম একদমই অভ য গ কর ন ।
i didn t have any choice ,আম র ক ছ ক ন উপ য ছ ল ন ।
i didn t want to do that ,আম ওট করত চ ই ন ।
i didn t want to do that ,আম স ট করত চ ই ন ।
i don t like you anymore ,আম র আর ত ম ক ভ ল ল গ ন ।
i don t like you anymore ,আম র আর আপন ক ভ ল ল গ ন ।
i don t live in the city ,আম শহর থ ক ন ।
i don t need your advice ,ত ম র উপদ শ র ক ন প রয জন আম র ন ই।
i don t want to go alone ,আম এক য ত চ ই ন ।
i don t want to go there ,আম ওখ ন য ত চ ই ন ।
i drank yours by mistake ,আম ভ ল কর আপন রট প ন কর ছ ।
i finally bought the toy ,অবশ ষ আম খ লন ট ক ন ছ ।
i found his house easily ,আম সহজ ই ওন র ব ড খ জ প য ছ ল ম।
i found his house easily ,আম সহজ ই ত র ব ড খ জ প য ছ ল ম।
i found his house easily ,আম সহজ ই ওর ব ড খ জ প য ছ ল ম।
i found his house easily ,আম সহজ ই ত র ব ড খ জ প য ছ ল ম।
i hear footsteps outside ,আম ব ইর প য র শব দ প চ ছ ।
i heard three explosions ,আম ত নট ব স ফ রণ র আওয জ শ নল ম।
i hope tom comes as well ,আশ কর টমও আসব ।
i hope that won t happen ,আশ কর স ট ঘটব ন ।
i hope that won t happen ,আশ করছ স ট হব ন ।
i lost your phone number ,আম আপন র ফ ন ন ম ব রট হ র য ফ ল ছ ।
i lost your phone number ,আম ত ম র ফ ন ন ম ব রট হ র য ফ ল ছ ।
i need five more minutes ,আম র আর প চ ম ন ট ল গব ।
i never said that to tom ,আম কখনই টমক ত বল ন ।
i pretended to be asleep ,আম ঘ ম র ভ ন কর ছ ল ম।
i should ve quit earlier ,আম র আগ ই হ ল ছ ড দ ওয উচ ত ছ ল।
i took a lot of pictures ,আম অন ক ছব ত ল ছ ।
i used to love australia ,আম অস ট র ল য ক ভ লব সত ম।
i want to be an engineer ,আম ইঞ জ ন য র হত চ ই।
i was alone at that time ,আম তখন এক ছ ল ম।
i was at a movie theater ,আম একট স ন ম হল ছ ল ম।
i was born in that house ,ঐ ঘর আম র জন ম হয ছ ল ।
i went there three times ,আম স খ ন ত নব র গ য ছ ল ম।
i will not tolerate this ,আম এট বরদ স ত করব ন ।
i ll be back by midnight ,আম মধ যর ত র আগ ফ র আসব ।
i ll be back in a minute ,আম এক ম ন ট র মধ য ফ র আসব ।
i ll stay here until ten ,আম এখ ন দশট অবধ থ কব ।
i m also learning french ,আম ও ফর স শ খছ ।
i m going to take a bath ,আম স ন ন করত য ব ।
i m not a morning person ,আম সক ল সক ল ঘ ম থ ক উঠ ন ।
i m not feeling too well ,আম র শর র খ ব একট ভ ল ল গছ ন ।
i m playing football now ,আম এখন ফ টবল খ লছ ।
i m really happy for tom ,আম টম র জন য খ ব খ শ ।
i m sorry but it s time ,আম দ খ র ক ন ত সময হয গ ছ ।
i ve got to speak to you ,আপন র স থ আম র ক ছ কথ আছ ।
is the museum open today?,জ দ ঘরট ক আজ খ ল আছ ?
is there any mail for me?,আম র জন য ক ন ড ক আছ ?
it s a quarter past nine ,স য নট ব জ ।
it s a quote from a book ,এই উক ত ট একট বই থ ক ন ওয হয ছ ।
it s hard to say goodbye ,ব দ য জ ন ন ট কষ ট র।
it s pitch black outside ,ব ইর ট একদম ক চক চ ক ল ।
japan is in eastern asia ,জ প ন প র ব এশ য য অবস থ ত।
japan is located in asia ,জ প ন এশ য য অবস থ ত।
my computer is very slow ,আম র কম প উট র মন থর।
my mother is a good cook ,আম র ম একজন ভ ল র ধ ন ।
no one says that anymore ,এখন আর ক উ ওসব বল ন ।
pass me the salt please ,অন গ রহ কর ন নট এগ য দ ব ন।
please speak more loudly ,অন গ রহ কর আর কট জ র কথ বল ন।
read through the article ,ন বন ধট পড ন।
salt is used to thaw ice ,বরফ গল ব র জন য ন ন ব য বহ র কর হয ।
she is a reliable person ,উন একজন ব শ ব সয গ য ম ন ষ।
she was raised in france ,উন ফ র ন স বড হয ছ ন।
she was raised in france ,ও ফ র ন স বড হয ছ ।
take tom to the hospital ,টমক হ সপ ত ল ন য য ন।
take tom to the hospital ,টমক হ সপ ত ল ন য য ও।
that wasn t my intention ,ওট আম র উদ দ শ য ছ ল ন ।
the cement was still wet ,স ম ন টট তখনও শ কন ছ ল ।
the museum is closed now ,জ দ ঘর এখন বন ধ আছ ।
the results were amazing ,ফল ফল আশ চর যজনক ছ ল।
there was a bridge there ,ওখ ন একট স ত আছ ।
there was nothing to see ,দ খ র মত ক ছ ছ ল ন ।
there s nothing i can do ,আম র ক ছ কর র ন ই।
these things aren t mine!,এই জ ন সগ ল আম র নয ।
they can t stop laughing ,ত র হ স থ ম ত প রছ ন ।
they don t seem that bad ,ত দ র ত মন খ র প মন হয ন ।
they have twin daughters ,ত দ র দ ট জমজ ম য আছ ।
they have twin daughters ,ওন দ র দ ট জমজ ম য আছ ।
they were taken prisoner ,ত দ র বন দ কর হয ।
they re going to the war ,ত র য দ ধ য চ ছ ।
they re moving toward us ,ত র আম দ র দ ক আসছ ।
this is driving me crazy ,এট আম ক প গল কর দ চ ছ ।
three people were killed ,ত নজন ন হত হয ছ ন।
tom bought some potatoes ,টম ক ছ আল ক নল ।
tom doesn t eat raw fish ,টম ক চ ম ছ খ য ন ।
tom doesn t use facebook ,টম ফ সব ক ব যবহ র কর ন ।
tom has given us so much ,টম আম দ র কত ক ছ দ য ছ ।
tom is also a vegetarian ,টমও ন র ম ষ শ ।
tom is breathing heavily ,টম খ ব জ র জ র ন শ ব স ন চ ছ ।
tom is currently married ,টম বর তম ন ব ব হ ত।
tom is going to hurt you ,টম ত ম ক আঘ ত করত য চ ছ ।
tom is going to hurt you ,টম ত ম ক আঘ ত করব ।
tom is probably sleeping ,টম সম ভবত ঘ ম চ ছ ।
tom is used to hard work ,টম কঠ ন ক জ করত অভ যস ত।
tom kept his eyes closed ,টম ত র চ খ বন ধ র খ ছ ল।
tom kept his eyes closed ,টম ত র চ খ বন ধ র খ ছ ল ন।
tom kept his eyes closed ,টম ওর চ খ বন ধ র খ ছ ল।
tom kept his eyes closed ,টম ওন র চ খ বন ধ র খ ছ ল ন।
tom kept interrupting me ,টম আম ক ব রব র ব ধ দ চ ছ ল।
tom kept interrupting me ,টম আম ক ব রব র ব ধ দ চ ছ ল ন।
tom knew i was irritated ,টম জ নত আম ব রক ত ছ ল ম।
tom looked like a zombie ,টম দ খত জম ব র মত ল গছ ল ।
tom most probably forgot ,টম হয ত ভ ল গ ছ ।
tom now knows everything ,টম এখন সবক ছ ই জ ন ।
tom sat down by the fire ,টম আগ ন র ক ছ বসল।
tom should ve been there ,টম র ওখ ন থ ক উচ ছ ল ।
tom should ve eaten more ,টম র আরও খ ওয উচ ত ছ ল।
tom slept in his clothes ,টম ত র জ ম পর ই ঘ ম য ছ ।
tom thinks you re stupid ,টম মন কর ত ম ন র ব ধ।
tom thinks you re stupid ,টম মন কর আপন ন র ব ধ।
tom turned his phone off ,টম ত র ফ ন বন ধ কর দ য ছ ।
tom was standing outside ,টম ব ইর দ ড য ছ ল ।
tom will return tomorrow ,টম ক ল ফ র আসব ।
tom s house is very nice ,টম র ব ড ট খ ব স ন দর।
we do what we want to do ,আমর য করত চ ই ত ই কর ।
we do what we want to do ,আমর য চ ই ত ই কর ।
we have to sell it today ,আজই আম দ র এট ব ক র করত হব ।
we need help immediately ,আম দ র অব লম ব স হ য য র প রয জন।
what color is your house?,আপন র ব ড ট ক রঙ র?
what did tom give to you?,টম আপন ক ক দ য ছ ?
what do i have to change?,আম য ক পর বর তন করত হব ?
what does that word mean?,ওই শব দট র অর থ ক ?
what does that word mean?,ওই শব দট র ম ন ক ?
what does this sign mean?,এই চ হ নট র ম ন ক ?
what does this sign mean?,এই চ হ নট র অর থ ক ?
what does this word mean?,এই শব দট র অর থ ক ?
what does this word mean?,এই শব দট র ম ন ক ?
what happened in october?,অক ট বর ক ঘট ছ ল ?
what he said is not true ,উন য বলল ন ত সত য নয ।
what he said is not true ,ও য বলল ত সত য নয ।
what you said isn t true ,আপন য বলল ন ত সত য নয ।
what s your home address?,আপন র ব ড র ঠ ক ন ট ক ?
what s your home address?,ত ম র ব ড র ঠ ক ন ট ক ?
what s your name please?,আপন র ন ম ক ?
what s your phone number?,আপন র ফ ন ন ম ব রট ক ?
what s your phone number?,ত ম র ফ ন ন ম ব রট ক ?
when do you drink coffee?,আপন কখন কফ প ন কর ন?
where can i buy a ticket?,আম ট ক ট ক থ থ ক ক নত প রব?
where is the post office?,ড কঘরট ক থ য ?
who are you running from?,আপন ক র ক ছ থ ক প ল চ ছ ন?
why don t you just leave?,ত ম চল য চ ছ ন ক ন?
why not go to the movies?,স ন ম দ খত য ব ন ন ক ন?
would you like some more?,আর একট ন ব ন?
would you like some more?,আর একট ন ব ?
would you like some more?,আর একট ন ব ?
you all need to help tom ,ত ম দ র টমক স হ য য করত হব ।
you can dance can t you?,আপন ন চত প র ন ত ই ন ?
you can dance can t you?,ত ম ন চত প র ত ই ন ?
you can eat all you want ,আপন যত ইচ ছ তত খ ত প র ন।
you can eat all you want ,ত ম যত ইচ ছ তত খ ত প র ।
you can eat all you want ,আপন র যত ইচ ছ তত খ ত প র ন।
you can eat all you want ,ত মর যত ইচ ছ তত খ ত প র ।
you can t lift the piano ,ত ম প য ন ট ত লত প রব ন ।
you can t lift the piano ,আপন প য ন ট ত লত প রব ন ন ।
you don t have any proof ,ত ম র ক ছ ক ন প রম ণ ন ই।
you re tired aren t you?,আপন ক ল ন ত ত ই ন ?
you re tired aren t you?,ত ম ক ল ন ত ত ই ন ?
you re tired aren t you?,ত ই ক ল ন ত ত ই ন ?
your book is on the desk ,ত ম র বই ড স ক র উপর রয ছ ।
your book is on the desk ,আপন র বই ড স ক র উপর রয ছ ।
a cat can see in the dark ,ব ড ল অন ধক র দ খত প য ।
a year has already passed ,ইত মধ য এক বছর প র য গ ছ ।
all s well that ends well ,শ ষ ভ ল য র সব ভ ল ত র।
are we eating out tonight?,আমর ক আজ ব ইর খ ব ?
are you married or single?,আপন ব ব হ ত ন ক অব ব হ ত?
bring your children along ,আপন র সন ত নদ র স থ ন য আস ন।
can you get my bill ready?,আপন ক আম র ব লট ত র র খত প রব ন?
can you recommend a hotel?,আপন ক ন হ ট ল স প র শ করত প রব ন?
come and see for yourself ,ন জ এস ই দ খ ন।
come and see for yourself ,ন জ এস ই দ খ ।
come and see for yourself ,ন জ এস ই দ খ য ন।
come and see for yourself ,ন জ এস ই দ খ য ও।
communications broke down ,য গ য গ ব চ ছ ন ন হল ।
could you show tom around?,ত ম ক টমক চ রপ শট দ খ য আনত প রব ?
could you show tom around?,আপন ক টমক চ রপ শট দ খ য আনত প রব ন?
did you buy some potatoes?,আপন ক আল ক ন ছ ন?
did you get tom s message?,ত ম ক টম র ব র ত ট প য ছ ?
did you get tom s message?,আপন ক টম র ব র ত ট প য ছ ন?
do you have a bigger bowl?,আপন র ক ছ ক আর বড ব ট আছ ?
do you have a larger size?,আপন র ক ছ ক আর বড ম প র ক ছ আছ ?
do you have any vacancies?,আপন দ র ক ঘর খ ল আছ ?
do you have your passport?,আপন র ক ছ ক আপন র প সপ র টট আছ ?
does tom know you re here?,টম ক জ ন য ত ম এখ ন ?
does tom know you re here?,টম ক জ ন য আপন এখ ন ?
everyone started laughing ,সব ই হ সত শ র করল ।
few indians live in japan ,জ প ন ক ছ ভ রত য বসব স কর ।
forty people were present ,চল ল শ জন উপস থ ত ছ ল ন।
give me your phone number ,আপন র ফ ন ন ম ব রট দ ন।
give me your phone number ,ত ম র ফ ন ন ম ব রট দ ও।
he eats nothing but fruit ,স ফল ছ ড আর ক ছ ই খ য ন ।
he eats nothing but fruit ,উন ফল ছ ড আর ক ছ ই খ ন ন ।
he eats nothing but fruit ,ত ন ফল ছ ড আর ক ছ ই খ ন ন ।
he eats nothing but fruit ,ও ফল ছ ড আর ক ছ ই খ য ন ।
he taught me how to write ,উন আম ক ল খত শ খ য ছ ন।
he taught me how to write ,ও আম ক ল খত শ খ য ছ ।
he taught me how to write ,স আম ক ল খত শ খ য ছ ।
he taught me how to write ,ত ন আম ক ল খত শ খ য ছ ন।
he will be ten next april ,ও পর র এপ র ল দশ বছর র হব ।
he s depressed and lonely ,ত ন ব ষণ ণ এব ন সঙ গ।
he s sleeping like a baby ,উন ব চ চ দ র মত ঘ ম চ ছ ন।
he s sleeping like a baby ,ইন ব চ চ দ র মত ঘ ম চ ছ ন।
he s sleeping like a baby ,ত ন ব চ চ দ র মত ঘ ম চ ছ ন।
he s sleeping like a baby ,ও ব চ চ দ র মত ঘ ম চ ছ ।
he s sleeping like a baby ,স ব চ চ দ র মত ঘ ম চ ছ ।
his story may not be true ,ত র গল প সত য ন ও হত প র ।
how can i get to gate a 1?,আম a 1 গ ট ক ভ ব য ব?
how did you get that idea?,ক ভ ব আপন র এই ধ রণ হল ?
how do i get to chinatown?,আম চ য ন ট উন ক ভ ব য ব?
how long will you be gone?,ত ম কতদ ন র জন য য চ ছ ?
how many eggs do you want?,আপন কতগ ল ড ম ন ব ন?
how old are your children?,আপন র ব চ চ দ র বয স কত?
how old is the oldest one?,বড জন র বয স কত?
how well did you know tom?,টমক আপন কতট ভ ল কর চ ন ন?
i accepted her invitation ,আম ত র আমন ত রণ গ রহণ করল ম।
i accepted her invitation ,আম ওন র আমন ত রণ গ রহণ করল ম।
i accepted her invitation ,আম ওর আমন ত রণ গ রহণ করল ম।
i accepted his invitation ,আম ত র আমন ত রণ গ রহণ করল ম।
i accepted his invitation ,আম ওন র আমন ত রণ গ রহণ করল ম।
i accepted his invitation ,আম ওর আমন ত রণ গ রহণ করল ম।
i am able to read english ,আম ই র জ পরত প র ।
i am not a morning person ,আম সক ল সক ল ঘ ম থ ক উঠ ন ।
i can prove that tom lied ,আম প রম ণ কর দ ত প র য টম ম থ য বল ছ ।
i can t bend my right arm ,আম আম র ড ন হ তট ম ড ত প রছ ন ।
i can t explain it either ,আম ও এট ঠ ক ব ঝ ত প রব ন ।
i can t lift my right arm ,আম আম র ড ন হ তট ত লত প রছ ন ।
i didn t want you to know ,আম চ ইন য ত ম জ ন ।
i do it because i want to ,আম র ইচ ছ হয ত ই আম এট কর ।
i don t care what he does ,উন ক কর ন ন কর ন আম ত ক য র কর ন ।
i don t care what he does ,ও ক কর ন কর আম ত ক য র কর ন ।
i don t understand german ,আম জ র ম ন ভ ষ ব ঝ ন ।
i don t want you to leave ,আম চ ই ন য ত ম য ও।
i forgot his phone number ,আম ওন র ফ ন ন ম ব রট ভ ল গ ছ ।
i forgot his phone number ,আম ত র ফ ন ন ম ব রট ভ ল গ ছ ।
i forgot his phone number ,আম ওর ফ ন ন ম ব রট ভ ল গ ছ ।
i have a pain in my chest ,আম র ব ক ব যথ হচ ছ ।
i have nothing to declare ,আম র ক ছ ব ব ত দ ওয র ন ই।
i have three little girls ,আম র ত নট ছ ট ব চ চ আছ ।
i have to go the bathroom ,আম ক ব থর ম য ত হব ।
i knew tom would ask that ,আম জ নত ম য টম ওট জ জ ঞ স করব ।
i like to study languages ,আম ভ ষ অধ যয ন করত পছন দ কর ।
i live in a small village ,আম একট ছ ট গ র ম থ ক ।
i need to be more careful ,আম র আরও সতর ক হওয দরক র।
i really don t want to go ,আম সত য ই য ত চ ই ন ।
i think tom is doing well ,আম র মন হয টম ভ ল ই আছ ।
i think you both know tom ,আম র মন হয আপন র দ জন ই টমক চ ন ন।
i think you both know tom ,আম র মন হয ত মর দ জন ই টমক চ ন ।
i want to buy a pineapple ,আম একট আন রস ক নত চ ই।
i was a physics professor ,আম পদ র থব জ ঞ ন র অধ য পক ছ ল ম।
i was momentarily blinded ,আম ক ষণ ক র জন য অন ধ হয গ ছ ল ম।
i ll be back in two hours ,আম দ ই ঘন ট র মধ য ফ র আসব ।
i m afraid of being fired ,আম বরখ স ত হওয র ভয আছ ।
i m glad you ve recovered ,আম খ শ য আপন স স থ হয উঠ ছ ন।
i m looking for a sweater ,আম একট স য ট র খ জছ ।
i m not very good at this ,আম এত খ ব একট ভ ল নই।
i m not very good at this ,আম এই ব য প র খ ব একট ভ ল নই।
i m very afraid of snakes ,আম স পক খ ব ভয প ই।
i m waiting for my mother ,আম আম র ম য র জন য অপ ক ষ করছ ।
i ve got another headache ,আব র আম র ম থ ব যথ করছ ।
i ve met your kind before ,আপন র মত ল ক আম আগ ও দ খ ছ ।
is the audience listening?,শ র ত র ক শ নছ ন?
it s a national newspaper ,এট একট জ ত য পত র ক ।
it s quarter to eight now ,এখন প ন আটট ব জ ।
leaves fall in the autumn ,শরতক ল প ত ঝড য য ।
let s go to the jacksons ,জ য কসনদ র ব ড য ওয য ক।
my birthday was last week ,গত সপ ত হ আম র জন মদ ন ছ ল।
my father helped me study ,আম র ব ব আম ক পড শ ন য স হ য য করত ন।
my father is a bank clerk ,আম র ব ব ব য ক র ক র ণ ।
my father swims very well ,আম র ব ব খ ব ভ ল স ত র ক টত প র ।
my grandfather was a hero ,আম র দ দ একজন ন য ক ছ ল ন।
my reputation is at stake ,আম র সম ম ন ব পদ পন ন।
nobody knows me in boston ,বস টন আম ক ক উ চ ন ন ।
nobody knows who did that ,ক এই ক জ কর ছ ক উ জ ন ন ।
nobody suspected anything ,ক উই ক ছ সন দ হ কর ন ।
nobody s allowed in there ,স খ ন ক র য ওয ন ষ ধ।
one problem still remains ,একট সমস য এখন রয ছ ।
please fill out this form ,অন গ রহ কর এই ফর মট প রণ কর ন।
second semester has ended ,দ ব ত য স ম স ট র শ ষ হয ছ ।
she got sick this weekend ,গত সপ ত হ র শ ষ র দ ক উন অস স থ হয পর ছ ল ন।
she got sick this weekend ,গত সপ ত হ র শ ষ র দ ক ও অস স থ হয পর ছ ল ।
somebody tried to kill me ,ক উ আম ক ম র ফ ল র চ ষ ট কর ছ ।
someone started screaming ,ক উ চ ক র শ র করল ।
that s far more important ,এট অন ক ব শ গ র ত বপ র ণ।
that s the absolute truth ,য ট ই পরম সত য।
the chicken was delicious ,ম র গ ট স স ব দ ছ ল ।
the hospital is near here ,হ সপ ত লট ক ছ ক ছ র মধ য ই আছ ।
the hospital is near here ,হ সপ ত লট আশ প শ ই আছ ।
the meeting was held here ,ম ট ঙট এখ ন হয ছ ল।
the police chief resigned ,প ল শ প রধ ন পদত য গ কর ছ ন।
the sky started to darken ,আক শট অন ধক র হত শ র কর ছ ।
the station is pretty far ,স ট শনট ব শ ক ছ ট দ র ।
this box isn t big enough ,এই ব ক সট যথ ষ ট বড নয ।
this is my younger sister ,এট আম র ছ ট ব ন।
this isn t the first time ,এট ই প রথমব র ন ।
this old house is haunted ,এই প র ন ব ড ট ভ ত ড ।
today was a wonderful day ,আজক র দ নট চম ক র ছ ল।
tom certainly is eloquent ,টম সত য ব ক যব গ শ।
tom died three days later ,টম ত ন দ ন পর ম র গ ল ।
tom doesn t have a hat on ,টম র ম থ য ট প ন ই।
tom has his own apartment ,টম র ন জস ব আ যপ র টম ন ট আছ ।
tom is a canadian citizen ,উন ক য ন ড য ন গর ক।
tom is afraid of the dark ,টম অন ধক রক ভয প য ।
tom is also a new student ,টমও নত ন শ ক ষ র থ 
tom is breathing normally ,টম স ধ রণভ ব ই ন শ ব স ন চ ছ ।
tom is listening intently ,টম মনয গ দ য শ নছ ।
tom is teaching me french ,টম আম ক ফর স পড চ ছ ।
tom is teaching me french ,টম আম ক ফর স শ খ চ ছ ।
tom is wearing headphones ,টম হ ডফ ন পড আছ ।
tom is worse than a virus ,টম ভ ইর স র চ য ও ন ক ষ ট।
tom kept crying all night ,টম স র র ত ক দ ছ ল।
tom kept crying all night ,টম স র র ত ক দ ছ ল ন।
tom lent mary an umbrella ,টম ম য র ক ছ ত ধ র দ য ছ ল ।
tom promised he d do that ,টম প রত শ র ত দ য ছ ল য স ওট করব ।
tom told me all about you ,টম আপন র সম পর ক আম ক সব বল ছ ।
tom told me all about you ,টম আপন র ব য প র আম ক সব বল ছ ।
tom told me all about you ,টম আপন র ব ষয আম ক সব বল ছ ।
tom told me to keep quiet ,টম আম ক চ প করত বলল।
tom wanted to talk to you ,টম আপন র স থ কথ বলত চ য ছ ল।
tom wanted to talk to you ,টম ত ম র স থ কথ বলত চ য ছ ল।
tom wanted to talk to you ,টম ত র স থ কথ বলত চ য ছ ল।
tom was breathing heavily ,টম খ ব জ র জ র ন শ ব স ন চ ছ ল ।
tom was crying last night ,টম গত র ত ক দছ ল ।
turn on the light please ,দয কর আল ট জ ব ল য দ ব ন।
wait for me i ll be back ,আম র জন য অপ ক ষ কর । ফ র আসব ।
we both know that s a lie ,আমর দ জন ই জ ন য এট একট ম থ য ।
we made too many mistakes ,আমর অন ক ভ ল কর ছ ।
we re going the wrong way ,আমর ভ ল র স ত য য চ ছ ।
we re not happy with this ,আমর এত খ শ নই।
what do you need me to do?,ত ম র জন য আম ক করত প র ?
what exactly has tom done?,টম ঠ ক ক কর ছ ?
what is your phone number?,আপন র ফ ন ন ম ব রট ক ?
what is your phone number?,ত ম র ফ ন ন ম ব রট ক ?
what was the last station?,এর আগ র স ট শনট ক ছ ল?
what you said is not true ,আপন য বলল ন ত সত য নয ।
what you said is not true ,ত ম য বলল ত সত য নয ।
what s your father s name?,আপন র ব ব র ন ম ক ?
what s your father s name?,ত ম র ব ব র ন ম ক ?
what s your father s name?,ত র ব ব র ন ম ক ?
where can i buy envelopes?,আম খ ম ক থ থ ক ক নত প রব?
where can i wash my hands?,ক থ য আম হ ত ধ ত প র ?
where is the bus terminal?,ব স ট র ম ন লট ক থ য ?
who is playing the guitar?,ক গ ট র ব জ চ ছ ?
who wants to come with me?,ক আম র স থ আসত চ য ?
why are you sitting there?,আপন ওখ ন বস আছ ন ক ন?
why are you sitting there?,ত ম ওখ ন বস আছ ক ন?
would you like to come in?,আপন ক ভ তর আসব ন?
would you like to come in?,আপন র ক ভ তর আসব ন?
would you like to come in?,ত ম ক ভ তর আসব ?
would you like to come in?,ত মর ক ভ তর আসব ?
you need a new girlfriend ,ত ম র এখন একট নত ন ব ন ধব চ ই।
you should eat vegetables ,আপন র শ কসব জ খ ওয উচ ত।
you should eat vegetables ,ত ম র শ কসব জ খ ওয উচ ত।
you should pay your debts ,আপন র ন জ র ঋণ পর শ ধ কর উচ ত।
you re sitting in my seat ,আপন আম র স ট বস আছ ন।
all is well that ends well ,শ ষ ভ ল য র সব ভ ল ত র।
all the villagers know him ,গ র ম র সব ই ত ক চ ন ।
anybody can make a mistake ,য ক উ ভ ল করত প র ।
are you a japanese citizen?,আপন ক জ প ন ন গর ক?
at what time does it close?,কট র সময এট বন ধ হয ?
at what time does it close?,এট কট র সময বন ধ হয ?
can you dance to this song?,আপন ক এই গ ন ন চত প রব ন?
can you dance to this song?,ত ম ক এই গ ন ন চত প রব ?
can you keep an eye on tom?,আপন ক টম র উপর নজর র খত প রব ন?
can you keep an eye on tom?,ত ম ক টম র উপর নজর র খত প রব ?
can you keep an eye on tom?,ত ই ক টম র উপর নজর র খত প রব ?
can you show me on the map?,আপন ক ম নচ ত র দ খ ত প রব ন?
did you bring enough water?,পর য প ত প ন এন ছ ন?
did you bring enough water?,পর য প ত পর ম ণ প ন এন ছ ন ত ?
did you find your passport?,আপন ক আপন র প সপ র টট প য ছ ন?
did you go to school today?,ত ম ক আজ স ক ল গ য ছ ল ?
do i have to change trains?,আম ক ক ট র ন প ল ট ত হব ?
do you accept credit cards?,আপন র ক ক র ড ট ক র ড ন ন?
do you know a good dentist?,আপন ক ক ন ভ ল দ ত র ড ক ত রক চ ন ন?
do you know a good dentist?,ত ম ক ক ন ভ ল দ ত র ড ক ত রক চ ন ?
doctors removed the bullet ,ড ক ত র ব ল ট অপস রণ কর ছ ।
does tom understand french?,টম ক ফর স ব ঝ ?
don t forget to invite tom ,টমক আমন ত রন জ ন ত ভ ল ন ।
eat whatever food you like ,আপন র য খ ব র পছন দ হয স ট খ ন।
eat whatever food you like ,আপন দ র য খ ব র পছন দ হয স ট খ ন।
eat whatever food you like ,ত ম র য খ ব র পছন দ হয স ট খ ও।
eat whatever food you like ,ত ম দ র য খ ব র পছন দ হয স ট খ ও।
everyone please calm down ,সব ই দয কর শ ন ত হ ন।
excuse me what time is it?,ক ষম করব ন এখন কট ব জ ?
fill out this form please ,অন গ রহ কর এই ফর মট প রণ কর ন।
he had a bitter experience ,ওন র এক ত ক ত অভ জ ঞত হয ছ ল ।
he had a bitter experience ,ওর এক ত ক ত অভ জ ঞত হয ছ ল ।
he loses his temper easily ,উন সহজ ই ওন র ম থ গরম কর ফ ল ন।
he loses his temper easily ,ও সহজ ই ওর ম থ গরম কর ফ ল ।
he played tennis yesterday ,ত ন গতক ল ট ন স খ ল ছ ন।
he reads a novel every day ,স প রত দ ন একট কর উপন য স পড ।
he was elected mayor again ,উন আব র ম য র ন র ব চ ত হন।
honesty is the best policy ,সতত ই সর ব ক ষ ট পন থ ।
how are you children doing?,আপন র ব চ চ র ক মন আছ ?
how could this be possible?,এট ক ভ ব সম ভব?
how does this machine work?,এই যন ত র ক ভ ব ক জ কর ?
how many guards were there?,স খ ন কতজন প রহর ছ ল?
how often do the buses run?,ব সগ ল কতক ষণ অন তর অন তর চল ?
i am starting this evening ,আম আজ সন ধ য ত শ র করব।
i believe you want to help ,আম ব শ ব স কর আপন স হ য য করত চ ন।
i can t attend the meeting ,আম ম ট ঙ য ত প রব ন ।
i can t attend the meeting ,আম সভ ত উপস থ ত থ কত প রব ন ।
i don t know what you mean ,আম জ ন ন আপন ক ব ঝ ত চ ইছ ন।
i don t know what you mean ,আম জ ন ন ত ম ক ব ঝ ত চ ইছ ।
i don t like these remarks ,আম এই ধরণ র মন তব য পছন দ কর ন ।
i don t think tom was here ,আম র মন হয ন টম এখ ন ছ ল।
i don t think tom was here ,আম র মন হয ন য টম এখ ন ছ ল।
i don t want to go outside ,আম ব ইর য ত চ ই ন ।
i don t want to go to work ,আম ক জ য ত চ ই ন ।
i forget your phone number ,আম আপন র ফ ন ন ম ব রট ভ ল য ই।
i forget your phone number ,আম ত ম র ফ ন ন ম ব রট ভ ল য ই।
i forgot to call him today ,আম ওন ক আজ ফ ন করত ভ ল গ ছ ।
i forgot your phone number ,আম আপন র ফ ন ন ম ব রট ভ ল গ ছ ।
i forgot your phone number ,আম ত ম র ফ ন ন ম ব রট ভ ল গ ছ ।
i hate administrative work ,আম প রশ সন ক ক জ ঘ ণ কর ।
i have read all his novels ,আম ত র সব উপন য স পড ছ ।
i knew tom was from boston ,আম জ নত ম টম ব স টন থ ক এস ছ ।
i promise that i won t cry ,কথ দ চ ছ আম ক দব ন ।
i really do not want to go ,আম সত য ই য ত চ ই ন ।
i teach biology and french ,আম জ বব জ ঞ ন এব ফর স ভ ষ শ খ ই।
i want to close my account ,আম আম র অ য ক উন টট বন ধ করত চ ই।
i was born on june 4 1974 ,আম ঠ জ ন এ জন মগ রহণ কর ছ ল ম।
i was humiliated in public ,আম জনস ধ রণ র স মন অপম ন ত হল ম।
i was scared half to death ,আম ভয অর ধ ক হয গ ছ ল ম।
i d like a receipt please ,অন গ রহ কর একট র স ট দ ব ন।
i d like to change my room ,আম আম র ঘরট প ল ট ত চ ই।
i ll be back at six thirty ,আম স ড ছয ট সময ফ র আসব ।
i ll be back in 30 minutes ,আম ত র শ ম ন ট র মধ য ফ র আসব ।
i ll be back when i m done ,যখন আম র শ ষ হব তখনই ফ র আসব ।
i m allergic to penicillin ,প ন স ল ন আম র অ য ল র জ হয ।
i m breast feeding my baby ,আম আম র ব চ চ ক ব ক র দ ধ প ন কর চ ছ ।
i m happy to see you again ,ত ম ক আব র দ খ খ শ হয ছ ।
i m happy to see you again ,আপন ক আব র দ খ খ শ হয ছ ।
i m happy to see you again ,ত ম দ রক আব র দ খ খ শ হয ছ ।
i m happy to see you again ,আপন দ রক আব র দ খ খ শ হয ছ ।
i m not kidding about this ,আম এই ব ষয ইয র ক করছ ন ।
i ve always been like this ,আম বর বরই এমন।
i ve met tom several times ,আম টম র স থ অন কব র দ খ কর ছ ।
is there a hospital nearby?,ক ছ ক ছ র মধ য ক ন হ সপ ত ল আছ ?
it is just half past seven ,এখন সব স ড স তট ব জ ।
it may snow in the evening ,সন ধ য ব ল বরফ পরত প র ।
it seems interesting to me ,এট আম র ক ছ আকর ষণ য মন হচ ছ ।
it s absolutely impossible ,এট এক ব র অসম ভব।
japan is full of surprises!,জ প ন ব স ময ভর !
let tom make the decisions ,টমক স দ ধ ন ত ন ত দ ন।
life in japan is expensive ,জ প ন জ বনয পন ব যয বহ ল।
meat is expensive nowadays ,ম স র দ ম আজক ল অন ক ব শ ।
my birthday is coming soon ,শ ঘ রই আম র জন মদ ন আসছ ।
my father works for a bank ,আম র ব ব ব য ক চ কর কর ন।
my luggage has been stolen ,আম র ম লপত রট চ র হয গ ছ ।
my son is taller than i am ,আম র ছ ল আম র থ ক লম ব ।
one language is not enough ,ম ত র একট ভ ষ যথ ষ ট নয ।
please hand me that pencil ,দয কর আম ক স ই প ন স লট দ ন।
please take your shoes off ,অন গ রহ কর আপন র জ ত খ ল ফ ল ন।
rome wasn t built in a day ,র ম একদ ন গড ওঠ ন ।
she plays tennis every day ,স প রত দ ন ট ন স খ ল ।
she was burning with fever ,স জ বর প ড য চ ছ ল।
take good care of yourself ,ন জ র দ ক ভ ল কর খ য ল র খব ।
take good care of yourself ,ন জ র দ ক ভ ল কর খ য ল র খব ন।
that should be interesting ,ওইট আকর ষণ য হওয উচ ত।
the church bell is ringing ,চ র চ র ঘন ট ট ব জছ ।
the kids are really scared ,ব চ চ র সত য ই ভ ত।
the library is to the left ,ল ইব র র ট ব দ ক ।
the rain continued all day ,ব ষ ট ট স র দ ন ধর চল ছ ল।
the responsibility is mine ,দ য ত বট আম র।
the terrorists have failed ,আতঙ কব দ র ব যর থ হল ।
this is all so complicated ,এইসব এত জট ল।
this is never going to end ,এট কখন ই শ ষ হব ন ।
this river is deepest here ,এই নদ ট এইখ ন সবথ ক গভ র ।
tom and mary are screaming ,টম আর ম র চ ক র করছ ।
tom can dance like a robot ,টম র বট র মত ন চত প র ।
tom doesn t have any proof ,টম র ক ছ ক ন প রম ন ন ই।
tom has already been there ,টম ইত মধ য স খ ন গ য ছ ।
tom is likely to get fired ,টমক বরখ স ত কর হত প র ।
tom is still looking at me ,টম এখন আম র দ ক ত ক য আছ ।
tom is taking a big chance ,টম একট বড ঝ ক ন চ ছ ।
tom is waiting impatiently ,টম অধ র যভ ব অপ ক ষ করছ ।
tom is writing a novel now ,টম এখন একট উপন য স ল খছ ।
tom started singing a song ,টম একট গ ন গ ইত শ র করল ।
tom waited on the platform ,টম প ল য টফর ম অপ ক ষ করল ।
tom wants to eat lunch now ,টম এখন ল ঞ চ খ ত চ য ।
tom was arrested on monday ,টম স মব র গ র ফত র হয ছ ।
tom was crying like a baby ,টম ব চ চ র মত ক দছ ল ।
tom was humiliated by mary ,টম ম র দ ব র অপদস ত হয ছ ল ।
tom was utterly humiliated ,টম চ ড ন তভ ব অপদস ত হল ।
tom will probably be first ,টম সম ভবত প রথম হব ।
tom s father is a musician ,টম র ব ব একজন স রক র।
wait here till i come back ,আম আস পর যন ত এখ ন অপ ক ষ করব ন।
wait here till i come back ,আম আস পর যন ত এখ ন অপ ক ষ ক র ।
we can t blame anyone else ,আমর অন য ক উক দ ষ র প করত প র ন ।
we don t care what he does ,উন ক কর ন ন কর ন আমর ত ক য র কর ন ।
we don t care what he does ,ও ক কর ন কর আমর ত ক য র কর ন ।
we need to leave right now ,আম দ র এখন ব র ন উচ ত।
we watched movies together ,আমর একসঙ গ স ন ম দ খত ম।
what tom did was dangerous ,টম য ট করল স ট ব পজ জনক।
what are you talking about?,ত ম ক স র ব যপ র কথ বলছ ?
what are you talking about?,আপন ক স র ব য প র কথ বলছ ন?
what did you promise to do?,আপন ক কর র প রত শ র ত দ য ছ ল ন?
what game are you watching?,ক ন খ ল দ খছ ন?
what time do you eat lunch?,আপন দ প র র খ ব র কট র সময খ ন?
what time do you eat lunch?,আপন ল ঞ চ কট র সময খ ন?
what time do you go to bed?,আপন কট র সময ঘ ম ত য ন?
what time do you go to bed?,ত ম কট র সময ঘ ম ত য ও?
what was i supposed to say?,আম র ক বল র ছ ল?
what would you like to eat?,আপন ক খ ব ন?
what would you like to eat?,ত ম ক খ ব ?
what would you like to eat?,ত ই ক খ ব ?
what s the meaning of that?,ওট র ম ন ক ?
what s the meaning of that?,ওট র অর থ ক ?
where would you like to go?,ত ম ক থ য য ত চ ও?
where s the ticket counter?,ট ক ট ক উন ট রট ক থ য ?
who switched off the light?,ক আল ন ভ য দ ল?
who would want to hurt tom?,টমক ব যথ ক দ ত চ ত ?
whose phone number is this?,এট ক র ফ ন ন ম ব র?
world war ii ended in 1945 ,দ ব ত য ব শ বয দ ধ স ল সম প ত হয ছ ল।
you are always complaining ,আপন সবসময অভ য গ কর ন।
you are always complaining ,ত ম সবসময অভ য গ কর।
you are always complaining ,আপন র সবসময অভ য গ কর ন।
you are always complaining ,ত মর সবসময অভ য গ কর।
you aren t very hospitable ,আপন খ ব একট অত থ পর য ন নন।
you might enjoy this movie ,আপন র হয ত স ন ম ট ভ ল ল গব ।
you must go to the dentist ,ত ম র দ ত র ড ক ত র র ক ছ য ওয উচ ।
you must go to the dentist ,আপন র দ ত র ড ক ত র র ক ছ য ওয উচ ।
you ought to see a dentist ,আপন র একজন দ ত র ড ক ত র দ খ ন উচ ।
you ought to see a dentist ,ত ম র একজন দ ত র ড ক ত র দ খ ন উচ ।
you were tom s only friend ,ত ম ই টম র একম ত র বন ধ ছ ল ।
you were tom s only friend ,আপন ই টম র একম ত র বন ধ ছ ল ন।
you re going the wrong way ,আপন ভ ল র স ত য য চ ছ ন।
you re not listening to me ,ত ম আম র কথ শ নছ ন ।
your mother died yesterday ,ত ম র ম গতক ল ম র গ ছ ন।
all tom wants to do is fish ,টম খ ল ম ছই ধরত চ য ।
are you busy tomorrow night?,আপন ক ক ল র ত ব যস ত থ কব ন?
are you busy tomorrow night?,ত ম ক ক ল র ত ব যস ত থ কব ?
are you busy tomorrow night?,ত ই ক ক ল র ত ব যস ত থ কব ?
are you taking any medicine?,আপন ক ক ন ওষ ধ খ চ ছ ন?
can i leave my luggage here?,আম ক আম র ম লপত র এখ ন র খ য ত প র ?
can i take photographs here?,আম ক এখ ন ছব ত লত প র ?
canada is larger than japan ,ক ন ড জ প ন র চ য বড ।
columbus discovered america ,কল ম ব স আম র ক আব ষ ক র কর ছ ন।
do you like pineapple pizza?,আপন আন রস র প জ জ পছন দ কর ন?
do you want another blanket?,আপন ক আর কট কম বল ন ব ন?
do you want to learn french?,আপন ক ফর স শ খত চ ন?
do you want to learn french?,ত ম ক ফর স শ খত চ ও?
does tom need my assistance?,টম র ক আম র স হ য য দরক র?
does tom want to see me now?,টম ক আম র স থ এখন দ খ করত চ য ?
everybody desires happiness ,সব ই স খ ক মন কর ।
everybody wants recognition ,সব ই স ব ক ত চ য ।
everybody please calm down ,সব ই দয কর শ ন ত হ ন।
grammar is very complicated ,ব য করণ খ ব জট ল।
have you ever broken a bone?,আপন র কখন হ ড ভ ঙ ছ ?
have you ever broken a bone?,ত ম র কখন হ ড ভ ঙ ছ ?
he is a very sincere person ,ত ন অত যন ত আন তর ক একজন ম ন ষ।
he went there instead of me ,আম র পর বর ত ত ন স খ ন গ ল ন।
how are you dealing with it?,আপন ক ভ ব এট ম ক ব ল করছ ন?
how far away is the airport?,এয রপ র ট কত দ র এখ ন থ ক ?
how long do you want it for?,ত ম র এট কত দ ন র জন য চ ই?
how long does the trip take?,য ত র ট কতক ষণ ল গব ?
how long will you stay here?,আপন এখ ন কতক ষণ থ কব ন?
how long will you stay here?,ত ম এখ ন কতক ষণ থ কব ?
how much are these potatoes?,এই আল গ ল কত কর ?
how old is your grandfather?,আপন র দ দ র বয স কত?
how old is your grandfather?,ত ম র দ দ র বয স কত?
how old is your grandfather?,আপন র ঠ ক রদ র বয স কত?
how old is your grandfather?,ত ম র ঠ ক রদ র বয স কত?
i am happy to see you again ,ত ম ক আব র দ খ খ শ হয ছ ।
i asked tom to come with me ,আম টমক আম র স থ আসত বলল ম।
i asked tom where he d been ,আম টমক জ জ ঞ স করল ম য স ক থ য ছ ল ।
i asked tom where he d gone ,আম টমক জ জ ঞ স করল ম য স ক থ য গ ছ ল ।
i believe tom is doing well ,আম র মন হয টম ভ ল ই আছ ।
i believe you both know tom ,আম র মন হয আপন র দ জন ই টমক চ ন ন।
i believe you both know tom ,আম র মন হয ত মর দ জন ই টমক চ ন ।
i believed what tom told me ,টম আম ক য বল ছ ল আম ত ব শ ব স কর ছ ল ম।
i blame tom for all of this ,এই সমস ত ক ছ র জন য আম টমক দ ষ দ ব।
i brought something for you ,ত ম র জন য ক ছ এন ছ ।
i called my good friend tom ,আম আম র ভ ল বন ধ টমক ফ ন কর ছ ল ম।
i can swim across the river ,আম নদ স তর প র হত প র ।
i can t be friends with tom ,আম টম র সঙ গ বন ধ ত ব র খত প রব ন ।
i can t think about tom now ,আম এখন টম র ব য প র ভ বত প রছ ন ।
i couldn t keep up with tom ,আম টম র সঙ গ প র উঠ ন ।
i didn t know tom had a dog ,আম জ নত ম ন য টম র একট ক ক র ছ ল।
i didn t want tom to see me ,আম চ ইছ ল ম ন টম আম ক দ খত প ক।
i didn t want tom to see me ,আম চ ইছ ল ম ন টম আম ক দ খ ক।
i didn t want to insult tom ,আম টমক অপম ন করত চ ই ন ।
i don t know tom personally ,আম টমক ব যক ত গতভ ব চ ন ন ।
i don t know who killed tom ,টমক ক ম র ছ আম জ ন ন ।
i don t know who killed tom ,আম জ ন ন টমক ক ম র ছ ।
i don t need to talk to tom ,আম র টম র সঙ গ কথ বল র ক ন প রয জন ন ই।
i don t think tom hates you ,আম র মন হয ন টম আপন ক ঘ ণ কর ।
i don t think tom likes you ,আম র মন হয ন টম আপন ক পছন দ কর ।
i don t want tom to find me ,আম চ ই ন টম আম ক খ জ প ক।
i don t want tom to hate me ,আম চ ই ন টম আম ক ঘ ণ কর ক।
i don t want tom to help me ,আম চ ই ন টম আম ক স হ য য কর ক।
i don t want to disturb tom ,আম টমক ব রক ত করত চ ই ন ।
i don t want to go near tom ,আম টম র ক ছ য ত চ ই ন ।
i don t want to go swimming ,আম স ত র ক টত য ত চ ই ন ।
i don t want to go to sleep ,আম ঘ ম ত য ত চ ই ন ।
i don t want to go with tom ,আম টম র সঙ গ য ত চ ই ন ।
i don t want to go with tom ,আম টম র স থ য ত চ ই ন ।
i don t want to go with you ,আম ত ম র স থ য ত চ ই ন ।
i don t want to go with you ,আম ত র স থ য ত চ ই ন ।
i don t want to go with you ,আম আপন র স থ য ত চ ই ন ।
i don t want to look at tom ,আম টম র দ ক ত ক ত চ ই ন ।
i don t want to talk to tom ,আম টম র সঙ গ কথ বলত চ ই ন ।
i don t want to wake tom up ,আম টমক জ গ ত চ ই ন ।
i don t want you doing that ,আম চ ই ন ত ম এট কর ।
i enthusiastically accepted ,আম উ স হ র স থ ম ন ন ল ম।
i finally beat tom at chess ,আম অবশ ষ টমক দ ব য হ র য ছ ।
i found my hat in tom s car ,আম আম র ট প ট টম র গ ড ত প য ছ ।
i go shopping every morning ,আম প রত য কদ ন সক ল দ ক ন য ই।
i got a call from tom today ,আজ আম টম র ক ছ থ ক একট কল প য ছ ল ম।
i got arrested in australia ,আম অস ট র ল য য গ র প ত র হয ছ ল ম।
i got up at 8 o clock today ,আম আজ ট র সময উঠ ছ ।
i got your address from tom ,আম আপন র ঠ ক ন ট টম র ক ছ থ ক প য ছ ।
i had nothing to say to tom ,আম র টমক ক ছ ই বল র ছ ল ন ।
i had to show tom something ,আম র টমক ক ছ দ খ ন র ছ ল।
i have difficulty breathing ,আম র শ ব স ন ত কষ ট হচ ছ ।
i have to answer his letter ,আম ক ত র চ ঠ র জব ব দ ত হব ।
i have to ask tom something ,আম র টমক ক ছ জ জ ঞ স কর র আছ ।
i hear you wanted to see me?,শ নল ম ত ম ন ক আম ক দ খত চ ও?
i just want tom to be happy ,আম খ ল চ ই টম স খ থ ক ক।
i just want tom to get well ,আম খ ল চ ই টম ভ ল হয উঠ ক।
i need a box about this big ,আম র একট এই রকম বড ব ক স দরক র।
i need to get off this ship ,আম ক এই জ হ জ থ ক ন ম য ত হব ।
i refuse to talk about that ,আম স ব ষয কথ বলত র জ নই।
i shouldn t have logged off ,আম র লগ আউট কর উচ হয ন ।
i swear i ve never hurt tom ,আম শপথ কর বলছ আম কখনই টমক আঘ ত কর ন ।
i think i can do that alone ,আম র মন হয আম এক ই ওট করত প রব ।
i thought i could trust you ,আম ভ ব ছ ল ম আম ত ম ক ব শ ব স করত প র ।
i thought tom was different ,আম ভ বছ ল ম টম অন যরকম।
i thought tom was in boston ,আম ভ ব ছ ল ম টম বস টন ।
i thought tom was in danger ,আম ভ ব ছ ল ম টম ব পদ পর ছ ।
i thought tom was with mary ,আম ভ বছ ল ম টম ম র র সঙ গ ছ ল।
i thought tom would love it ,আম ভ বছ ল ম টম র এট ভ ল ল গব ।
i thought tom would love it ,আম ভ বল ম টম র এট ভ ল ল গব ।
i thought you were canadian ,আম ভ ব ছ ল ম আপন ক ন ড য ।
i thought you were canadian ,আম ভ ব ছ ল ম আপন ক ন ড য ন।
i thought you were a doctor ,আম ভ ব ছ ল ম আপন ড ক ত র।
i understand your situation ,আম আপন র অবস থ ট ব ঝত প রছ ।
i understand your situation ,আম ত ম র অবস থ ট ব ঝত প রছ ।
i want tom brought here now ,আম চ ই টমক এখ ন ন য আস হ ক।
i want three pairs of socks ,আম র ত ন জ র ম জ চ ই।
i want to ask tom something ,আম টমক ক ছ জ জ ঞ স করত চ ই।
i want to ask you about tom ,আম আপন র ক ছ টম র ব যপ র জ জ ঞ স করত চ ই।
i want to ask you about tom ,আম ত ম র ক ছ টম র ব যপ র জ জ ঞ স করত চ ই।
i want to be as rich as tom ,আম টম র মত বড ল ক হত চ ই।
i want to be as rich as tom ,আম টম র মত ধন হত চ ই।
i want to be as tall as tom ,আম টম র মত লম ব হত চ ই।
i want to know where tom is ,আম চ ই টম ক থ য আছ ।
i want to know who did that ,ক ওট করল আম জ নত চ ই।
i want to make a local call ,আম একট ল ক ল কল করত চ ই।
i want to see how tom lives ,আম দ খত চ ই টম ক মন ভ ব থ ক ।
i want to send tom a letter ,আম টমক একট চ ঠ প ঠ ত চ ই।
i want to talk to tom alone ,আম টম র সঙ গ একল কথ বলত চ ই।
i want to talk to tom first ,আম সব র প রথম টম র সঙ গ কথ বলত চ ই।
i want you to stay with tom ,আম চ ই আপন টম র সঙ গ থ ক ন।
i want you to stay with tom ,আম চ ই ত ম টম র সঙ গ থ ক ।
i want you to stay with tom ,আম চ ই ত ই টম র সঙ গ থ ক।
i want you to work with tom ,আম চ ই আপন টম র সঙ গ ক জ কর ন।
i want you to work with tom ,আম চ ই ত ম টম র সঙ গ ক জ কর ।
i want you to work with tom ,আম চ ই ত ই টম র সঙ গ ক জ কর।
i was arrested in australia ,আম অস ট র ল য য গ র প ত র হয ছ ল ম।
i d like to open an account ,আম একট অ য ক উন ট খ লত চ ই।
i d like you to call me tom ,আম র ইচ ছ য আপন টমক ড ক ন।
i d like you to call me tom ,আম র ইচ ছ য ত ম টমক ড ক ।
i d like you to call me tom ,আম র ইচ ছ য ত ই টমক ড ক স।
i d like you to talk to tom ,আম র ইচ ছ য ত ম টম র সঙ গ কথ বল ।
i d like you to talk to tom ,আম র ইচ ছ য আপন টম র সঙ গ কথ বল ন।
i d like you to talk to tom ,আম র ইচ ছ য ত ই টম র সঙ গ কথ বল স।
i ll be back before morning ,আম সক ল র আগ ফ র আসব ।
i ll be back in ten minutes ,আম দশ ম ন ট র মধ য ফ র আসব ।
i ll be back in three hours ,আম ত ন ঘন ট র মধ য ফ র আসব ।
i ll be back in three weeks ,আম ত ন সপ ত হ র মধ য ফ র আসব ।
i ll be back tomorrow night ,আম ক ল র ত ফ র আসব ।
i ll be back within an hour ,আম এক ঘন ট র মধ য ফ র আসব ।
i ll do that work by myself ,আম ন জ ই স ই ক জ করব।
i ll stop talking about you ,আম আপন র সম পর ক কথ বল বন ধ করব।
i m a little busy here tom ,টম আম এখ ন একট ব যস ত আছ ।
i m at home most of the day ,আম দ ন র ব শ রভ গ সময ব ড ত ই থ ক ।
i m genuinely happy for tom ,আম সত য সত য ই টম র জন য খ শ হয ছ ।
i m genuinely happy for tom ,আম প রক তই টম র জন য খ শ হয ছ ।
i m just looking thank you ,আম খ ল দ খছ ধন যব দ।
i m not proud of what i did ,আম য কর ছ ত ত আম গর ব ত নই।
i m not very busy right now ,আম এই ম হ র ত খ ব একট ব যস ত নই।
i m not very good at french ,আম ফর স ত খ ব একট ভ ল নই।
i ve decided not to sue you ,আম ত ম র ব র দ ধ ম মল ন কর র স দ ধ ন ত ন য ছ ।
i ve learned a lot from tom ,আম টম র থ ক অন ক ক ছ শ খ ছ ।
i ve learned a lot from you ,আম আপন র থ ক অন ক ক ছ শ খ ছ ।
i ve learned a lot from you ,আম ত ম র থ ক অন ক ক ছ শ খ ছ ।
i ve made that same mistake ,আম একই ভ ল কর ছ ।
i ve never seen tom happier ,আম টমক এর থ ক খ শ কখন দ খ ন ।
is that your new girlfriend?,ওট ক ত ম র নত ন ব ন ধব ?
it was entirely tom s fault ,এট প র প র ই টম র দ ষ ছ ল ।
it s been snowing all night ,স র র ত ধর বরফ পরছ ।
it s been snowing all night ,স র র ত ভর ত ষ রপ ত হচ ছ ।
it s difficult to find work ,ক জ প ওয কঠ ন।
it s hard to understand you ,ত ম ক ব ঝ কঠ ন।
let s find a way to do that ,আস ন এট কর র একট উপ য খ জ ব র কর ।
let s find out where tom is ,টম ক থ য আছ খ জ য ক।
let s see what tom is up to ,দ খ য ক টম ক করছ ।
let s talk about that later ,স ট ন য পর কথ বল ।
let s try to make tom laugh ,টমক হ স ন র চ ষ ট কর য ক।
look at me and do what i do ,আম র দ ক ত ক ও আর আম য কর ত ই কর ।
look at me and do what i do ,আম ক দ খ আর আম য কর ত ই কর ।
may i have a glass of water?,আম ক এক গ ল স প ন প ত প র ?
may i look at your passport?,আম ক আপন র প সপ র টট দ খত প র ?
most people think i m crazy ,ব শ ভ গ ল ক আম ক প গল ভ ব ।
my luggage has been damaged ,আম র ম লপত রট ক ষত গ রস ত হয ছ ।
my luggage has just arrived ,আম র ম লপত রট সব এল ।
my room has only one window ,আম র ঘর একট ই জ ন ল আছ ।
please read the whole story ,অন গ রহ কর প র গল পট পড ন।
police caught the criminals ,প ল শ অপর ধ দ র ধর ছ ।
rabbits like to eat carrots ,খরগ শ গ জর খ ত পছন দ কর ।
she didn t order dinner yet ,স এখন র ত র খ ব র র অর ড র দ য ন ।
she didn t order dinner yet ,ত ন এখনও র ত র খ ব র আনত বল নন ।
she didn t tell me her name ,উন আম ক ওন র ন ম বল নন ।
she didn t tell me her name ,ও আম ক ওর ন ম বল ন ।
she didn t tell me her name ,ত ন আম ক ত র ন ম বল নন ।
she didn t tell me her name ,স আম ক ত র ন ম বল ন ।
she was wearing a black hat ,স একট ক ল ট প পর ছ ল।
snow fell early this winter ,এই বছর আগ ভ গ ই ত ষ রপ ত হয ছ ।
take off your socks please ,অন গ রহ কর ম জ ট খ লব ন।
thank you very much doctor ,অন ক অন ক ধন যব দ ড ক ত রব ব ।
the ambassador has returned ,র ষ ট রদ তট ফ র এস ছ ন।
the computer might not work ,কম প উট রট ক জ ন ও করত প র ।
the doctor came immediately ,ড ক ত র দ র তই এস ছ ল ।
the summer vacation is over ,গরম র ছ ট শ ষ।
they died one after another ,ত র একজন একজন কর ম র গ ল।
thirteen people were killed ,ত র জন ল ক ন হত হয ছ ন।
this is completely my fault ,এট প র প র ই আম র দ ষ।
this pen doesn t write well ,এই কলমট ভ ল মতন ল খ ন ।
those who know him like him ,য র ত ক চ ন ত র ত ক পছন দ কর ।
today is a national holiday ,আজ র ষ ট র য ছ ট র দ ন।
tom and mary are very happy ,টম আর ম র খ ব খ শ ।
tom and mary want to see us ,টম আর ম র আম দ র সঙ গ দ খ করত চ য ।
tom can t come over tonight ,টম আজ র ত আসত প রব ন ।
tom didn t come to my house ,টম আম র ব ড ত আস ন ।
tom didn t show me anything ,টম আম ক ক ছ ই দ খ য ন ।
tom doesn t even want to go ,এমনক টম য ত ও চ য ন ।
tom doesn t look very happy ,টমক দ খ খ ব খ শ বল মন হচ চ ন ।
tom doesn t want to be here ,টম এখ ন থ কত চ য ন ।
tom doesn t want to do that ,টম ওট করত চ য ন ।
tom doesn t want to do this ,টম এট করত চ য ন ।
tom doesn t want to give up ,টম হ ল ছ ড দ ত চ য ন ।
tom doesn t want to hear it ,টম এট শ নত চ য ন ।
tom doesn t want to hurt us ,টম আম দ র আঘ ত দ ত চ য ন ।
tom doesn t want to see you ,টম আপন র সঙ গ দ খ করত চ য ন ।
tom doesn t want to see you ,টম ত ম র সঙ গ দ খ করত চ য ন ।
tom doesn t want to see you ,টম ত র সঙ গ দ খ করত চ য ন ।
tom has never been so happy ,টম এত খ শ কখন হয ন ।
tom has too much work to do ,টম র অন ক ক জ কর ব ক আছ ।
tom is a good husband to me ,টম আম র ক ছ একজন ভ ল স ব ম ।
tom is a handsome young man ,টম একট স দর শন য বক।
tom is currently unemployed ,টম ইদ ন ব ক র।
tom is definitely not happy ,টম স পষ টতই খ শ নয ।
tom is in trouble isn t he?,টম ঝ ম ল য পর ছ ত ই ন ?
tom is learning programming ,টম প র গ র ম শ খছ ।
tom is not happy about this ,টম এট র ব যপ র খ শ নয ।
tom is not happy to be here ,টম এখ ন খ শ নয ।
tom is obviously in trouble ,টম স পষ টতই ঝ ম ল য পর ছ ।
tom isn t in prison anymore ,টম আর জ ল ন ই।
tom looked around carefully ,টম স বধ ন চ রপ শ ত ক য দ খল।
tom may not want to do that ,টম ওট ন ও করত চ ইত প র ।
tom said mary is a good mom ,টম বল ছ ম র একজন ভ ল ম ।
tom seemed happy to see you ,টম আপন ক দ খ খ শ বল মন হচ চ ।
tom seems happy and excited ,টমক দ খ খ শ আর উদ দ প ত বল মন হচ চ ।
tom shot and killed a tiger ,টম একট ব ঘক গ ল কর ম র ছ ।
tom still has a few options ,টম র এখনও ক ছ ব কল প আছ ।
tom took me to the hospital ,টম আম ক হ সপ ত ল ন য গ য ছ ল।
tom used to play the guitar ,টম গ ট র ব জ ত ।
tom waited outside the gate ,টম গ ট র ব ইর অপ ক ষ করল ।
tom wanted advice from mary ,টম ম র র ক ছ থ ক পর মর শ চ য ছ ল।
tom wanted to be a minister ,টম মন ত র হত চ য ছ ল ।
tom wanted to know the time ,টম সময জ নত চ য ছ ল।
tom wanted to talk with you ,টম আপন র স থ কথ বলত চ য ছ ল।
tom wanted to talk with you ,টম ত ম র স থ কথ বলত চ য ছ ল।
tom wanted to talk with you ,টম ত র স থ কথ বলত চ য ছ ল।
tom wanted to visit america ,টম আম র ক য ত চ য ছ ল 
tom wanted you to have this ,টম চ য ছ ল আপন এট ন ন।
tom wanted you to have this ,টম চ য ছ ল ত ম এট ন ও।
tom wanted you to have this ,টম চ য ছ ল ত ই এট ন স।
tom wants his umbrella back ,টম ওর ছ ত ট ফ রত চ য ।
tom wants his umbrella back ,টম ত র ছ ত ট ফ রত চ য ।
tom wants me to go with him ,টম চ য আম ওর সঙ গ য ই।
tom wants me to go with him ,টম চ য আম ত র সঙ গ য ই।
tom wants to go job hunting ,টম চ কর র খ জ য ত চ য ।
tom wants to speak with you ,টম আপন র স থ কথ বলত চ য ।
tom wants to speak with you ,টম ত ম র স থ কথ বলত চ য ।
tom wants to speak with you ,টম ত র স থ কথ বলত চ য ।
tom was glad mary was there ,ম র স খ ন থ ক য টম খ শ হয ছ ল।
tom was such a happy person ,টম কত স খ ম ন ষ ছ ল।
tom was very busy with work ,টম ক জ ন য খ ব ব যস ত ছ ল।
tom worked as a dog trainer ,টম ক ক র র প রশ ক ষক হ স ব ক জ করত।
tom wrote a song about mary ,টম ম র ক ন য একট গ ন ল খল ।
tom s hiding something too ,টমও ক ছ ল ক চ ছ ।
tom i want to talk to mary ,টম আম ম র র সঙ গ কথ বলত চ ই।
we all want tom to be happy ,আমর সব ই চ ই টম স খ থ ক ক।
we bought some tennis balls ,আমর ক ছ ট ন স বল ক ন ছ ।
we heard tom was in trouble ,আমর শ নল ম টম ঝ ম ল য পর ছ ল।
we just want to talk to tom ,আমর খ ল টম র স থ কথ বলত চ ই।
we played football together ,আমর একস থ ফ টবল খ লত ম।
we used to play in the park ,আমর প র ক খ লত ম।
we wanted to talk about tom ,আমর টম র ব যপ র কথ বলত চ য ছ ল ম।
we were both a little drunk ,আমর দ জন ই একট ম ত ল ছ ল ম।
we were playing in the park ,আমর প র ক খ লছ ।
what size shoes do you wear?,আপন ক ন ম প র জ ত পর ন?
what team does tom play for?,টম ক ন দল র হয খ ল ?
what s the admission charge?,প রব শম ল য কত?
when tom s happy i m happy ,যখন টম খ শ তখন আম ও খ শ ।
where are those people from?,ঐ ল কগ ল ক থ য থ ক এস ছ ?
where do i claim my baggage?,আম আম র ম লপত র ক থ থ ক দ ব করব?
where is the duty free shop?,শ ল কম ক ত জ ন স ক ন র দ ক নট ক থ য ?
why do you want to hurt tom?,আপন টমক আঘ ত দ ত চ ন ক ন?
why do you want to hurt tom?,ত ম টমক আঘ ত দ ত চ ও ক ন?
why do you want to hurt tom?,ত ই টমক আঘ ত দ ত চ স ক ন?
why do you want to meet tom?,আপন টম র সঙ গ ক ন দ খ করত চ ন?
why do you want to meet tom?,ত ম টম র সঙ গ ক ন দ খ করত চ ও?
why do you want to meet tom?,ত ই টম র সঙ গ ক ন দ খ করত চ স?
will you have lunch with me?,ত ম ক আম র স থ দ প র র খ ব র খ ব ?
you can t fool me this time ,এব র আর আপন আম য ব ক ব ন ত প রব ন ন ।
you must show your passport ,আপন ক প সপ র ট দ খ ত হব ।
you must show your passport ,আপন ক আপন র প সপ র ট দ খ ত হব ।
you should get back to work ,আপন র ক জ ফ র আস উচ ত।
you re not paying attention ,আপন ক ন ত মন য গ দ চ ছ ন ন ।
you re not paying attention ,ত ম ক ন ত মন য গ দ চ ছ ন ।
you re so impatient with me ,ত ম আম র প রত বড ড অধ র য য।
you re so impatient with me ,আপন আম র প রত বড ড অধ র য য।
your parents would be proud ,ত ম র ব ব ম গর ব ত হত ন।
your parents would be proud ,আপন র ব ব ম গর ব ত হত ন।
your prophecy has come true ,আপন র ভব ষ যদ ব ণ সত য হয ছ ।
 she likes music so do i , ও সঙ গ ত ভ ল ব স । আম ও। 
 she likes music so do i , উন সঙ গ ত ভ ল ব স ন। আম ও। 
a cat is meowing on the roof ,ছ দ একট ব ড ল ড কছ ।
a little competition is good ,ক ষ দ র প রত য গ ত ভ ল।
all my friends will be there ,আম র সব বন ধ র ওখ ন থ কব ।
all that glitters isn t gold ,চকচক করল ই স ন হয ন ।
apples are my favorite fruit ,আপ ল আম র প র য ফল।
buddhism originated in india ,ব দ ধধর ম র উ পত ত ভ রত ।
can i ask you some questions?,আম ক ত ম ক ক ছ প রশ ন জ জ ঞ স করত প র ?
can i ask you some questions?,আম ক আপন ক ক ছ প রশ ন জ জ ঞ স করত প র ?
can you give me a cup of tea?,ত ম ক আম ক এক ক প চ দ ত প রব ?
cholera is uncommon in japan ,জ প ন কল র দ খ য য ন ।
could you please repeat that?,আপন ক অন গ রহ কর আর একব র বলত প রব ন?
could you take a photo of me?,আপন ক আম র একট ছব ত লত প রব ন?
democracy encourages freedom ,গণতন ত র স ব ধ নত ক অন প র ণ ত কর ।
do you want to watch a movie?,ত ম ক স ন ম দ খত চ ও?
does tom know he was adopted?,টম ক জ ন ত ক দত তক ন ওয হয ছ ল?
don t ask me what that means ,আম ক এর অর থ জ জ ঞ স করব ন ন ।
don t speak to tom like that ,টম র স থ ওইভ ব কথ বলব ন ন ।
don t speak to tom like that ,টম র স থ ওইভ ব কথ বলব ন ।
don t tell anyone i was here ,আম য এখ ন ছ ল ম ত ক উক বলব ন ন ।
don t you want to discuss it?,আপন ক এট আল চন করত চ ন ন ?
football is my favorite game ,ফ টবল আম র প র য খ ল ।
french is my native language ,ফর স আম র ম ত ভ ষ ।
german cars are very popular ,জ র ম ন গ ড খ বই জনপ র য ।
have you ever been to boston?,আপন ক কখন বস টন গ ছ ন?
have you ever been to boston?,ত ম ক কখন বস টন গ ছ ?
have you ever been to europe?,আপন কখন ইউর প গ ছ ন?
have you ever been to europe?,ত ম কখন ইউর প গ ছ ?
have you ever eaten raw fish?,আপন কখন ক চ ম ছ খ য ছ ন?
have you ever eaten raw fish?,ত ম কখন ক চ ম ছ খ য ছ ?
have you ever ridden a horse?,আপন কখন ঘ ড য চড ছ ন?
have you ever ridden a horse?,ত ম কখন ঘ ড য চড ছ ?
have you ever visited boston?,আপন ক কখন বস টন দ খত গ ছ ন?
have you ever visited boston?,ত ম ক কখন বস টন দ খত গ ছ ?
he can say whatever he wants ,ওন র য ইচ ছ উন বলত প র ন।
he can say whatever he wants ,ওর য ইচ ছ ও বলত প র ।
he can say whatever he wants ,ত র য ইচ ছ স বলত প র ।
he can say whatever he wants ,ত র য ইচ ছ ত ন বলত প র ন।
he is a teacher and novelist ,উন একজন শ ক ষক এব ঔপন য স ক।
he is an experienced teacher ,উন একজন অভ জ ঞ শ ক ষক।
he is an experienced teacher ,ত ন একজন অভ জ ঞ শ ক ষক।
he is from the united states ,ত ন য ক তর ষ ট র থ ক এস ছ ন।
hitler assumed power in 1933 ,হ টল র স ল ক ষমত গ রহণ কর ন।
how can i get to the airport?,আম এয রপ র ট ক ভ ব য ব?
how can i get to the station?,আম স ট শন ক ভ ব য ব?
how did you come to know her?,আপন ওক চ নল ন ক ক র ?
how did you come to know her?,আপন ওন ক চ নল ন ক ক র ?
how did you come to know her?,ত ম ওক চ নল ক ক র ?
how did you come to know her?,ত ই ওক চ নল ক ক র ?
how did you come to know her?,ত ম ওন ক চ নল ক ক র ?
how did you come to know her?,ত ই ওন ক চ নল ক ক র ?
how far is it to the airport?,এয রপ র ট কত দ র এখ ন থ ক ?
how many times must i say no?,আম য কতব র ন বলত হব ?
how much is the entrance fee?,প রব শম ল য কত?
i didn t want this to happen ,আম চ ইন এট ঘট ক।
i don t feel like eating now ,আম র এখন খ ত ইচ ছ করছ ন ।
i don t like making mistakes ,আম ভ ল কর পছন দ কর ন ।
i don t like to drink coffee ,আম র কফ খ ত ভ ল ল গ ন ।
i don t use facebook anymore ,আম আর ফ সব ক ব যবহ র কর ন ।
i don t want to be like that ,আম ওইরকম হত চ ই ন ।
i don t want to go to boston ,আম বস টন য ত চ ই ন ।
i don t want to go to school ,আম স ক ল য ত চ ই ন ।
i don t want to hear a story ,আম গল প শ নত চ ই ন ।
i found the book interesting ,আম র বইট আকর ষণ য বল মন হয ছ ল।
i have a three year contract ,আম র ক ছ ত ন বছর র চ ক ত আছ ।
i haven t gotten a reply yet ,আম এখনও একট উত তর প ইন ।
i hope tom doesn t forget me ,আশ কর টম আম ক ভ ল য ব ন ।
i just realized i m dreaming ,আম ক বল ব ঝল ম আম স বপ ন দ খছ ।
i knew tom wouldn t eat that ,আম জ নত ম টম এট খ ব ন ।
i knew you wouldn t be fired ,আম জ নত ম য ত ম ক বরখ স ত কর হব ন ।
i know how these things work ,এট ক ভ ব ক জ কর ত আম জ ন ।
i know that tom was truthful ,আম জ ন টম সত য বল ছ ল।
i need to go to the hospital ,আম র হ সপ ত ল য ত হব ।
i never listen to tom anyway ,আম এমন ত ও কখনও টম র কথ শ ন ন ।
i only speak french with tom ,আম টম র সঙ গ খ ল ফর স ভ ষ য কথ বল ।
i only speak a little french ,আম খ ল একট ফর স ভ ষ য কথ বল ।
i saw tom s name on the list ,ত ল ক য টম র ন ম দ খল ম।
i think both of you know tom ,আম র মন হয আপন র দ জন ই টমক চ ন ন।
i used to swim in this river ,আম এই নদ ত স ত র ক টত ম।
i want to deposit some money ,আম ক ছ ট ক জম করত চ ই।
i want to talk to the police ,আম প ল শ র স থ কথ বলত চ ই।
i watched the movie with tom ,আম টম র স থ স ন ম ট দ খ ছ ।
i d like to cancel my ticket ,আম আম র ট ক টট ব ত ল করত চ ই।
i d like to change my ticket ,আম আম র ট ক টট প লট ত চ ই।
i d like to live in new york ,আম ন উইয র ক থ কত চ ই।
i ll be back in five minutes ,আম প চ ম ন ট র মধ য ফ র আসব ।
i ll be back in half an hour ,আম আধ ঘন ট র মধ য ফ র আসব ।
i ll certainly come tomorrow ,আম ন শ চই আগ ম ক ল আসব ।
i m catching the 11 00 train ,আম ট র ট র নট ধরত য চ ছ ।
i m hoping that won t happen ,আশ কর স ট ঘটব ন ।
i m hoping that won t happen ,আশ করছ স ট হব ন ।
i m not proud of how i acted ,আম য ভ ব ব যবহ র কর ছ ত ত আম গর ব ত নই।
i m sorry i kept you waiting ,আম ক ক ষম করব ন আম আপন ক অপ ক ষ কর য র খ ছ ল ম।
i m sorry i kept you waiting ,আম ক ক ষম করব আম ত ম ক অপ ক ষ কর য র খ ছ ল ম।
i m sorry i can t stay long ,আম য ক ষম করব ন আম ব শ ক ষণ থ কত প রব ন ।
i m starting to learn french ,আম ফর স শ খ শ র করছ ।
i m very very happy for tom ,আম টম র জন য খ ব খ শ ।
i ve been working on a novel ,আম একট উপন য স ন য ক জ করছ ।
it was dark under the bridge ,ব র জ র ন চ অন ধক র ছ ল।
it s fifteen minutes on foot ,প য হ ট পন র ম ন ট।
mary arrived at the hospital ,ম র হ সপ ত ল প ছ ল ।
may i have your phone number?,আম ক আপন র ফ ন ন ম ব রট প ত প র ?
may i see what s in your bag?,আম ক দ খত প র ত ম র ব য গ ক আছ ?
may i turn on the television?,আম ক ট ভ চ ল ত প র ?
my son is studying economics ,আম র ছ ল অর থন ত পড ছ ।
my stomach hurts after meals ,খ ওয র পর আম র প ট ব য থ কর ।
one language is never enough ,ম ত র একট ভ ষ যথ ষ ট নয ।
pakistan is a muslim country ,প ক স ত ন একট ম সল ম দ শ।
please look after my luggage ,দয কর আম র মলপত রট দ খব ন।
queen elizabeth died in 1603 ,র ন এল জ ব থ স ল ম র য ন।
some people started laughing ,ক উ ক উ হ সত শ র করল ।
some people started laughing ,ক ছ ল ক হ সত শ র করল ।
that s because you re a girl ,ত র ক রণ ত ম একজন ম য ।
that s because you re a girl ,ত র ক রণ ত ই একজন ম য ।
that s the right thing to do ,এট ই সঠ ক ক জ।
that s why we need your help ,স জন য আম দ র আপন র স হ য য দরক র।
the museum is closed sundays ,জ দ ঘরট রব ব র কর বন ধ থ ক ।
the museum is closed sundays ,জ দ ঘরট রব ব র বন ধ থ ক ।
the teacher sat on the chair ,শ ক ষক চ য র বসল ন।
there s one cup on the table ,ট ব লট র উপর একট ক প রয ছ ।
they visited me occasionally ,ওন র আম ক ম ঝ মধ য দ খত আসত ন।
they visited me occasionally ,ওর আম ক ম ঝ মধ য দ খত আসত ।
they wanted to steal the car ,ত র গ ড ট চ র করত চ ইল ।
this is completely different ,এট সম প র ণ আল দ ।
this is the only alternative ,এট ই একম ত র ব কল প।
this is totally unacceptable ,এট সম প র ণর প গ রহণয গ য নয ।
this is what we want to know ,আমর এট জ নত চ ই।
this room is air conditioned ,এই ঘরট শ ত তপ ন য ন ত র ত।
tom ate all of the chocolate ,টম সব চকল ট খ য ছ ।
tom didn t dare to look back ,টম প ছন ফ র ত ক ন র স হস দ খ য ন ।
tom doesn t know mary s kids ,টম ম র র ব চ চ দ র চ ন ন ।
tom doesn t watch war movies ,টম য দ ধ র স ন ম দ খ ন ।
tom flew to boston yesterday ,টম গতক ল বস টন উড গ ছ ।
tom has written three novels ,টম ত নট উপন য স ল খ ছ ।
tom is a doctor in australia ,টম অস ট র ল য র একজন ড ক ত র।
tom kept silent all day long ,টম স র দ ন চ পচ প ছ ল।
tom kept silent all day long ,টম স র দ ন চ পচ প ছ ল ন।
tom left the box unprotected ,টম ব ক সট অরক ষ ত র খ গ য ছ ল।
tom lost everything he owned ,টম ত র ম ল ক ন ধ ন সবক ছ হ র য ছ ।
tom ought to have been there ,টম র ওখ ন থ ক উচ ছ ল ।
tom owes mary thirty dollars ,ম র র ক ছ টম র ত র শ ডল র প য ।
tom waited to hear from mary ,টম ম র র ক ছ থ ক খবর প ওয র জন য অপ ক ষ কর ছ ল।
tom wants to know who we are ,আমর ক টম জ নত চ য ।
tom will be thirty next year ,টম পর র বছর ত র শ প দ ব ।
turn down the volume please ,অন গ রহ কর আওয জট একট কম ন।
we actually saw the accident ,আমর ক র যত দ র ঘটন ট দ খল ম।
we both know that s not true ,আমর দ জন ই জ ন য স ট সত য নয ।
we get together once a month ,আমর ম স একব র কর একত র ত হই।
we have to move very quickly ,আম দ রক খ ব ত ড ত ড চলত হব ।
we traveled in south america ,আমর দক ষ ণ আম র ক ত ঘ রল ম।
we re going to the mountains ,আমর প হ ড য চ ছ ।
we re not here to arrest you ,আমর আপন ক গ র প ত র করত এখ ন আস ন ।
we re still living in boston ,আমর এখনও ব স টন ব স করছ ।
we ve been talking about you ,আমর আপন র কথ ই বলছ ল ম।
we ve got to call the police ,আম দ র প ল শ ড কত হব ।
what else did you want to do?,আপন আর ক করত চ য ছ ল ন?
what time does the bus leave?,ব সট কট র সময ছ ড ?
what time does the club open?,ক ল ব কট র সময খ ল ?
what s this called in french?,ফর স ত এট ক ক বল ?
when and where shall we meet?,আমর কখন এব ক থ য দ খ করব?
when does the next bus leave?,পর র ব সট কখন ছ ড ব ?
when is the breakfast served?,সক ল র খ ওয ট কখন দ ওয হয ?
where can i buy one of those?,আম ওইগ ল র একট ক থ থ ক ক নত প রব?
where can i claim my luggage?,আম ক থ থ ক আম র ম লপত রট প ব?
where can i claim my luggage?,আম ক থ থ ক আম র ম লপত রট ন ত প রব?
where s the nearest hospital?,ক ছ ক ছ র মধ য হ সপ ত লট ক থ য আছ ?
who did you buy this car for?,আপন এই গ ড ট ক র জন য ক ন ছ ন?
who wants some hot chocolate?,ক র একট হট চক ল ট চ ই?
you don t understand do you?,ত ম ব ঝত প রছ ন ত ই ন ?
you have to take antibiotics ,আপন ক অ য ন ট ব য ট ক খ ত ই হব ।
all that glitters is not gold ,চকচক করল ই স ন হয ন ।
aren t you scared of anything?,ত ম ক ক ছ ত ই ভয প ও ন ?
can you please do this for me?,আপন আম র জন য এট করত প র ন?
close the door when you leave ,ব ড ব র সময দরজ ট বন ধ কর দ ও।
close the door when you leave ,ব ড ব র সময দরজ ট বন ধ কর দ ব ন।
could we have a table outside?,আমর ক ব ইর একট ট ব ল প ত প র ?
could you repeat that please?,আপন ক অন গ রহ কর আর একব র বলত প রব ন?
did you remember to buy a map?,আপন র ক ম নচ ত র ক নত মন ছ ল?
do the police know about this?,প ল শ ক এ ব য প র জ ন ?
do you have a washing machine?,আপন র ক ওয শ ম শ ন আছ ?
do you have any cheaper rooms?,আরও সস ত ক ন ঘর আছ ?
do you understand what i mean?,আম ক বলত চ ইছ আপন ব ঝত প রছ ন?
do you understand what i mean?,আম য বলত চ ইছ আপন ক ত ব ঝত প রছ ন?
do you understand what i mean?,আম ক বলত চ ইছ ত ম ব ঝত প রছ ?
do you understand what i mean?,আম য বলত চ ইছ ত ম ক ত ব ঝত প রছ ?
do you want to eat now or not?,ত ম এখন খ ত চ ও ক ন ?
doctors use medical equipment ,ড ক ত রগণ চ ক স সরঞ জ ম ব যবহ র কর ।
have you already eaten supper?,আপন ইত মধ য ক র ত র খ ব র খ য ন য ছ ন?
he arrived in japan yesterday ,স গতক ল জ প ন প ছ ছ ।
he arrived in japan yesterday ,ত ন গতক ল জ প ন প ছ ছ ন।
he died at the age of seventy ,সত তর বছর বয স ত ন ম র য ন।
he had more than enough money ,ত র প রয জন র চ য ব শ ই ট ক ছ ল।
he is a very important person ,উন একজন গ র ত বপ র ণ ব যক ত ।
he is a very important person ,ও একজন গ র ত বপ র ণ ব যক ত ।
he stopped reading newspapers ,ত ন স ব দপত র পড বন ধ কর দ ন।
he was busy with his homework ,ত ন ব ড র ক জ ন য ব যস ত ছ ল ন।
how am i going to get to work?,আম ক জ য ব ক ভ ব ?
how many nights will you stay?,আপন কত র ত র থ কব ন?
how many nights will you stay?,আপন র কত র ত র থ কব ন?
how many nights will you stay?,ত ম কত র ত র থ কব ?
how many nights will you stay?,ত মর কত র ত র থ কব ?
how many nights will you stay?,ত ই কত র ত র থ কব ?
how many nights will you stay?,ত র কত র ত র থ কব ?
i am looking for a good hotel ,আম একট ভ ল হ ট ল খ জছ ।
i can t believe tom got fired ,আম ব শ ব স করত প রছ ন টমক বরখ স ত কর হয ছ ।
i couldn t move my right foot ,আম আম র ড ন প ট ন ড ত প র ন ।
i didn t understand it either ,আম ও এট ব ঝত প র ন ।
i didn t want to frighten you ,আম ত ম ক ভয দ খ ত চ ইন ।
i don t go to work on sundays ,আম রব ব র কর ক জ য ই ন ।
i don t like my mother in law ,আম র শ শ ড ক আম পছন দ কর ন ।
i eagerly await your decision ,আম অধ র আগ রহ আপন র স দ ধ ন ত র জন য অপ ক ষ করছ ।
i forgot to ask for a receipt ,আম রস দ চ ইত ভ ল গ য ছ ল ম।
i found that book interesting ,আম র ওই বইট আকর ষণ য বল মন হয ছ ল।
i found this book interesting ,আম র এই বইট আকর ষণ য বল মন হয ছ ল।
i haven t done this for years ,আম এট অন ক বছর ধর কর ন ।
i hope that that won t happen ,আশ কর স ট ঘটব ন ।
i hope that that won t happen ,আশ করছ স ট হব ন ।
i hope you re willing to help ,আম আশ করছ আপন স হ য য করত চ চ ছ ন।
i just don t know what to say ,আম জ ন ন ঠ ক ক বলব ।
i know nothing about robotics ,আম র ব ট ক স ব ষয ক ছ জ ন ন ।
i learned to live without her ,আম ত ক ছ ড ব চত শ খ ছ ।
i learned to live without her ,আম ওক ছ ড ব চত শ খ ছ ।
i like reading mystery novels ,আম র রহস য উপন য স পড ত ভ ল ল গ ।
i play the piano after supper ,আম র ত র খ ব র র পর প য ন ব জ ই।
i thought you didn t like tom ,আম ভ ব ছ ল ম ত ম টমক পছন দ কর ন ।
i thought you were a canadian ,আম ভ ব ছ ল ম আপন ক ন ড য ।
i thought you were a canadian ,আম ভ ব ছ ল ম আপন ক ন ড য ন।
i want to be more independent ,আম আরও স ব ধ ন হত চ ই।
i want to eat chinese noodles ,আম চ ইন জ ন ডলস খ ত চ ই।
i want to know who started it ,ক শ র করল আম জ নত চ ই।
i want to sleep a little more ,আম আর একট ঘ ম ত চ ই।
i wanted to ask you something ,আম আপন ক ক ছ জ জ ঞ স করত চ য ছ ল ম।
i warned you not to come here ,আম আপন ক এখ ন আস র ব য প র সতর ক কর ছ ল ম।
i went to the jacksons house ,আম জ য কসনদ র ব ড গ য ছ ল ম।
i wish to visit egypt someday ,আম একদ ন ম শর য ত চ ই।
i wish to visit egypt someday ,আম র একদ ন ম শর য ওয র ইচ ছ আছ ।
i d like a first class ticket ,আম র একট প রথম শ র ণ র ট ক ট চ ই।
i d like to confirm my ticket ,আম আম র ট ক টট ন শ চ ত করত চ ই।
i d rather stay here with you ,আম বর ত ম র স থ এখ ন থ কব ।
i ll be back in three minutes ,আম ত ন ম ন ট র মধ য ফ র আসব ।
i m giving it to you for free ,আম আপন ক এট ব ন ম ল য দ চ ছ ।
i m looking for a cheap hotel ,আম একট সস ত হ ট ল খ জছ ।
i m not going to wait for you ,আম ত ম র জন য অপ ক ষ করব ন ।
i m not very good at swimming ,আম স ত র খ ব একট ভ ল নই।
i m sitting alone in my house ,আম আম র ব স য এক বস আছ ।
i m sure i ve seen him before ,আম ন শ চ ত য আম ত ক আগ ও দ খ ছ ।
i ve never lived in australia ,আম অস ট র ল য য থ ক ন ।
is tom jackson your real name?,টম জ য কসন ক ত ম র আসল ন ম?
is tom jackson your real name?,টম জ য কসন ক আপন র আসল ন ম?
is there a hospital near here?,এখ ন ক ছ ক ছ র মধ য ক ন হ সপ ত ল আছ ?
is this movie based on a book?,এই স ন ম ক ক ন বইয র উপর ভ ত ত কর ত র কর হয ছ ?
it was an excellent editorial ,এট একট চম ক র সম প দক য ছ ল।
it was cheaper than i thought ,আম য ভ ব ছ ল ম ত র থ ক অন ক সস ত ছ ল।
january comes before february ,ফ ব র য র র আগ জ ন য র আস ।
japan is to the east of china ,জ প ন চ ন র প র ব অবস থ ত।
japanese is our mother tongue ,আম দ র ম ত ভ ষ জ প ন ।
kindly mind your own business ,দয কর ন জ র চরক য ত ল দ ন।
let s forget about last night ,চল ন গত র ত র কথ ভ ল য ই।
let s talk about the jacksons ,চল জ য কসনদ র কথ বল ।
luxembourg is a small country ,ল ক স মব র গ ছ ট একট দ শ।
make the font a little bigger ,ফন টট আর কট বড কর ন।
may i borrow your car tonight?,আম ক আজ র ত আপন র গ ড ধ র ন ত প র ?
my father can fly an airplane ,আম র ব ব প ল ন ওড ত প র ।
my luggage hasn t arrived yet ,আম র ম লপত র এখন এস প ছ য ন ।
nobody answered the telephone ,ক উই ফ নট র জব ব দ ল ন ।
oil is scarce in this country ,এই দ শ ত ল র অভ ব।
oslo is the capital of norway ,অসল নরওয র র জধ ন ।
show me a cheaper one please ,আম ক আর সস ত একট দ খ ন।
show me your passport please ,অন গ রহ কর আপন র প সপ র টট দ খ ব ন।
tasmania belongs to australia ,ত সম ন য অস ট র ল য র অন তর গত।
that experiment was a failure ,ওই গব ষণ ট অসফল হয ছ ল ।
that s what i was looking for ,আম এইট ই খ জছ ল ম।
that s what we need right now ,এট ই এখন আম দ র দরক র।
the day turned out to be fine ,দ নট ভ ল ই ক টল।
the experiment was successful ,গব ষণ ট সফল হয ছ ল ।
the robot went out of control ,র বটট ন য ন ত রণ র ব ইর চল গ য ছ ল।
the station is two miles away ,স ট শনট দ ম ইল দ র ।
there are many people in asia ,এশ য ত অন ক ল ক আছ ।
there s a mistake in the bill ,ব লট য একট ভ ল আছ ।
these are really just excuses ,এগ ল আসল শ ধ অজ হ ত।
they became citizens of japan ,ত র জ প ন র ন গর ক হয ছ ন।
this is yesterday s newspaper ,এট গতক ল র খবর র ক গজ।
this temple dates back to 780 ,এই মন দ রট স ল র।
those two pieces fit together ,ওই দ ট ট কর একস থ এ ট য য ।
tom always keeps his promises ,টম সবসময ত র কথ র খ ।
tom always keeps his promises ,টম সবসময ত র কথ র খ ন।
tom always keeps his promises ,টম সবসময ওন র কথ র খ ন।
tom always keeps his promises ,টম সবসময ওর কথ র খ ।
tom and mary are good singers ,টম এব ম র ভ ল গ য ক।
tom and mary both are artists ,টম আর ম র শ ল প ।
tom asked me where mary lived ,ম র ক থ য থ ক স ট টম জ নত চ ইল।
tom can explain the situation ,টম পর স থ ত ব য খ য করত প রব ।
tom certainly is good looking ,টম সত য ই খ ব স দর শন।
tom certainly is hypocritical ,টম সত য ই ক ট ল।
tom doesn t have any patience ,টম র ধ র য ন ই।
tom doesn t know mary is here ,টম জ ন ন য ম র এখ ন ।
tom earns twice as much as me ,টম আম র থ ক দ ব গ ন আয কর ।
tom helped mary set the table ,টম ম র ক ট ব ল স ট করত স হ য য কর ।
tom kept silent during dinner ,টম র ত র খ ব র র সময চ পচ প ছ ল।
tom kept silent during dinner ,টম র ত র খ ব র র সময চ পচ প ছ ল ন।
tom says he s going to resign ,টম বলছ য ও পদত য গ করব ।
tom slept with his clothes on ,টম ত র জ ম পর ই ঘ ম য ছ ।
tom started cursing in french ,টম ফর স ত গ ল গ ল দ ওয শ র করল ।
tom tried to keep his chin up ,টম ত র ম খ উ চ র খ র চ ষ ট কর ছ ল।
tom tried to keep his chin up ,টম ত র ম খ উ চ র খ র চ ষ ট কর ছ ল ন।
tom tried to keep his chin up ,টম ওর ম খ উ চ র খ র চ ষ ট কর ছ ল।
tom tried to keep his chin up ,টম ওন র ম খ উ চ র খ র চ ষ ট কর ছ ল ন।
tom used to be scared of dogs ,টম র ক ক র র প রত ভয ছ ল ।
tom used to be scared of dogs ,টম ক ক রক ভয প ত ।
tom was killed in an accident ,টম একট দ র ঘটন য ম র গ ছ ।
turn right at the next corner ,পর র ম ড ট য ড নদ ক ব ক য ব ন।
we both know this isn t right ,আমর দ জন ই জ ন য এট ঠ ক নয ।
we couldn t agree on anything ,আমর ক ছ ত ই একমত হত প র ন ।
we don t live in fear anymore ,আমর আর ভয ব চ ন ।
we have room for three others ,আম দ র আরও ত ন জন র জন য জ য গ আছ ।
we met last year in australia ,আম দ র গত বছর অস ট র ল য য দ খ হয ছ ল।
what are you suggesting we do?,আপন আম দ র ক পর মর শ দ চ ছ ন?
what sort of hats do you like?,আপন ক ন ধরন র ট প পছন দ কর ন?
what time do you start school?,কয ট র সময ত ম র স ক ল শ র হয ?
what time does the ship leave?,জ হ জট কট র সময ছ ড ?
when do you usually go to bed?,আপন স ধ রণত কট র সময শ ত য ন?
when do you usually go to bed?,ত ম স ধ রণত কট র সময শ ত য ও?
where are you going on monday?,স মব র আপন ক থ য য চ ছ ন?
where are you going on monday?,স মব র ত ম ক থ য য চ ছ ?
where can i buy that magazine?,আম ওই পত র ক ট ক থ থ ক ক নত প রব?
where do you watch television?,আপন ক থ য ট ল ভ শন দ খ ন?
where is the closest hospital?,ক ছ ক ছ র মধ য হ সপ ত লট ক থ য আছ ?
why aren t you coming with us?,আম দ র স থ আসছ ন ন ক ন?
why aren t you coming with us?,আম দ র স থ আসছ ন ক ন?
would you like to come inside?,আপন ক ভ তর আসব ন?
would you like to come inside?,আপন র ক ভ তর আসব ন?
would you like to come inside?,ত ম ক ভ তর আসব ?
would you like to come inside?,ত মর ক ভ তর আসব ?
you can eat anything you want ,আপন র য ট ইচ ছ হয স ট খ ত প র ন।
you can eat anything you want ,ত ম র য ট ইচ ছ হয স ট খ ত প র ।
you can eat whatever you like ,আপন র য ইচ ছ ত ই খ ত প র ন।
you can eat whatever you like ,ত ম র য ইচ ছ ত ই খ ত প র ।
you shouldn t speak so loudly ,ত ম র এত জ র কথ বল উচ ত নয ।
your bike is better than mine ,ত ম র ব ইকট আম রট থ ক ভ ল।
 i want to go home so do i , আম ব ড য ত চ ই। আম ও। 
a map helps us study geography ,ম নচ ত র আম দ র ভ গ ল প ঠ সহ য ত কর ।
antibiotics can t kill viruses ,অ য ন ট ব য ট ক ভ ইর সক ম রত প র ন ।
anyone may use this dictionary ,য ক উ এই অভ ধ নট ব যবহ র করত প র ন।
can you gift wrap this please?,এট ক একট গ ফট র য প কর দ ত প রব ন?
do you have any cough medicine?,আপন দ র ক ছ ক ন ক শ র অষ ধ আছ ?
do you have any cough medicine?,আপন র ক ছ ক ন ক শ র অষ ধ আছ ?
do you intend to come tomorrow?,আপন ক আগ ম ক ল আসত চ ন?
do you know what i really want?,আপন ক জ ন ন আম সত য ই ক চ ই?
do you think you could help me?,আপন মন হয য আপন আম ক স হ য য করত প র ন?
does this bus go to the museum?,এই ব সট ক জ দ ঘর অবধ য য ?
don t let tom watch that movie ,টমক ওই স ন ম দ খত দ ব ন ন ।
fighting won t settle anything ,লড ই কর ক ছ হব ন ।
finish it before you go to bed ,ঘ ম ত য ওয র আগ ওট শ ষ কর ফ ল ন।
finish it before you go to bed ,ঘ ম ত য ওয র আগ ওট শ ষ কর ফ ল ।
finish it before you go to bed ,ঘ ম ত য ওয র আগ ওট শ ষ কর ফ ল ।
give us a call when you arrive ,আপন প ছ আম দ র কল দ ব ন।
he did well in the examination ,পর ক ষ য ভ ল কর ছ স ।
he is actually not the manager ,উন আসল ম য ন জ রই নন।
he wants to work in a hospital ,ত ন একট হ সপ ত ল ক জ করত চ ন।
he wants to work in a hospital ,স একট হ সপ ত ল ক জ করত চ য ।
how do you pronounce this word?,এই শব দট র উচ চ রণ ক ভ ব করত হয ?
how do you pronounce this word?,এই শব দট র উচ চ রণ ক ?
how do you say that in italian?,ইত ল য ত এট ক ভ ব বল ?
how many museums did you visit?,আপন কতগ ল জ দ ঘর ঘ র ছ ন?
how many museums did you visit?,ত ম কতগ ল জ দ ঘর ঘ র ছ ?
how many songs has tom written?,টম কতগ ল গ ন ল খ ছ ?
how much time do we still have?,আমর হ ত আর কত সময আছ ?
i am going to america by plane ,আম ব ম ন কর আম র ক য চ ছ ।
i can understand your language ,আম আপন র ভ ষ ব ঝ ।
i can t believe i believed tom ,আম এখন ব শ ব স করত প রছ ন য আম টমক ব শ ব স কর ছ ল ম।
i can t live that kind of life ,আম ওই ভ ব জ বনয পন করত প রব ন ।
i can t see without my glasses ,আম চশম ছ ড দ খত প র ন ।
i decided to stay on the train ,আম ট র ন ই থ ক র স দ ধ ন ত ন ল ম।
i didn t want to use the phone ,আম ফ ন ব যবহ র করত চ ইন ।
i don t have to work on monday ,আম ক স মব র ক জ করত হব ন ।
i don t know when i ll be back ,কখন ফ র আসব আম জ ন ন ।
i don t want to argue with you ,আম ত ম র সঙ গ তর ক করত চ ই ন ।
i don t want to argue with you ,আম আপন র সঙ গ তর ক করত চ ই ন ।
i don t want to go there again ,আম ওখ ন আব র য ত চ ই ন ।
i don t want to see your faces ,আম ত ম দ র ম খ দ খত চ ই ন ।
i don t want to wait that long ,আম অতক ষণ অপ ক ষ করত চ ই ন ।
i donated blood this afternoon ,আম আজ দ প র রক তদ ন করল ম।
i finally got across the river ,অবশ ষ আম নদ পড ত প রল ম।
i got up at seven this morning ,আজ সক ল আম স তট র সময উঠ ছ ।
i guess you don t need my help ,আম র মন হয আপন র আম র ক ন স হ য য ল গব ন ।
i hardly ever read a newspaper ,আম খ ব কমই স ব দপত র পড ।
i know you ll enjoy that movie ,আম জ ন আপন স ন ম ট উপভ গ করব ন।
i think i d better go with you ,আম র মন হয আম র ত ম র স থ য ওয উচ ত।
i think tom only speaks french ,আম র মন হয টম খ ল ফর স ভ ষ য কথ বল ।
i want something cold to drink ,আম ঠ ন ড ক ছ খ ত চ ই।
i was born and raised in tokyo ,আম র জন ম এব ব ড ওঠ ট ক ওত ।
i was on vacation at that time ,আম তখন ছ ট ত ছ ল ম।
i won t tell anyone about this ,এ ব ষয ক উক বলব ন ।
i d like to stay for one night ,আম এক র ত র জন য থ কত চ ই।
i ll be back in twenty minutes ,আম ব শ ম ন ট র মধ য ফ র আসব ।
i m just glad to be part of it ,আম এট র অ শ হত প র আনন দ ত।
i m looking for a mango to eat ,আম একট আম খ জছ খ ওয র জন য।
i m not sure who paid the bill ,আম ন শ চ ত নই ক ব ল দ য ছ ।
i m only trying to protect you ,আম শ ধ ত ম ক রক ষ কর র চ ষ ট করছ ।
i m sorry but it s impossible ,আম য ক ষম করব ন ক ন ত এট সম ভব নয ।
i m sorry but it s impossible ,আম য ক ষম ক র ক ন ত এট সম ভব নয ।
i m three years older than you ,আম ত ম র থ ক ত ন বছর র বড ।
i ve finished reading the book ,আম বইট পড শ ষ কর ছ ।
i ve never told this to anyone ,আম একথ ক নদ ন ক উক বল ন ।
is this the way to the station?,এট ক স ট শন য ওয র র স ত ?
it s a pity when somebody dies ,ক উ ম র গ ল খ ব খ র প ল গ ।
japan depends on foreign trade ,জ প ন ব দ শ ক ব ণ জ য র উপর ন র ভরশ ল।
kyiv is the capital of ukraine ,ইউক র ন র র জধ ন হল ক য ভ।
most of the leaves have fallen ,ব শ রভ গ প ত ই ঝর গ ছ ।
my favorite subject is biology ,আম র প র য ব ষয হল জ বব জ ঞ ন।
my hobby is listening to music ,গ ন শ ন আম র ন শ ।
my legs are shorter than yours ,আম র প ত ম র প য র চ য খ ট ।
my mother plays the piano well ,আম র ম খ ব ভ ল প য ন ব জ ত প র ।
my throat hurts when i swallow ,আম যখন গ লত য ই তখন আম র গল ব য থ কর ।
only tom dared speak the truth ,শ ধ টম সত য কথ বল র স হস দ খ য ছ ল।
plants need sunshine and water ,উদ ভ দ র র দ এব জল প রয জন।
please show me the green shirt ,আম ক একট সব জ জ ম ট দ খ ব ন।
please wait till he comes back ,উন আস পর যন ত দয কর অপ ক ষ কর ন।
she can say whatever she wants ,ওন র য ইচ ছ উন বলত প র ন।
she can say whatever she wants ,ওর য ইচ ছ ও বলত প র ।
she can say whatever she wants ,ত র য ইচ ছ স বলত প র ।
she can say whatever she wants ,ত র য ইচ ছ ত ন বলত প র ন।
she lives in a two story house ,ত ন একট দ তল ব ড ত থ ক ন।
so what are you up to tonight?,ত আজ র ত আপন ক করছ ন?
some of your answers are wrong ,আপন র ক ছ উত তর ভ ল।
someday i ll run like the wind ,ক ন একদ ন আম হ ওয র মত দ ড ব ।
spanish is her native language ,স প য ন শ ত র ম ত ভ ষ ।
spanish is her native language ,স প য ন শ ত র ম ত ভ ষ ।
spanish is her native language ,স প য ন শ ওন র ম ত ভ ষ ।
that book is written in french ,ওই বইট ফর স ত ল খ হয ছ ।
that s an interesting question ,এট দ র ণ একট প রশ ন।
the hospital opened last month ,হ সপ ত লট গত ম স খ ল ছ ।
the tiger escaped from the zoo ,চ ড য খ ন থ ক ব ঘট প ল য ছ ।
the village has no electricity ,গ র মটত ব দ য ন ই।
the virus is spreading rapidly ,ভ ইর সট দ র ত ছড য পড ছ ।
their wedding will be tomorrow ,আগ ম ক ল ত দ র ব য হব ।
they don t want to be involved ,ত র জড ত হত চ য ন ।
they left the problem unsolved ,ত র সমস য ট অম ম স ত র খ গ ছ ।
this can t wait until tomorrow ,এট আগ ম ক ল অবধ অপ ক ষ করত প রব ন ।
this hotel was built last year ,হ ট লট গত বছর ত র হয ছ ল।
this house is my grandfather s ,এই ব ড ট আম র দ দ র।
this house is my grandfather s ,এই ব ড ট আম র ঠ ক রদ র।
this material stretches easily ,এই বস ত ট সহজ ই প রস র ত হয ।
this novel is very imaginative ,এই উপন য সট খ বই কল পন প রস ত।
this only happens in australia ,এট শ ধ অস ট র ল য য ঘট ।
this product was made in china ,এই পন যট চ য ন য ত র ।
this room has air conditioning ,এই ঘর এস আছ ।
those roses are very beautiful ,ওই গ ল প ফ লগ ল খ ব স ন দর।
tom could ve killed both of us ,টম আম দ র দ জনক ই ম র ফ লত প রত।
tom gave all his money to mary ,টম ত র সব ট ক ম র ক দ য ছ ল।
tom hardly ever keeps his word ,টম খ ব কমই ত র কথ র খ ।
tom hardly ever keeps his word ,টম খ ব কমই ত র কথ র খ ন।
tom hardly ever keeps his word ,টম খ ব কমই ওর কথ র খ ।
tom hardly ever keeps his word ,টম খ ব কমই ওন র কথ র খ ন।
tom has closed all the windows ,টম সব জ ন ল বন ধ কর দ য ছ ।
tom is a bit shorter than mary ,টম ম র র থ ক একট ব ট ।
tom is still at home isn t he?,টম এখনও ব ড ত ই আছ ত ই ন ?
tom left without saying a word ,টম ক ন কথ ন বল চল গ ল।
tom likes chocolate cake a lot ,টম চকল ট ক ক খ ব পছন দ কর ।
tom said it s a common problem ,টম বলল এট একট স ধ রণ সমস য ।
tom tried to keep from smiling ,টম ন হ স র চ ষ ট করছ ল।
tom tried to keep from smiling ,টম ন হ স র চ ষ ট করছ ল ন।
tom will answer your questions ,টম আপন দ র প রশ ন র উত তর দ ব ।
tom can you get us some water?,টম ত ম ক আম দ র জন য একট প ন দ ত প রব ?
we both know that that s a lie ,আমর দ জন ই জ ন য এট একট ম থ য ।
we don t have that information ,আম দ র ক ছ স ই তথ য ন ই।
we made pancakes for breakfast ,আমর প র ত র শ র জন য প য নক ক ব ন য ছ ল ম।
we should do this every monday ,আম দ র প রত স মব র এট কর উচ ত।
we talked about various topics ,আমর ব ভ ন ন ব ষয ন য কথ বলল ম।
we were studying all afternoon ,আমর স র দ প র পর শ ন করছ ল ম।
what are your thoughts on that?,এই ব ষয আপন র ক মত?
what are your thoughts on that?,এই ব ষয ত ম র ক মত?
what do you want to cook today?,আজক আপন ক র ন ন করত চ ন?
what do you want to cook today?,আজক ত ম ক র ন ন করত চ ও?
what do you want to cook today?,আজক ত ই ক র ন ন করত চ স?
what time does the train leave?,ট র নট কট র সময ছ ড ?
what s the point in doing this?,এট কর ল ভ ক ?
where are the lions and tigers?,স হ আর ব ঘ ক থ য ?
where s the australian embassy?,অস ট র ল য দ ত ব সট ক থ য ?
why do you want to leave today?,আপন আজক ই য ত চ ইছ ন ক ন?
why do you want to leave today?,ত ম আজক ই য ত চ ইছ ক ন?
why do you want to leave today?,আপন র আজক ই য ত চ ইছ ন ক ন?
why do you want to leave today?,ত মর আজক ই য ত চ ইছ ক ন?
will you look after my baggage?,আম র ম লপত রট একট দ খব ন?
you could say that you love me ,ত ম বলত প র য ত ম আম ক ভ ল ব স ।
you may wear anything you want ,আপন য ট চ ন স ট ই পরত প র ন।
you must take this cough syrup ,আপন ক অত অবশ যই এই ক শ র স র পট খ ত হব ।
you d defend tom wouldn t you?,ত ম টমক রক ষ করব ত ই ন ?
your cow is eating our flowers ,ত ম র গর আম দ র ফ ল খ চ ছ ।
 who is it? it s your mother , ক ? ত ম র ম । 
a friend loaned this book to me ,এক বন ধ আম ক এই বইট ধ র দ য ছ ।
a virus infected tom s computer ,টম র কম প উট র ভ ইর স আক রমণ কর ছ ।
are you accusing me of cheating?,আপন ক আম র ব র দ ধ প রত রণ র অভ য গ করছ ন?
aren t you still working for us?,আপন এখনও আম দ র জন য ক জ করছ ন ন ?
at last she solved the problem ,অবশ ষ ত ন সমস য র সম ধ ন কর ছ ন।
call me at six tomorrow morning ,আম ক ক ল সক ল ছট য ফ ন করব ন।
can you take me to this address?,আপন ক আম ক এই ঠ ক ন য ন য য ত প রব ন?
could you write it down please?,আপন ক অন গ রহ কর এট একট ল খ দ ত প রব ন?
did you know what tom was doing?,আপন ক জ নত ন টম ক করছ ল?
did you use to smoke cigarettes?,আপন ক স গ র ট খ ত ন?
do you have japanese newspapers?,আপন র ক ছ ক জ প ন খবর র ক গজ আছ ?
do you have any plans right now?,ত ম র এখন ক ছ কর র চ ন ত ভ বন আছ ?
do you have any plans right now?,আপন র এখন ক ছ কর র চ ন ত ভ বন আছ ?
do you have anything to declare?,আপন র ক ছ জ ন ন র আছ ?
do you plan on doing that again?,আপন ক আব র এট কর র পর কল পন করছ ন?
do you want to eat now or later?,আপন ক এখন খ ত চ ন ন পর ?
do you want to eat now or later?,আপন র ক এখন খ ত চ ন ন পর ?
do you want to eat now or later?,ত ম ক এখন খ ত চ ও ন পর ?
do you want to eat now or later?,ত মর ক এখন খ ত চ ও ন পর ?
don t speak french in the class ,ক ল স ফর স ত কথ বলব ন ।
earthquakes are common in japan ,জ প ন ভ ম কম প স ধ রণ ব ষয ।
even tom was somewhat impressed ,এমনক টমও ক ছ ট প রভ ব ত হয ছ ল।
everyone laughed including tom ,টমসহ সব ই হ স ছ ল ।
excuse us for the inconvenience ,অস ব ধ র জন য আম দ র ক ষম করব ন।
finish this as soon as possible ,যত ত ড ত ড সম ভব এট শ ষ কর ন ।
finish this as soon as possible ,যত ত ড ত ড সম ভব এট শ ষ কর।
french isn t difficult to learn ,ফর স শ খ কঠ ন নয ।
germany and japan were defeated ,জ র ম ন এব জ প ন পর জ ত হয ছ ল।
he did not work on sunday night ,উন রব ব র র ত ক জ কর ন ন ।
he did not work on sunday night ,স রব ব র র ত ক জ কর ন ।
he failed due to lack of money ,অর থ র অভ ব ত ন ব যর থ হয ছ ন।
he helped the lady into the car ,ত ন মহ ল ট ক গ ড ত বসত স হ য য কর ছ ল ন।
he s three years older than her ,স ত র থ ক ত ন বছর র বড ।
how do you know it s not a trap?,এট য ক ন ফ দ ন ত ক ভ ব ব ঝছ ?
how do you write your last name?,আপন র পদব ট ক ভ ব ল খ ন?
how far s the airport from here?,এয রপ র ট কত দ র এখ ন থ ক ?
how long do you plan to do this?,আপন কতদ ন এট কর র পর কল পন করছ ন?
how much does it cost to get in?,ভ তর য ওয র জন য কত ট ক ল গব ?
i believe he is coming tomorrow ,আম র ব শ ব স উন আগ ম ক ল আসব ন।
i believe he is coming tomorrow ,আম র ব শ ব স ও আগ ম ক ল আসব ।
i don t know if i have the time ,আম জ ন ন আম র সময আছ ক ন ।
i don t know if i have the time ,আম জ ন ন আম র সময হব ক ন ।
i don t know if i still have it ,আম জ ন ন আম র ক ছ এখন স ট আছ ক ন ।
i don t think that tom was here ,আম র মন হয ন টম এখ ন ছ ল।
i don t think that tom was here ,আম র মন হয ন য টম এখ ন ছ ল।
i don t want to go out with tom ,আম টম র স থ ঘ রত য ত চ ই ন ।
i forgot to telephone him today ,আম ওন ক আজ ফ ন করত ভ ল গ ছ ।
i have a good french dictionary ,আম র খ ব ভ ল ফর স অভ ধ ন আছ ।
i have a return ticket to tokyo ,আম র ক ছ ট ক ওর একট ফ রত ট ক ট আছ ।
i have to go to the store first ,আম ক প রথমত দ ক ন য ত হব ।
i haven t really done that much ,সত য ক র অর থ আম অতক ছ কর ন ।
i just wanted to check my email ,আম খ ল আম র ইম লট দ খত চ য ছ ল ম।
i know what you re going to say ,আম জ ন আপন ক বলব ন।
i like to write songs in french ,আম ফর স ভ ষ য গ ন ল খত ভ ল ব স ।
i need new soles on these shoes ,এই জ ত গ ল র জন য নত ন স কতল চ ই।
i need to give you an injection ,ত ম ক আম র একট ইনজ কশন দ ত হব ।
i should ve talked to tom first ,আম র আগ টম র সঙ গ কথ বল উচ ছ ল।
i shouldn t have asked you that ,আম র ত ম য এট জ জ ঞ স কর উচ ত হয ন ।
i suddenly feel very much alone ,আম র এখনই খ ব একল ল গছ ।
i teach mathematics and physics ,আম গণ ত এব পদ র থব দ য পড ই।
i think it s impossible for tom ,আম র মন হয টম র পক ষ এট অসম ভব।
i want to sleep a little longer ,আম আর একট ঘ ম ত চ ই।
i was in boston for three years ,আম ত ন বছর বস টন ছ ল ম।
i went to see a movie yesterday ,গতক ল ম ভ দ খত গ য ছ ল ম।
i would like to buy some cheese ,আম ক ছ চ জ ক নত চ ই।
i would never have guessed that ,আম কখনই এট আন দ জ করত প রত ম ন ।
i write for the local newspaper ,আম স থ ন য পত র ক র জন য ল খ ।
i d like to check out right now ,আম এখনই ঘরট ছ ড দ ত চ ই।
i d like to withdraw some money ,আম ক ছ ট ক ত লত চ ই।
i ll be back before you know it ,আম আপন র জ ন র আগ ফ র আসব ।
i ll go to the dentist tomorrow ,আম আগ ম ক ল দ ত র ড ক ত র র ক ছ য ব ।
i m going to check out at eight ,আম আটট র সময ঘর ছ ড ত চ ই।
i m looking for a room for rent ,আম একট ঘর ভ র খ জছ ।
i ve seen your driver s license ,আম আপন র ড র ইভ ল ইস ন স দ খ ছ ।
in life there are ups and downs ,জ বন চড ই উতর ই আছ ।
it is ten minutes before eleven ,এখন এগ র ট ব জত দশ ম ন ট ব ক ।
it seems that i ve lost my keys ,মন হচ ছ আম আম র চ ব হ র য ফ ল ছ ।
it s a matter of personal taste ,এট ন জস ব র চ র ব য প র।
may i see your passport please?,আম ক আপন র প সপ র টট দ খত প র ?
maybe he will be a good teacher ,হয ত ত ন একজন ভ ল শ ক ষক হব ন।
my guitar didn t cost very much ,আম র গ ট র র দ ম খ ব ব শ ছ ল ন ।
my watch isn t working properly ,আম র হ ত ঘড ট ঠ কঠ ক ক জ করছ ন ।
my watch isn t working properly ,আম র হ ত ঘড ট ঠ কমত ক জ করছ ন ।
not all muslims observe ramadan ,সব ম সলম ন রমজ ন প লন কর ন ।
only adults may watch that film ,শ ধ ম ত র প র প তবয স কর চলচ চ ত রট দ খত প র ন।
ottawa is the capital of canada ,অট য ক ন ড র র জধ ন ।
our native language is japanese ,আম দ র ম ত ভ ষ জ প ন ।
please correct my pronunciation ,অন গ রহ কর আম র উচ চ রণট শ ধর দ ন।
please let me take your picture ,আম ক আপন র ছব ন ত দ ন।
she wants to work in a hospital ,ত ন একট হ সপ ত ল ক জ করত চ ন।
she wants to work in a hospital ,স একট হ সপ ত ল ক জ করত চ য ।
slaves were considered property ,দ সদ র সম পত ত মন কর হত ।
snow reflects ultraviolet light ,বরফ অত ব গ ন রশ ম ক প রত ফল ত কর ।
some animals are afraid of fire ,ক ছ প র ণ আগ নক ভয প য ।
talk to your teacher about that ,ত ম র শ ক ষক র স থ এট ন য কথ বল ।
that train has left the station ,ঐ ট র নট স ট শন ছ ড চল গ য ছ ।
the clock has just struck three ,ঘড ত সব ত নট ব জ ছ ।
the glass was broken by someone ,ক চট ক র র দ ব র ভ ঙ হয ছ ।
the president suddenly resigned ,হঠ পদত য গ করল ন র ষ ট রপত ।
the reservation is already made ,আগ থ ক ই স রক ষণট হয গ ছ ।
the robot i built isn t working ,আম র ত র কর র বটট ক জ করছ ন ।
the train leaves in ten minutes ,দশ ম ন ট র ম ঝ ই ট র ন ছ ড ব ।
there are too many things to do!,প রচ র ক জ কর র আছ !
there is an orange on the table ,ট ব ল র উপর একট কমল আছ ।
there s no time for explanation ,ব য খ য কর র সময ন ই।
they are leaving japan tomorrow ,ত র আগ ম ক ল জ প ন ত য গ করব ।
they aren t waiting for the bus ,ত র ব স র জন য অপ ক ষ করছ ন ।
they had once helped each other ,একসময ত র এক অপরক স হ য য কর ছ ল।
this computer runs on batteries ,এই কম প উট রট ব য ট র ত চল ।
those who want to stay can stay ,য র থ কত চ য থ কত প র ।
today is election day in poland ,আজ প ল য ন ড র ন র ব চন র দ ন।
tom and mary are happy together ,টম আর ম র একসঙ গ স খ ।
tom earns twice as much as i do ,টম আম র থ ক দ ব গ ন আয কর ।
tom frequently downloads movies ,টম প র য ই স ন ম ড উনল ড কর ।
tom has already joined the team ,টম ইত মধ য ই দলট ত য গ দ য ছ ।
tom has decided to keep a diary ,টম একট ড ইর র খ র কথ ঠ ক কর ছ ।
tom has decided to keep a diary ,টম একট ড ইর র খ র কথ ঠ ক কর ছ ন।
tom is afraid of mary isn t he?,টম ম র ক ভয প য ত ই ন ?
tom is going to leave isn t he?,টম চল য চ ছ ত ই ন ?
tom is scared of mary isn t he?,টম ম র ক ভয প য ত ই ন ?
tom kept an eye on the children ,টম ব চ চ দ র উপর নজর র খ ছ ল।
tom kept an eye on the children ,টম ব চ চ দ র উপর নজর র খ ছ ল ন।
tom knows where mary is staying ,ম র ক থ য থ কছ স ট টম জ ন ।
tom lives around here somewhere ,টম এখ ন ই ক থ ও থ ক ।
tom loves watching horror films ,টম হরর ফ ল ম দ খত ভ ল ব স ।
tom still lives with his mother ,টম এখনও ত র ম য র স থ থ ক ।
tom teaches history and biology ,টম ইত হ স এব জ বব জ ঞ ন পড য ।
tom told mary he had to do that ,টম ম র ক বল ছ ল য ত ক এট করত ই হব ।
tom was determined to kiss mary ,টম ম র ক চ ম বন করত বদ ধপর কর ছ ল।
tom was the last one to go home ,টমই শ ষ ব যক ত য ন ব ড ত য ন।
tom wouldn t eat that would he?,টম ওট খ ব ন ত ই ন ?
tom s parents were also singers ,টম র ব ব ম ও গ য ক ছ ল ন।
tomorrow i will return to japan ,আম ক ল জ প ন ফ র আসব ।
we need to find a solution soon ,আম দ র খ ব ত র ত র ই একট সম ধ ন খ জ ব র করত হব ।
we play football every saturday ,আমর প রত য ক শন ব র ফ টবল খ ল ।
we ll start doing that tomorrow ,আমর আগ ম ক ল ঐ ক জ শ র করব।
what did you do with my luggage?,আপন আম র মলপত রট ক করল ন?
what is the population of india?,ভ রত র জনস খ য কত?
what time do you usually get up?,আপন এমন ত কট র সময ঘ ম থ ক ওঠ ন?
what time do you usually get up?,ত ম এমন ত কট র সময ঘ ম থ ক ওঠ ?
what time does the train arrive?,ট র নট কট র সময প ছ য ?
what time does your plane leave?,আপন র প ল নট কট র সময ছ ড ব ?
what was tom doing in australia?,টম অস ট র ল য য ক করছ ল?
what s the meaning of this word?,এই শব দট র অর থ ক ?
what s the meaning of this word?,এই শব দট র ম ন ক ?
when was your last hearing test?,আপন র শ ষ শ রবণ পর ক ষ কব ছ ল?
where did you put the newspaper?,খবর র ক গজট ক থ য র খল ন?
where is the australian embassy?,অস ট র ল য দ ত ব সট ক থ য ?
whose book is that on the table?,ট ব ল ওই বইট ক র?
why doesn t anyone say anything?,ক উ ক ছ বলছ ন ক ন?
would you like to eat something?,ত ম ক ক ছ খ ব ?
would you like to eat something?,আপন ক ক ছ খ ব ন?
you ought to ask him for advice ,ত ম র ওন ক পর মর শ র জন য জ জ ঞ স কর উচ ।
you ought to ask him for advice ,ত ম র ওক পর মর শ র জন য জ জ ঞ স কর উচ ।
you ought to ask him for advice ,ত ম র ত ক পর মর শ র জন য জ জ ঞ স কর উচ ।
you ought to ask him for advice ,ত ম র ত ক পর মর শ র জন য জ জ ঞ স কর উচ ।
you ought to ask him for advice ,আপন র ত ক পর মর শ র জন য জ জ ঞ স কর উচ ।
you ought to ask him for advice ,আপন র ত ক পর মর শ র জন য জ জ ঞ স কর উচ ।
you ought to ask him for advice ,আপন র ওক পর মর শ র জন য জ জ ঞ স কর উচ ।
you ought to ask him for advice ,আপন র ওন ক পর মর শ র জন য জ জ ঞ স কর উচ ।
your bicycle is similar to mine ,ত ম র স ইক লট আম র স ইক ল র মতন।
a tiger has escaped from the zoo ,চ ড য খ ন থ ক একট ব ঘ প ল য ছ ।
babies don t stay babies forever ,শ শ র চ রক ল শ শ থ ক ন ।
can it be phrased in another way?,এট ক ক অন যভ ব বল য য ?
can it be phrased in another way?,এট ক ক অন য ভ ষ য প রক শ কর য য ?
do you have something to declare?,আপন র ক ছ জ ন ন র আছ ?
do you live in this neighborhood?,আপন ক এই প ড ত ই থ ক ন?
do you live in this neighborhood?,ত ম ক এই প ড ত ই থ ক ?
everyone is inside tom s trailer ,সব ই টম র ট র ল র র ভ তর রয ছ ।
give me liberty or give me death ,আম ক হয ম ক ত দ ও ন হয ম ত য দ ও।
he doesn t want to talk about it ,ইন এই ব ষয কথ বলত চ ন ন ।
he doesn t want to talk about it ,ঊন এই ব ষয কথ বলত চ ন ন ।
he doesn t want to talk about it ,ত ন এই ব ষয কথ বলত চ ন ন ।
he doesn t want to talk about it ,ও এই ব ষয কথ বলত চ য ন ।
he doesn t want to talk about it ,স এই ব ষয কথ বলত চ য ন ।
he eats nothing other than fruit ,স ফল ছ ড আর ক ছ ই খ য ন ।
he eats nothing other than fruit ,উন ফল ছ ড আর ক ছ ই খ ন ন ।
he eats nothing other than fruit ,ত ন ফল ছ ড আর ক ছ ই খ ন ন ।
he eats nothing other than fruit ,ও ফল ছ ড আর ক ছ ই খ য ন ।
he has trouble remembering names ,ওন র ন ম মন র খত অস ব ধ হয ।
he joined the united states navy ,ত ন য ক তর ষ ট র র ন ব হ ন ত য গ দ য ছ ন।
he stepped on my foot on purpose ,ত ন উদ দ শ যম লকভ ব আম র প য প ড দ য ছ ল ন।
he told me he would go to venice ,উন আম ক বল ছ ল ন য উন ভ ন স য ব ন।
he told me he would go to venice ,ও আম ক বল ছ ল য ও ভ ন স য ব ।
he told me he would go to venice ,স আম ক বল ছ ল য স ভ ন স য ব ।
he told me he would go to venice ,ত ন আম ক বল ছ ল ন য ত ন ভ ন স য ব ন।
he works for an american company ,ত ন একট ম র ক ন ক ম প ন র হয ক জ কর ন।
his picture was in the newspaper ,পত র ক য ত র ছব ছ ল।
how about having dinner together?,একস থ র ত র খ ব র খ ল ক মন হয ?
i am not a doctor but a teacher ,আম ডক ত র নই আম শ ক ষক।
i changed my name to tom jackson ,আম আম র ন ম প ল ট টম জ য কসন র খ ছ ।
i didn t know that tom had a dog ,আম জ নত ম ন য টম র একট ক ক র ছ ল।
i didn t like any of these books ,এই বইগ ল র ক ন ট ই আম র পছন দ হয ন ।
i don t have a problem with this ,এত আম র ক ন সমস য ন ই।
i don t have anything to declare ,আম র ক ছ ব ব ত দ ওয র ন ই।
i don t think that tom likes you ,আম র মন হয ন টম আপন ক পছন দ কর ।
i don t understand your question ,আম আপন র প রশ নট ব ঝত প রল ম ন ।
i don t understand your question ,আম ত ম র প রশ নট ব ঝত প রল ম ন ।
i don t want to go to work today ,আম আজক ক জ য ত চ ই ন ।
i know tom was a friend of yours ,আম জ ন টম ত ম র বন ধ ছ ল।
i know tom was a friend of yours ,আম জ ন টম ত ম র বন ধ ছ ল ন।
i know tom was a friend of yours ,আম জ ন টম আপন র বন ধ ছ ল।
i know tom was a friend of yours ,আম জ ন টম আপন র বন ধ ছ ল ন।
i need to finish reading my book ,আম র বই পড শ ষ করত হব ।
i planted three rows of potatoes ,আম ত ন স র আল ল গ য ছ ।
i spent three weeks in australia ,আম অস ট র ল য য ত ন সপ ত হ ক ট য ছ ।
i suspect tom isn t in australia ,আম র সন দ হ হচ ছ য টম অস ট র ল য য ন ই।
i think i ll be able to help you ,আম মন কর আম আপন ক স হ য য করত প রব।
i think that i can do that alone ,আম র মন হয আম এক ই ওট করত প রব ।
i thought that you were canadian ,আম ভ ব ছ ল ম আপন ক ন ড য ।
i thought that you were canadian ,আম ভ ব ছ ল ম আপন ক ন ড য ন।
i took tom s umbrella by mistake ,আম ভ ল কর টম র ছ ত ন য ফ ল ছ ।
i tried to swim across the river ,আম নদ ট স তর প র হওয র চ ষ ট করল ম।
i want more detailed information ,আম আর ব স ত র ত তথ য চ ই।
i want to become a good listener ,আম ভ ল শ র ত হত চ ই।
i was just reading the newspaper ,আম শ ধ খবর র ক গজ পড ছ ল ম।
i went to the hospital yesterday ,আম গতক ল হ সপ ত ল গ ছ ল ম।
i wish i could go to the concert ,আম যদ কনস র ট য ত প রত ম।
i would like you to come with me ,আম চ ই আপন আম র স থ আস ন।
i would like you to come with me ,আম চ ই আপন র আম র স থ আস ন।
i would like you to come with me ,আম চ ই ত ম আম র স থ আস ।
i would like you to come with me ,আম চ ই ত মর আম র স থ আস ।
i d like an air conditioned room ,আম র একট শ তত প ন য ন ত র ত ঘর চ ই।
i ll get off at the next station ,আম পর র স ট শন ন ম য ব।
i ll stay here till you get back ,ত ম ন আস পর যন ত আম এখ ন থ কব।
i m getting off at the next stop ,আম পর র স টপ ন ব য ব।
i m pretty sure tom wasn t there ,আম একদম ন শ চ ত টম স খ ন ছ ল ন ।
i ve just arrived at the station ,আম সব স ট শন এস প ছ ছ ।
i ve told you so a hundred times ,আম ত ম ক এট একশব র বল ছ ।
i ve told you so a hundred times ,আম আপন ক এট একশব র বল ছ ।
if all goes well i ll visit you ,সবক ছ ঠ কঠ ক থ কল আম আপন র স থ দ খ করব।
in general things are all right ,স ধ রণ ভ ব সব ক ছ ই ঠ ক টহ ক আছ ।
is everything ready for tomorrow?,আগ ম ক লক র জন য সব ত র ত ?
is the meeting today or tomorrow?,ম ট আজ ন ক ল?
is there a discount for children?,ব চ চ দ র জন য ক ন ছ ড আছ ?
is there a discount for students?,ছ ত রছ ত র দ র জন য ক ন ছ ড আছ ?
let s drink coffee while we talk ,কথ বলত বলত কফ খ ওয য ক।
let s make sure no one gets hurt ,ক উ য ন আঘ ত ন প য ত ন শ চ ত কর ।
lincoln was assassinated in 1865 ,ল ঙ কনক স ল হত য কর হয ছ ল।
london is the capital of england ,লন ডন ই ল য ন ড র র জধ ন ।
may i go to the bathroom please?,আম ক গ সলখ ন য য ত প র ?
most japanese eat rice every day ,ব শ রভ গ জ প ন র ই প রত য কদ ন ভ ত খ য ।
my hobby is visiting old temples ,আম র শখ প র ন মন দ র পর দর শন কর ।
my little brother is watching tv ,আম র ছ ট ভ ইট ট ভ দ খছ ।
our train leaves at eight thirty ,আম দ র ট র ন আটট ত র শ ছ ড ব ।
our wedding anniversary is today ,আম দ র ব ব হ ব র ষ ক আজ।
people like tom lie all the time ,টম র মত ল ক র সব সময ম থ য বল ।
please tell me what i have to do ,আম ক ক করত হব দয কর বল ন।
please tell me your phone number ,আম ক অন গ রহ কর আপন র ফ ন ন ম ব রট বল ন।
she stopped to smoke a cigarette ,স স গ র ট ট ন র জন য থ মল।
she waited for you for two hours ,স ত ম র জন য দ ই ঘণ ট অপ ক ষ কর ছ ল।
she s asking how that s possible ,উন জ জ ঞ স করছ ন এট ক কর সম ভব।
she s asking how that s possible ,ইন জ জ ঞ স করছ ন এট ক কর সম ভব।
she s asking how that s possible ,ত ন জ জ ঞ স করছ ন এট ক কর সম ভব।
she s asking how that s possible ,ও জ জ ঞ স করছ এট ক কর সম ভব।
she s asking how that s possible ,স জ জ ঞ স করছ এট ক কর সম ভব।
success depends mostly on effort ,স ফল য অধ ক শ ক ষ ত র প রচ ষ ট র উপর ন র ভর কর ।
tell me why you want to go there ,আপন স খ ন য ত চ ন ক ন ত বল ন।
that doesn t sound too difficult ,এট খ ব কঠ ন শ ন চ ছ ন ।
that was the best day of my life ,স ট আম র জ বন র সব থ ক ভ ল দ ন ছ ল।
the capital of cyprus is nicosia ,স ইপ র স র র জধ ন ন ক স য ।
the history class starts at nine ,ইত হ স ক ল স নয ট য শ র হয ।
the wall has been painted yellow ,দ য ল হল দ র কর হয ছ ।
there are problems with the roof ,ছ দ র সমস য আছ ।
they haven t done anything wrong ,ওর ক ন ভ ল ক ছ ত কর ন ।
they haven t done anything wrong ,ওন র ক ন ভ ল ক ছ ত কর নন ।
this book is easy for me to read ,এই বইট পড আম র জন য সহজ।
today is our wedding anniversary ,আজ আম দ র ব ব হ ব র ষ ক ।
tom aimed his rifle at the tiger ,টম ত র র ইফ ল ব ঘ র দ ক ত ক করল ।
tom doesn t know mary s children ,টম ম র র ব চ চ দ র চ ন ন ।
tom doesn t study french anymore ,টম আর ফর স অধ যয ন কর ন ।
tom has a robotic vacuum cleaner ,টম র একট র ব ট ক ভ য ক য ম ক ল ন র আছ ।
tom is afraid he might get fired ,টম ভয প চ ছ য ত ক বরখ স ত কর হত প র ।
tom is reading a novel right now ,টম এখন উপন য স পড ছ ।
tom knows everyone here can swim ,টম জ ন এখ ন সব ই স ত র ক টত প র ।
tom told me he s never done that ,টম আম ক বল ছ স এট কর ন ।
tom tried to keep away from mary ,টম ম র র থ ক দ র থ ক র চ ষ ট করছ ল।
tom tried to keep away from mary ,টম ম র র থ ক দ র থ ক র চ ষ ট করছ ল ন।
tom was brutally beaten to death ,টমক ন র মমভ ব প ট য হত য কর হয ।
tom was glad that mary was there ,ম র স খ ন থ ক য টম খ শ হয ছ ল।
tom was in the library with mary ,টম ম র র স থ ল ইব র র ত ছ ল।
tomorrow is my first day of work ,আগ ম ক ল আম র ক জ র প রথম দ ন।
we don t want to change anything ,আমর ক ছ পর বর তন করত চ ই ন ।
we ll have to wait a few minutes ,আম দ র কয ক ম ন ট অপ ক ষ করত হব ।
we re leaving australia tomorrow ,আমর আগ ম ক ল অস ট র ল য ছ ড য চ ছ ।
what is the meaning of that word?,ওই শব দট র অর থ ক ?
what is the meaning of that word?,ওই শব দট র ম ন ক ?
what made you come here so early?,ত ম এত ত ড ত ড এখ ন এস ছ ক ন?
what makes you think i want this?,আপন র ক ন মন হয আম এট চ ই?
what time do you usually turn in?,আপন এমন ত কট র সময ঘ ম ত য ন?
what time does your plane depart?,আপন র প ল নট কট র সময ছ ড ব ?
what s the purpose of your visit?,আপন র ভ রমণ র উদ দ শ য ক ?
when is your wedding anniversary?,আপন র ব ব হ ব র ষ ক কব ?
where did tom go to in australia?,টম অস ট র ল য য ক থ য গ য ছ ল ন?
which do you think would be best?,আপন র মত ক নট সবচ য ভ ল হব ?
why don t you want to wear a tie?,ক ন ত ম ট ই পরত চ ও ন ?
yesterday i put honey in my tea ,গতক ল আম আম র চ য মধ দ য ছ ল ম।
you can stay as long as you like ,আপন যতক ষণ ইচ ছ থ কত প র ন।
you can stay as long as you like ,ত ম যতক ষণ ইচ ছ থ কত প র ।
you need to be strong to do that ,এট করত হল ত ম ক শক ত শ ল হত হব ।
you re able to dance aren t you?,ত ম ন চত প র ত ই ন ?
you re in better shape than i am ,আম র থ ক ত ম র অবস থ অন ক ভ ল ।
 anything else? no that s all , আর ক ছ ল গব ? ন আর ক ছ ন । 
actinium is a radioactive element ,অ য ক ট ন য ম একট ত জস ক র য ম ল।
am i going in the right direction?,আম ক ঠ ক দ ক ই য চ ছ ?
christmas is just a few days away ,ক র স টম স আর কয কদ ন দ র ।
consult a lawyer if you need help ,আপন র স হ য য র প রয জন হল একজন আইনজ ব র স থ পর মর শ কর ন।
could i have these clothes ironed?,এই ক পরগ ল ক ইস ত র কর অবস থ য প ত প র ?
could you dim the lights a little?,আপন ক আল ট একট কম ত প র ন?
could you please repeat it slowly?,আপন ক ধ র ধ র আর একব র বলত প রব ন?
could you write that down please?,আপন ক অন গ রহ কর ওট একট ল খ দ ত প রব ন?
did you buy it today or yesterday?,আপন ক এট আজ ক ন ছ ন ন গতক ল?
do you have any idea what that is?,এট সম পর ক আপন র ক ক ন ধ রন আছ ?
do you think tom wants to eat now?,আপন র ক মন হয টম এখন খ ত চ য ?
do you understand what i m saying?,আম য বলছ আপন ক ত ব ঝত প রছ ন?
do you understand what i m saying?,আম য বলছ ত ম ক ত ব ঝত প রছ ?
english is not difficult to learn ,ই র জ শ খ কঠ ন নয ।
english is not my native language ,ই র জ আম র ম ত ভ ষ নয ।
everyone hoped that she would win ,সব ই আশ কর ছ ল স জ তব ।
few people understood his comment ,কম ল কই ওন র মন তব য ব ঝত প রল ন।
france is to the south of england ,ফ র ন স ই ল য ন ড র দক ষ ণ অবস থ ত।
he borrowed money from his friend ,স ত র বন ধ র ক ছ থ ক ট ক ধ র কর ছ ।
he decided not to go to the party ,উন প র ট ত ন য ওয ই ঠ ক করল ন।
he decided not to go to the party ,ত ন প র ট ত ন য ওয ই ঠ ক করল ন।
he decided not to go to the party ,ও প র ট ত ন য ওয ই ঠ ক করল ।
he decided not to go to the party ,স প র ট ত ন য ওয ই ঠ ক করল ।
he doesn t care much for baseball ,ত ন ব সবলক খ ব একট প ত ত দ ন ন ।
he forgot his wedding anniversary ,ত ন ত র ব ব হ ব র ষ ক ভ ল গ ছ ন।
he talks as if he knew everything ,স এমনভ ব কথ বল য ন স সব জ ন ।
horses are different from donkeys ,ঘ ড গ ধ র থ ক আল দ ।
how long have you lived in boston?,আপন বস টন কত বছর ছ ল ন?
how long have you lived in boston?,ত ম বস টন কত বছর ছ ল ?
how many photos are in this album?,এই অ য লব ম কয ট ছব আছ ?
i broke his heart but i love him ,আম ত র হ দয ভ ঙ ছ ক ন ত আম ত ক ভ ল ব স ।
i don t have anything to give you ,ত ম ক দ ওয র মত ক ছ আম র ন ই।
i don t know anything about japan ,আম জ প ন সম বন ধ ক ছ ই জ ন ন ।
i don t know anything about japan ,আম জ প ন র ব য প র ক ছ ই জ ন ন ।
i don t know where you want to go ,আম জ ন ন আপন ক থ য য ত চ ন।
i don t know where you want to go ,আম জ ন ন ত ম ক থ য য ত চ ও।
i don t think it ll rain tomorrow ,আম র মন হয ন ক লক ব ষ ট হব ।
i don t want to go shopping alone ,আম এক ক ন ক ট করত য ত চ ই ন ।
i don t want to go shopping today ,আম আজক ক ন ক ট করত য ত চ ই ন ।
i don t want to talk about it now ,আম এখন এট ন য কথ বলত চ ই ন ।
i found a good mexican restaurant ,আম একট ভ ল ম ক স ক ন র স ত র খ জ প য ছ ।
i had a horrible dream last night ,ক ল র ত আম একট ব ভ স স বপ ন দ খ ছ ।
i have a cough and a little fever ,আম র ক শ আছ আর অল প জ বর আছ ।
i have already changed my clothes ,আম এরমধ য ই আম র জ ম ক পর প লট ফ ল ছ ।
i haven t downloaded the file yet ,আম এখন ফ ইলট ন ম ইন ।
i haven t downloaded the file yet ,আম এখন ফ ইলট ড উনল ড কর ন ।
i knew that you wouldn t be fired ,আম জ নত ম য ত ম ক বরখ স ত কর হব ন ।
i know that tom is afraid of mary ,আম জ ন টম ম র ক ভয প য ।
i met a guy named tom in the park ,আম র প র ক টম ন ম একজন র সঙ গ দ খ হল ।
i need to talk to the both of you ,আম র আপন দ র দ জন র স থ কথ বল দরক র।
i read about him in the newspaper ,পত র ক য ত র কথ পড ছ ।
i really appreciate your kindness ,আম সত য ই আপন র উদ রত র ত র ফ করছ ।
i seem to always be busy nowadays ,মন হয আজক ল সব সময ব যস ত থ ক ।
i should ve followed tom s advice ,আম র টম র পর মর শ ম ন উচ ছ ল।
i spent twelve hours on the train ,আম ট র ন ব র ঘন ট ক ট য ছ ।
i think you re sitting in my seat ,আম র মন হয আপন আম র স ট বস আছ ন।
i thought you wanted to murder me ,আম ভ ব ছ ল ম ত ম আম য খ ন করত চ য ছ ল ।
i walk past that church every day ,আম প রত দ ন ঐ গ র জ র প শ দ য য ই।
i was late because of the traffic ,ট র ফ ক র ক রণ দ র কর ছ ল ম।
i d like to cancel my reservation ,আম আম র আসন স রক ষণট ব ত ল করত চ ই।
i d like to change my reservation ,আম আম র স রক ষণট ব ত ল করত চ ই।
i ll be back in four or five days ,আম চ র ব প চ দ ন র মধ য ফ র আসব ।
i m sure both tom and mary are ok ,আম ন শ চ ত টম এব ম র দ জন ই ঠ ক আছ ।
i ve done things i m not proud of ,আম এমন সব ক জ কর ছ য ত আম গর ব ত নই।
i ve never told anyone about this ,আম ক নদ ন ক উক এই ব যপ র বল ন ।
if you want you can easily do it ,আপন যদ চ ন আপন সহজ ই এট করত প র ন।
is there another way to get there?,ওখ ন য ওয র আর ক ন র স ত আছ ?
is your new computer working well?,আপন র নত ন কম প উট র ক ভ ল ভ ব ক জ করছ ?
it s hard to forget what happened ,য ঘট ছ ত ভ ল য ওয কঠ ন।
italy is a very beautiful country ,ইত ল খ ব স ন দর দ শ।
my father is always getting angry ,আম র ব ব সবসময র গ য ন।
my father is very good at fishing ,আম র ব ব ম ছ ধর ত খ ব ভ ল।
my mother can play golf very well ,আম র ম খ ব ভ ল গলফ খ লত প র ।
my mother knows how to make cakes ,আম র ম জ ন ক ভ ব ক ক ব ন ত হয ।
my name was omitted from the list ,ত ল ক ট থ ক আম র ন মট ব দ গ ছ ।
my neighbor s name is tom jackson ,আম র প রত ব শ র ন ম টম জ য কসন।
please be quiet for a few minutes ,অন গ রহ কর কয ক ম ন ট চ প থ ক ন।
she doesn t want to talk about it ,ইন এই ব ষয কথ বলত চ ন ন ।
she doesn t want to talk about it ,ঊন এই ব ষয কথ বলত চ ন ন ।
she doesn t want to talk about it ,ত ন এই ব ষয কথ বলত চ ন ন ।
she doesn t want to talk about it ,ও এই ব ষয কথ বলত চ য ন ।
she doesn t want to talk about it ,স এই ব ষয কথ বলত চ য ন ।
she hugged the baby to her breast ,ত ন ত র ব চ চ ক ব ক জড য ধরল ন।
sometimes i think tom is a robot ,ম ঝ ম ঝ আম র মন হয টম একট র বট।
the atomic number of copper is 29 ,ত ম র প রম ণব ক স খ য ।
the can was made out of aluminium ,ক য নট অ য ল ম ন য ম দ য ত র কর হয ছ ।
the capital of azerbaijan is baku ,আজ রব ইজ ন র র জধ ন ব ক ।
the plane arrived exactly at nine ,ব ম নট ঠ ক নট র সময প ছ ল।
the police warned us to keep back ,প ল শ আম দ র প ছন য ত আদ শ দ ল।
there is a small tourist industry ,ছ ট পর যটন শ ল প রয ছ ।
there was an earthquake yesterday ,গতক ল ভ ম কম প হয ছ ।
there were no roses in the garden ,ব গ ন ক ন গ ল প ছ ল ন ।
there s a cockroach under the bed ,খ ট র ন চ একট ত ল প ক আছ ।
this medicine will cure your cold ,এই ওষ ধট আপন র ঠ ন ড ন র ময করব ।
this theory is very controversial ,এই তত বট ব তর ক ত।
this train stops at every station ,ট র নট সব স ট শন থ ম ।
this train stops at every station ,ট র নট সমস ত স ট শন থ ম ।
today s meeting is very important ,আজক র ব ঠকট খ বই গ র ত বপ র ণ।
tom and i were the only survivors ,ক বল আম ও টম ব চ ছ ল ম।
tom asked mary to play the guitar ,টম ম য র ক গ ট র ব জ ত বল ছ ।
tom asked questions about viruses ,টম ভ ইর স ব ষয ক প রশ ন জ জ ঞ স কর ছ ল।
tom certainly is good at baseball ,টম ব সবল খ ল য সত য ই ভ ল ।
tom didn t like that movie at all ,টম র স ই ম ভ ট ম ট ও পছন দ হয ন ।
tom doesn t have a girlfriend yet ,টম র এখন ক ন প র ম ক ন ই।
tom has learned a valuable lesson ,টম ম ল যব ন শ ক ষ প য ছ ।
tom is staying with his relatives ,টম ওর আত ব য দ র স থ থ কছ ।
tom is tall and so is his brother ,টম লম ব এব ত র ভ ইও।
tom kept me waiting all afternoon ,টম আম ক স র দ প র অপ ক ষ কর য র খ ছ ল।
tom kept me waiting all afternoon ,টম আম ক স র দ প র অপ ক ষ কর য র খ ছ ল ন।
tom put his backpack on the table ,টম ত র ক ধ র ব য গ ট ব ল র উপর র খ ছ ল।
tom was the only guy in the class ,ক ল স র একম ত র ছ ল ছ ল টম।
tom went shopping with his family ,টম ত র পর ব র র স থ ক ন ক ট করত গ ছ ।
tom will tell mary not to do that ,টম ম র ক ওট ন করত বলব ।
wake me up early tomorrow morning ,আগ ম ক ল সক ল সক ল আম য ঘ ম থ ক ড ক ত লব ন।
we all know the rest of the story ,ব ক গল পট আমর সব ই জ ন ।
we hope to get married on a beach ,আমর একট সম দ র স কত ব য কর র আশ কর ।
we ll arrive there within an hour ,আমর এক ঘন ট র মধ য স খ ন প ছ য ব।
we re going to stay at home today ,আমর আজ ব ড ত ই থ কব।
what do you think i ve been doing?,আপন র ক মন হয আম ক করছ ল ম?
what do you think i ve been doing?,ত ম র ক মন হয আম ক করছ ল ম?
what do you usually do on sundays?,আপন রব ব র স ধ রনত ক কর ন?
when is the next flight to boston?,বস টন য ওয র পর র ফ ল ইটট কখন?
when will that novel be published?,স ই উপন য স কব প রক শ ত হব ?
when will we see each other again?,আব র কব দ খ হব ?
where can i buy a shirt like that?,ওই ধরন র একট জ ম ক থ থ ক ক নত প রব?
would you like something to drink?,ত ম ক ক ছ খ ব ?
would you like something to drink?,আপন ক ক ছ খ ব ন?
you know very well what tom wants ,আপন ভ ল কর ই জ ন ন টম ক চ য ।
you may choose whichever you want ,আপন র য ট ইচ ছ স ট ব ছ ন ত প র ন।
you may choose whichever you want ,ত ম র য ট ইচ ছ স ট ব ছ ন ত প র।
you may wear anything you want to ,আপন য ট চ ন স ট ই পরত প র ন।
you really should ve phoned ahead ,আপন র সত য ই আগ ফ ন কর উচ ত ছ ল।
you really should ve phoned ahead ,ত ম র সত য ই আগ ফ ন কর উচ ত ছ ল।
you re not allowed to eat in here ,আপন এখ ন খ ত প রব ন ন ।
you re not allowed to eat in here ,আপন র এখ ন খ ওয র অন মত ন ই।
you ve got to stop doing that now ,আপন র এখন ওট কর বন ধ করত হব ।
your friendship means a lot to me ,ত ম র বন ধ ত ব আম র ক ছ অন ক ক ছ ।
your hat is somewhere around here ,আপন র ট প এখ ন ক ছ ক ছ ক থ ও আছ ।
 what time is it now? it s 3 30 , এখন কয ট ব জ ? এখন ব জ । 
 who wrote this report? tom did , এই র প র ট ক ল খ ছ ? টম ল খ ছ । 
a lot has happened in the meantime ,এরই মধ য অন ক ক ছ হয ছ ।
algebra is a branch of mathematics ,ব জগণ ত গণ ত র একট শ খ ।
bangkok is the capital of thailand ,ব য ঙকক থ ইল য ন ড র র জধ ন ।
bern is the capital of switzerland ,ব র ন স ইজ রল য ন ড র র জধ ন ।
by the way do you play the violin?,য ইহ ক আপন ক ব হ ল ব জ ন?
california is famous for its fruit ,ক য ল ফ র ন য স খ নক র ফল র জন য ব খ য ত।
can you show me your boarding pass?,আপন ক আম ক আপন র ব র ড প সট দ খ ত প রব ন?
could you call again later please?,আপন ক অন গ রহ কর পর আব র ফ ন করত প রব ন?
could you give me the bill please?,অন গ রহ কর ব লট দ ব ন?
could you please sign the register?,আপন ক দয কর র জ স ট রট য সই করত প রব ন?
did you go anywhere for the summer?,আপন ক গরম ক থ ও গ ছ ল ন?
do you have anything for headaches?,আপন র ক ম থ ব যথ র জন য ক ছ আছ ?
do you mind my sitting next to you?,আম ত ম র প শ বসল ক ছ মন করব ?
do you mind my sitting next to you?,আম আপন র প শ বসল ক ছ মন করব ন?
do you mind my sitting next to you?,আম ত র প শ বসল ক ছ মন করব ?
do you need to stay in boston too?,আপন ক ও ক ব স টন থ কত হব ?
do you understand what he s saying?,উন য বলছ ন আপন ক ত ব ঝত প রছ ন?
do you understand what he s saying?,ও য বলছ আপন ক ত ব ঝত প রছ ন?
do you understand what he s saying?,উন য বলছ ন ত ম ক ত ব ঝত প রছ ?
do you understand what he s saying?,ও য বলছ ত ম ক ত ব ঝত প রছ ?
do you want to eat noodles or rice?,আপন ক ন ডলস খ ত চ ন ন ভ ত খ ত চ ন?
do you want to eat noodles or rice?,ত ম ক ন ডলস খ ত চ ও ন ভ ত খ ত চ ও?
don t tell anyone what we re doing ,আমর য করছ ত ক উক বলব ন ন ।
he was burned to death in the fire ,ত ন আগ ন প ড ম র য ন।
he was burned to death in the fire ,ত ন আগ ন প ড ম র গ য ছ ল ন।
he worked hard in order to succeed ,সফল হওয র জন য ত ন কঠ র পর শ রম কর ছ ন।
how can i get to the train station?,আম ট র ন স ট শন ক ভ ব য ব?
how can i get to the zoo from here?,আম এখ ন থ ক চ ড য খ ন য ক ভ ব য ব?
how do you know so much about this?,আপন এই সম পর ক এত ক ছ জ ন ন ক ভ ব ?
humans can t see ultraviolet light ,ম ন ষর অত ব গ ন রশ ম ক দ খত প য ন ।
humans can t see ultraviolet light ,ম ন ষ অত ব গ ন আল দ খত প র ন ।
i can t tell you why that happened ,স ট ক ন ঘট ছ ত আম আপন ক বলত প রব ন ।
i don t feel like doing that again ,আম আব র এট করত চ ই ন ।
i don t have enough experience yet ,আম র এখনও যথ ষ ট অভ জ ঞত ন ই।
i don t like talking about the war ,আম য দ ধট র ব ষয কথ বল পছন দ কর ন ।
i hear you have friends in the cia ,আম শ নল ম আপন র ন ক স আই এ ত ক ছ বন ধ আছ ।
i just received a message from tom ,আম এইম ত র টম র ক ছ থ ক একট ব র ত প য ছ ।
i know you don t like me very much ,আম জ ন ত ম আম ক খ ব একট পছন দ কর ন ।
i need to be in boston next monday ,আগ ম স মব র আম য ব স টন য ত হব ।
i think it s the right thing to do ,আম র মন হয এট কর ই ঠ ক হব ।
i think that tom won t do it again ,আম মন কর টম এট আর করব ন ।
i thought that you didn t like tom ,আম ভ ব ছ ল ম ত ম টমক পছন দ কর ন ।
i thought that you were a canadian ,আম ভ ব ছ ল ম আপন ক ন ড য ।
i thought that you were a canadian ,আম ভ ব ছ ল ম আপন ক ন ড য ন।
i used to write songs all the time ,আম সবসময গ ন ল খত ম।
i want to get off at the next stop ,আম পর র স টপ ন মত চ ই।
i was young and naive at that time ,আম তখন তর ণ এব স দ স ধ ছ ল ম।
i wasn t able to get what i wanted ,আম য চ য ছ ল ম ত প ইন ।
i wish to go to paris to study art ,আম প য র স গ য শ ল পকল পড ত চ ই।
i won t leave you here by yourself ,আম ত ম ক এখ ন এক ছ ড য ব ন ।
i wonder why tom went to australia ,আম ভ বছ টম ক ন অস ট র ল য গ ল।
i d like to watch this movie again ,আম আব র এই স ন ম দ খত চ ই।
i m assuming it won t be a problem ,আম অন ম ন করছ এট ক ন সমস য হব ন ।
i m grateful to be able to do this ,আম এট করত প র ক তজ ঞ।
i m looking for a gift for my wife ,আম আম র স ত র এর জন য একট গ ফট খ জছ ।
i ve been hoping you would drop in ,আম ভ বছ ল ম ত ম এস উপস থ ত হব ।
i ve been hoping you would drop in ,আম ভ বছ ল ম আপন এস উপস থ ত হব ন।
i ve been hoping you would drop in ,আম ভ বছ ল ম ত ই এস উপস থ ত হব ।
if i don t do it now i never will ,আম যদ এট এখন ন কর ত কখনই করব ন ।
is it really that important to you?,এট ক সত য ই আপন র ক ছ গ র ত বপ র ণ?
it s been raining since last night ,ক ল র ত থ ক ব ষ ট পড ছ ।
it s far better than it used to be ,এট আগ র চ য অন ক ভ ল ।
my computer won t start up anymore ,আম র কম প উট র আর চ ল হব ন ।
my hobby is collecting old bottles ,প র ন ব তল জম কর আম র ন শ ।
nearly all japanese have dark hair ,প র য সব জ প ন ল ক র চ লই ক ল ।
nothing is achieved without effort ,চ ষ ট ছ ড ক ছ ই অর জ ত হয ন ।
nowadays nobody believes in ghosts ,এখনক র দ ন ক উই ভ ত ব শ ব স কর ন ।
oxygen is necessary for combustion ,দহন র জন য অক স জ ন প রয জন।
please accept my sincere apologies ,অন গ রহ কর আম র আন তর ক ক ষম প র র থন স ব ক র করব ন।
please deposit the money in a bank ,অন গ রহ কর ট ক ট ব য ঙ ক জম কর দ ন।
please deposit the money in a bank ,অন গ রহ কর ট ক ট ব য ঙ ক জম কর ন।
salmon can jump up to 12 feet high ,স লমন ফ ট পর যন ত উ চ ত ল ফ দ ত প র ।
she accompanied me to the hospital ,ও আম র সঙ গ হ সপ ত ল গ ছ ল।
she accompanied me to the hospital ,উন আম র সঙ গ হ সপ ত ল গ ছ ল ন।
she accompanied me to the hospital ,স আম র সঙ গ হ সপ ত ল গ ছ ল।
she accompanied me to the hospital ,ত ন আম র সঙ গ হ সপ ত ল গ ছ ল ন।
she folded her handkerchief neatly ,উন ওন র র ম লট পর প ট কর ভ জ করল ন।
she folded her handkerchief neatly ,ও ওর র ম লট পর প ট কর ভ জ করল ।
she is capable of teaching english ,উন ই র জ পড ত সক ষম।
stockholm is the capital of sweden ,স টকহ ম হল স ইড ন র র জধ ন ।
the atomic number of hydrogen is 1 ,হ ইড র জ ন র প রম ণব ক স খ য ।
the atomic number of uranium is 92 ,ইউর ন য ম র প রম ণব ক স খ য ।
the country s currency is the euro ,দ শট র ম দ র হল ইউর ।
the market is next to the pharmacy ,ব জ রট ড ক ত রখ ন র প শ ।
the police didn t let tom see mary ,প ল শ টমক ম র ক দ খত দ য ন ।
the soldiers killed many villagers ,স ন যর বহ গ র মব স ক হত য কর ছ ল ।
the soldiers occupied the building ,স ন য ব ড ট ক দখল করল ।
there are 30 students in our class ,আম দ র শ র ণ কক ষ জন শ ক ষ র থ আছ ।
there s one for you and one for me ,আপন র জন য একট এব আম র জন য একট আছ ।
they have elected a new government ,ত র নত ন সরক র ন র ব চন কর ছ ।
they say this old house is haunted ,সব ই বল য এই প র ন ব ড ট য ভ ত আছ ।
they say this old house is haunted ,সব ই বল য এই প র ন ব ড ট ভ ত ড ।
this is a picture of tom s new car ,টম র নত ন গ ড র ছব এট ।
today is the hottest day this year ,আজ বছর র সব থ ক গরম দ ন।
tom can see things that mary can t ,টম এমন জ ন স দ খত প র য ম র প র ন ।
tom could see that mary was crying ,টম দ খত প ল য ম র ক দছ ।
tom doesn t want to play billiards ,টম ব ল য র ড খ লত চ য ন ।
tom followed mary out of the house ,টম ম র র প ছন প ছন ব ড র ব ইর গ ল।
tom forgot his wedding anniversary ,টম ত র ব ব হ ব র ষ ক ভ ল গ ছ ।
tom held his breath for one minute ,টম এক ম ন ট ধর ত র ন শ ব স আটক র খল ।
tom is one of mary s best students ,টম ম র র স র ছ ত রদ র একজন।
tom likes reading detective novels ,টম গ য ন দ উপন য স পড ত পছন দ কর ।
tom spent all day fixing computers ,টম স র দ ন কম প উট র ঠ ক কর ক ট য ছ ।
tom talked to all the people there ,টম স খ নক র সব ম ন ষ র স থ কথ বল ছ ন।
unfortunately it rained yesterday ,দ র ভ গ যবশত গতক ল ব ষ ট হয ছ ল ।
waiter please bring me some water ,ওয ট র আম র জন য একট জল এন ।
we can t just ignore the situation ,আমর ক বল পর স থ ত উপ ক ষ করত প র ন ।
we have lots of other things to do ,আম দ র আরও অন ক ক ছ কর র আছ ।
we were here about three years ago ,আমর প র য ত ন বছর আগ এখ ন এস ছ ল ম।
we were unable to follow his logic ,আমর ত র য ক ত অন সরণ করত প র ন ।
we would like to stay here tonight ,আমর এখ ন আজ র ত র জন য থ কত চ ই।
we re desperate to find a solution ,আমর একট সম ধ ন খ জ র জন য মর য হয আছ ।
we re here to investigate a murder ,আমর এখ ন এস ছ একট খ ন র তদন ত করত ।
what are you going to do next week?,আগ ম সপ ত হ আপন ক করব ন?
what language is spoken in america?,আম র ক ত ক ন ভ ষ য কথ বল হয ?
what time do you usually eat lunch?,আপন এমন ত দ প র র খ ব র কট র সময খ ন?
what time do you usually eat lunch?,আপন এমন ত ল ঞ চ কট র সময খ ন?
what time do you usually eat lunch?,আপন এমন ত ল ঞ চ কট র সময কর ন?
what time do you usually go to bed?,আপন এমন ত কট র সময ঘ ম ত য ন?
what time do you usually go to bed?,ত ম এমন ত কট র সময ঘ ম ত য ও?
when will you give me back my book?,কব আম র বই ফ রত দ ব ?
where s the entrance to the museum?,জ দ ঘর ঢ ক র র স ত ট ক থ য ?
where s the entrance to the museum?,জ দ ঘর ঢ ক র দরজ ট ক থ য ?
who s your favorite american actor?,আপন র প র য ম র ক ন অভ ন ত ক ?
why didn t you tell me that before?,ত ম ওট আম ক আগ বল ল ন ক ন?
why weren t you in class yesterday?,ত ম গতক ল ক ল স ছ ল ন ক ন?
wolves won t usually attack people ,ন কড র স ধ রণত ম ন ষদ র আক রমণ কর ন ।
you forgot our wedding anniversary ,আপন আম দ র ব ব হ ব র ষ ক ভ ল গ ছ ন।
you re sitting too close to the tv ,আপন ট ভ র খ ব ক ছ বস আছ ন।
a friend in need is a friend indeed ,অসময র বন ধ ই প রক ত বন ধ ।
about thirty villagers were injured ,প র য ত র শজন গ র মব স আহত হয ছ ন।
another possibility occurred to tom ,টম র আর কট সম ভ বন র কথ মন পড ল।
arabic is a very important language ,আরব খ ব গ র ত বপ র ণ ভ ষ ।
could you reduce the price a little?,আপন ক দ মট একট কম ত প রব ন?
could you speak more slowly please?,আপন ক অন গ রহ কর আর ধ র ধ র কথ বলত প রব ন?
did you manage to get there on time?,আপন ক যথ সময স খ ন প ছ ছ ল ন?
do you really want to dance with me?,ত ম ক সত য ই আম র স থ ন চত চ ও?
do you think that you could help me?,আপন মন হয য আপন আম ক স হ য য করত প র ন?
does the room have air conditioning?,এই ঘর এস আছ ?
does the room have air conditioning?,এই ঘর শ তত প ন য ন ত রন কর য য ?
he advocated the reduction of taxes ,ত ন কর কম ন র পক ষ ছ ল ন।
he does not know how to drive a car ,ত ন গ ড চ ল ত জ ন ন ন ।
he spent the evening reading a book ,ও সন ধ য ব ল বই পড ক ট য ।
he spent the evening reading a book ,উন সন ধ য ব ল বই পড ক ট ন।
he spent the evening reading a book ,স সন ধ য ব ল বই পর ক ট য ।
he spent the evening reading a book ,ত ন সন ধ য ব ল বই পর ক ট ন।
he stuck the broken pieces together ,উন ভ ঙ গ ট কর গ ল জ ড ল গ ল ন।
how can i get to the police station?,আম প ল শ স ট শন ক ভ ব য ব?
how long will you stay in australia?,অস ট র ল য য কতদ ন থ কব ন?
i advised tom to go to the hospital ,আম টমক হ সপ ত ল য ওয র উপদ শ দ য ছ ।
i am staying at a hotel in new york ,আম ন উ ইয র ক একট হ ট ল রয ছ ।
i didn t expect to have so much fun ,এত মজ প ব আশ কর ন ।
i didn t know that tom was so tired ,আম জ নত ম ন টম এত ক ল ন ত ছ ল ।
i don t think that tom is breathing ,আম র মন হয ন টম শ ব স ন চ ছ ল।
i don t want you to forget about me ,আম চ ই ন ত ম আম ক ভ ল য ও।
i got up at six thirty this morning ,আম আজ সক ল ছট ত র শ উঠ ছ ।
i have a tattoo on my left shoulder ,আম র ব ক ধ একট উল ক আছ ।
i know you don t want to talk to me ,আম জ ন ত ম আম র স থ কথ বলত চ ও ন ।
i know you don t want to talk to me ,আম জ ন য ত ম আম র স থ কথ বলত চ ও ন ।
i lost my key somewhere around here ,আম এই ক ছ ক ছ র মধ য ই ক থ ও আম র চ ব হ র য ফ ল ছ ।
i lost my key somewhere around here ,আম এই আশ প শ ই ক থ ও আম র চ ব হ র য ফ ল ছ ।
i must ve lost my key along the way ,আম ন শ চই আম র চ ব ট র স ত য হ র য ফ ল ছ ।
i need to speak with you right away ,আম র এখ ন ত ম র স থ কথ বল দরক র।
i think tom is mary s older brother ,আম র মন হয টম ম র র বড ভ ই।
i told tom i wouldn t do that again ,আম টমক বল ছ ল ম য আম আর এট করব ন ।
i used to be able to play that song ,আম ওই গ নট ব জ ত প রত ম।
i used to be able to sing that song ,আম ওই গ নট গ ইত প রত ম।
i want to know who s coming with us ,আম জ নত চ ই ক আম দ র স থ আসছ ।
i ll finish reading this novel soon ,শ ঘ রই এই উপন য সট পড শ ষ করব।
i m getting off at the next station ,আম পর র স ট শন ন ম য চ ছ ।
i m going to study french next year ,আম পর র বছর ফর স শ খব ।
i m not sure that i ve got it right ,আম ন শ চ ত নই য আম এট ঠ ক কর ছ ।
i m sorry but i don t speak french ,আম দ খ ত ক ন ত আম ফর স বলত প র ন ।
if i am busy then i may arrive late ,আম যদ ব যস ত থ ক ত হল হয ত দ র কর ফ রত প র ।
let s listen to what tom has to say ,টম র ক বল র আছ শ ন য ক।
look at the girl with the long hair ,লম ব চ ল র ম য ট র দ ক ত ক ন।
maybe you should go to the hospital ,আপন র হয ত হ সপ ত ল য ওয উচ ত।
noodles are usually made from wheat ,ন ডলস স ধ রণত ময দ দ য ত র হয ।
nothing is darker than a black hole ,ক ষ ণগহ বর র চ য অন ধক র ক ছ ন ই।
patience is essential for a teacher ,একজন শ ক ষক র জন য ধ র য য অত য বশ যক।
recently tom seems to be very busy ,সম প রত টমক খ ব ব যস ত মন হচ ছ ।
refrigerators help to preserve food ,র ফ র জ র টর খ ব র স রক ষণ স হ য য কর ।
return this book as soon as you can ,যত ত ড ত ড প র ন এই বইট ফ রত দ ন।
robots are used to manufacture cars ,গ ড ত র ত র বট ব যবহ র কর হয ।
she couldn t hold back her laughter ,স ত র হ স ধর র খত প র ন ।
tell me the reason why he was fired ,ক ন ত ক চ কর চ য ত কর হয ছ ত র ক রণ বল ন।
the audience was mostly businessmen ,দর শকদ র মধ য ব শ রভ গই ব যবস য ছ ল ।
the fugitive is armed and dangerous ,পল তকট সশস ত র এব ব পজ জনক।
the police found the stolen jewelry ,প ল শ চ র য ওয গয ন উদ ধ র কর ছ ।
the soldiers surrounded the village ,স ন যর গ র মট ক ঘ র ফ লল ।
the village i live in is very small ,আম য গ র ম থ ক স ট খ ব ছ ট ।
there was no furniture in that room ,ওই ঘর ক ন আসব বপত র ছ ল ন ।
tom jackson has written three books ,টম জ য কসন ত নট বই ল খ ছ ন।
tom almost forgot about the meeting ,টম ম ট ঙ গ র কথ ট প র য ভ ল ই গ ছ ল ।
tom and mary really liked australia ,টম এব ম র সত য ই অস ট র ল য ক পছন দ কর ছ ল ।
tom called an ambulance immediately ,টম স থ স থ ই একট অ য ম ব ল ন স ড ক ছ ল ।
tom certainly plays the guitar well ,টম গ ট রট সত য ই খ ব ভ ল ব জ য ।
tom doesn t look too happy does he?,টমক খ ব একট খ শ দ খ চ ছ ন ত ই ন ?
tom eats lunch by himself every day ,টম প রত দ ন ন জ ন জ ই দ প র র খ ব র খ য ।
tom eats lunch by himself every day ,টম প রত দ ন এক ই দ প র র খ ব র খ য ।
tom has written more than 300 songs ,টম র ও ব শ গ ন ল খ ছ ।
tom is going to australia isn t he?,টম অস ট র ল য য চ ছ ত ই ন ?
tom reluctantly went to the dentist ,অন চ ছ সত ব ও টম দ ত র ড ক ত র র ক ছ গ ল ।
tom seems to be listening carefully ,টম খ ব মন দ য শ নছ বল মন হচ ছ ।
tom should ve been fired months ago ,টমক কয ক ম স আগ ই বহ স ক র কর উচ ত ছ ল।
turn right at the next intersection ,পর র ম ড ট য ড নদ ক ব ক য ব ন।
we can t sleep because of the noise ,আওয জ র জন য আমর ঘ ম ত প রছ ন ।
we can t sleep because of the noise ,শব দ র জন য আমর ঘ ম ত প রছ ন ।
what i want is some peace and quiet ,আম শ ন ত এব ন রবত চ ই।
what time does the dining room open?,খ ব র ঘরট কখন খ ল ?
what time does the next train leave?,পর র ট র নট কট র সময ছ ড ?
what was it you wanted to say to me?,ত ম আম ক ক বলত চ য ছ ল ?
when did you begin studying english?,ত ম ই র জ পড কব থ ক শ র করল ?
when did you begin studying english?,আপন ই র জ পড কব থ ক শ র করল ন?
where did tom tell you he was going?,টম ক থ য য চ ছ বল বল ছ ত ম য ?
where will you be working next year?,আপন আগ ম বছর ক থ য ক জ করব ন?
who else came to australia with you?,আপন র স থ অস ট র ল য য আর ক এস ছ ?
why don t you call customer service?,আপন ক স টম র স রভ স ফ ন করছ ন ন ক ন?
will you fill out this form please?,আপন ক অন গ রহ কর এই ফর মট প রণ করব ন?
would you like to come out and play?,ব ইর খ লত য ব ?
would you like to come out and play?,ব ইর খ লত য ব ন?
would you please fill out this form?,আপন ক অন গ রহ কর এই ফর মট প রণ করব ন?
you have the right to remain silent ,আপন র চ প থ ক র অধ ক র আছ ।
you need to fish where the fish are ,য খ ন ম ছ আছ ত ম র স খ ন ম ছ ধর উচ ত।
you told tom to do this didn t you?,ত ম টমক এট করত বল ছ ল ত ই ন ?
 do you speak german? no i don t , আপন ক জ র ম ন বলত প র ন? ন আম প র ন । 
 do you speak german? no i don t , ত ম ক জ র ম ন বলত প র ? ন আম প র ন । 
any student can answer that question ,য ক ন ছ ত রই ওই প রশ ন র উত তর দ ত প র ।
can a virus damage computer hardware?,ভ ইর স ক কম প উট র র হ র ডওয য র র ক ষত করত প র ?
canberra is the capital of australia ,ক য নব র হল অস ট র ল য র র জধ ন ।
china is the biggest country in asia ,চ ন এশ য র ব হত তম দ শ।
china is the largest country in asia ,চ ন এশ য র ব হত তম দ শ।
copenhagen is the capital of denmark ,ড নম র ক র র জধ ন ক প নহ গ ন।
do you have this in any other colors?,আপন র ক ছ এট ক অন য ক ন রঙ র আছ ?
do you understand what i want to say?,আম ক বলত চ ইছ আপন ব ঝত প রছ ন?
do you understand what i want to say?,আম য বলত চ ইছ আপন ক ত ব ঝত প রছ ন?
do you understand what i want to say?,আম ক বলত চ ইছ ত ম ব ঝত প রছ ?
do you understand what i want to say?,আম য বলত চ ইছ ত ম ক ত ব ঝত প রছ ?
have you finished writing your novel?,আপন ক আপন র উপন য স ল খ শ ষ কর ছ ন?
he attends the same school that i do ,আম য স ক ল য স ঐ স ক ল ই য য ।
he doesn t eat anything except fruit ,স ফল ছ ড অন য ক ছ খ য ন ।
he doesn t eat anything except fruit ,ও ফল ছ ড অন য ক ছ খ য ন ।
he doesn t eat anything except fruit ,উন ফল ছ ড অন য ক ছ খ ন ন ।
he doesn t eat anything except fruit ,ত ন ফল ছ ড অন য ক ছ খ ন ন ।
he was killed in a railroad accident ,ট র ন দ র ঘটন য ত ন ন হত হন।
his dog follows him wherever he goes ,ত ন য খ ন য ত ন ত র ক ক র ত র পছন প ছন য ত।
his dog follows him wherever he goes ,উন য খ ন য খ ন য ত ন ওন র ক ক র ওন র প ছন প ছন য ত।
his dog follows him wherever he goes ,ও য খ ন য খ ন য ও ওর ক ক র ওর প ছন প ছন য ত।
his dog follows him wherever he goes ,স য খ ন য খ ন য ত ত র ক ক র ত র প ছন প ছন য ত।
how can i get to the hospital by bus?,আম ব স কর হ সপ ত ল ক ভ ব য ব?
how did you know i grew up in boston?,আপন ক ভ ব জ ন ন য আম ব স টন বড হয ছ ?
how long have you been out of prison?,কতদ ন ধর জ ল র ব ইর আছ ন?
how much does it cost for one person?,একজন র জন য কত ট ক ল গব ?
i bought this medicine for my father ,এই অষ ধট আম আম র ব ব র জন য ক ন ছ ।
i can t tell one twin from the other ,আম একজন জমজ র থ ক আর একজনক আল দ কর চ নত প র ন ।
i do not want to reply to his letter ,আম এই চ ঠ ট র উত তর দ ত চ ই ন ।
i don t think i m likely to be fired ,আম মন কর ন আম ক বরখ স ত কর হব ।
i don t think that i was disobedient ,আম মন কর ন য আম অব ধ য ছ ল ম।
i don t think that tom is aggressive ,আম মন কর ন য টম আক রমণ ত মক।
i don t think we ll have enough time ,আম র মন হয ন আমর যথ ষ ট সময প ব ।
i don t want tom to see me like that ,আম চ ই ন টম আম ক ওই অবস থ য দ খ ক।
i don t want tom to see me like this ,আম চ ই ন টম আম ক এই অবস থ য দ খ ক।
i don t want to lose you as a friend ,আম ত ম ক বন ধ হ স ব হ র ত চ ই ন ।
i guess you don t need new tires yet ,আম মন কর আপন র এখনই নত ন ট য র র প রয জন ন ই।
i just sell newspapers nothing else ,আম শ ধ খবর র ক গজ ব ক র কর আর ক ছ ন ।
i knew tom used to live in australia ,আম জ নত ম টম অস ট র ল য য থ কত।
i know that we still love each other ,আম জ ন আমর এক অপরক এখন ভ ল ব স ।
i really don t want to eat right now ,আম সত য ই এখন খ ত চ ই ন ।
i spent all afternoon in the library ,স র ট ব ক ল ল ইব র র ত ক ট য দ ল ম।
i suspect that tom doesn t like mary ,আম র সন দ হ হয টম ম র ক পছন দ কর ন ।
i think you shouldn t have said that ,আম মন কর ত ম র ওট বল উচ ত হয ন ।
i want to know why tom is doing this ,আম ক এট বল য টম ক ন এমন করছ ।
i want to know why you re doing this ,আম জ নত চ ই আপন ক ন এট করছ ন।
i worked as a waiter for three years ,আম ওয ট র হ স ব ত ন বছর ক জ কর ছ ।
i ll return to australia in two days ,আম দ দ ন অস ট র ল য ফ র য ব।
i m looking for an inexpensive hotel ,আম একট সস ত হ ট ল খ জছ ।
i m not at all interested in physics ,আম পদ র থব জ ঞ ন ম ট ই আগ রহ নই।
i m not interested in physics at all ,আম পদ র থব জ ঞ ন ম ট ই আগ রহ নই।
i ve been looking for it all morning ,আম স র সক ল ধর এট খ জছ ।
is this your first time in australia?,এট য প রথমব র র মত অস ট র ল য য আস ন ক ?
is this your first time in australia?,প রথমব র অস ট র ল য য এস ছ ন ন ক ?
islamabad is the capital of pakistan ,ইসল ম ব দ হল প ক স ত ন র র জধ ন ।
it has happened at least three times ,এরকম অন তত ত নব র ঘট ছ ।
it s obvious there s something wrong ,ক ছ য ভ ল আছ ত স পষ ট।
language is a means of communication ,ভ ষ হ ল য গ য গ র একট ম ধ যম।
march is the third month of the year ,ম র চ বছর র ত ত য ম স।
nothing remained in the refrigerator ,ফ র জ আর ক ছ ই অবশ ষ ট রইল ন ।
something has happened to this clock ,এই ঘড র ক ছ একট হয ছ ।
tell tom that i m still in a meeting ,টমক বল ন য আম এখনও ম ট এ রয ছ ।
the club has more than fifty members ,ক ল বট র সদস য পঞ চ শ রও ব শ ।
the earth orbits the sun once a year ,প থ ব বছর একব র স র যক প রদক ষ ণ কর ।
the suspect began to confess at last ,সন দ হভ জন ব যক ত শ ষ পর যন ত স ব ক র ক ত দ ত শ র কর ছ ।
the terrorists released the hostages ,আতঙ কব দ র বন দ দ র ছ ড দ ল ।
there s so much i want to say to you ,ত ম ক আম র অন ক ক ছ বল র ইচ ছ আছ ।
there s so much i want to say to you ,আপন ক আম র কত ক ছ বল র ইচ ছ আছ ।
tom came back to boston last october ,টম গত অক ট বর বস টন ফ র এস ছ ।
tom has also spent time in australia ,টম অস ট র ল য ত ও সময ক ট য ছ ন।
tom has been crying almost every day ,টম প র য প রত য ক দ ন ক দ ছ ।
tom has been to boston several times ,টম অন কব র বস টন গ ছ ন।
tom has been working here since 2013 ,টম এখ ন থ ক ক জ করছ ।
tom has come to pick up his children ,টম ওর ব চ চ দ র ন ত এস ছ ।
tom is tall but not as tall as i am ,টম লম ব ক ন ত আম র মত লম ব নয ।
tom is the former owner of this club ,টম এই ক ল ব র স ব ক ম ল ক।
tom is well aware of mary s problems ,টম ম র র সমস য সম পর ক ভ ল কর ই জ ন ।
tom seems interested in nothing else ,টম অন য ক ছ ত আগ রহ বল মন হচ ছ ।
tom told mary that he had to do that ,টম ম র ক বল ছ ল য ত ক এট করত ই হব ।
tom told me he wants to go to boston ,টম আম ক বলল য স বস টন য ত চ য ।
tom told me that he was glad to help ,টম আম ক বল ছ ল ন য ত ন স হ য য করত প র আনন দ ত।
tom usually goes to bed at ten forty ,টম স ধ রণত দশট চল ল শ ন গ দ শ ত য য ।
tom was arrested for drunken driving ,টম ম ত ল অবস থ য গ ড চ ল ব র জন য গ র ফত র হয ছ ।
translate this sentence into english ,এই ব ক যট ই র জ ত অন ব দ কর ন।
turn right at the end of that street ,র স ত ট র শ ষ ড নদ ক ব ক য ব ন।
we need to finish what we ve started ,আমর য শ র কর ছ ত শ ষ করত হব ।
we were friends right from the start ,আমর শ র থ ক ই বন ধ ছ ল ম।
we re going to see if we can do that ,আমর ত করত প র ক ন ত দ খত য চ ছ ।
what are you going to do if it rains?,ব ষ ট হল ক করব ন?
what is the total number of students?,ম ট ছ ত র র স খ য কত?
what languages are spoken in america?,আম র ক ত ক ন ক ন ভ ষ য কথ বল হয ?
what time does the airport bus leave?,এয রপ র ট র ব সট কট য ছ ড ?
what time does the first train leave?,প রথম ট র নট কট র সময ছ ড ?
when does the train leave for boston?,বস টন র ট র নট কখন ছ ড ?
wouldn t it be better to do that now?,এট এখন করল ভ ল হব ন ?
you re a science teacher aren t you?,আপন ব জ ঞ ন শ ক ষক ত ই ন ?
you re not going to get away with it ,আপন এর থ ক প র প য য ব ন ন ।
your daughter is not a child anymore ,ত ম র ম য আর ব চ চ ন ই।
zurich is switzerland s largest city ,জ র খ স ইজ রল য ন ড র ব হত তম শহর।
a high school student made this robot ,হ ইস ক ল র এক ছ ত র এই র বটট ত র কর ছ ।
air like food is a basic human need ,খ দ য র মত ব য ম ন ষ র ম ল ক চ হ দ ।
america s civil war lasted four years ,আম র ক র গ হয দ ধ চ র বছর স থ য হয ছ ল।
bad weather prevented us from leaving ,খ র প আবহ ওয আম দ র য ত ব ধ দ ল ।
bangladesh became independent in 1971 ,ব ল দ শ স ল স ব ধ নত ল ভ কর ।
bangladesh became independent in 1971 , স ল ব ল দ শ স ব ধ ন হয ।
being very tired i went to bed early ,খ ব ক ল ন ত হওয য আম ত ড ত ড ঘ ম ত গ য ছ ল ম।
could you please repeat it once again?,আপন ক অন গ রহ কর আর একব র বলত প রব ন?
does tom enjoy watching horror movies?,টম ক ভ ত ক স ন ম দ খত পছন দ কর ?
every student passed the driving test ,প রত য ক শ ক ষ র থ ই ড র ইভ পর ক ষ য উত ত র ণ হয ছ ।
frankly speaking he is untrustworthy ,সত য বলত ত ক ব শ ব স কর য য ন ।
he was given a gold watch as a reward ,প রস ক র হ স ব ত ক একট স ন র ঘড দ ওয হয ।
how are you? did you have a good trip?,ক মন আছ ন? য ত র ভ ল ছ ল ত ?
how are you? did you have a good trip?,ক মন আছ ? য ত র ভ ল ছ ল ত ?
how many times do i have to apologize?,আম ক কতব র ক ষম চ ইত হব ?
i can t believe i m not getting fired ,ব শ ব সই হচ ছ ন য আম ক বহ স ক র কর হচ ছ ন ।
i could get fired if i didn t do that ,আম ত ন করল চ কর চ য ত হত প রত ম।
i don t feel like eating anything now ,আম র এখন ক ছ ই খ ত ইচ ছ করছ ন ।
i don t understand what you re saying ,আপন ক বলছ ন আম ব ঝত প রছ ন ।
i don t understand what you re saying ,ত ম ক বলছ আম ব ঝত প রছ ন ।
i don t want to talk about it anymore ,আম এই ব য প র আর ক ন কথ বলত চ ই ন ।
i don t want to talk about that today ,আম আজ স ট ন য কথ বলত চ ই ন ।
i know a store where you can buy that ,আম একট দ ক ন চ ন য খ ন থ ক আপন ওইট ক নত প রব ন।
i know a store where you can buy that ,আম একট দ ক ন চ ন য খ ন থ ক ত ম ওইট ক নত প রব ।
i need to ask you some more questions ,আম র আপন ক আরও ক ছ প রশ ন জ জ ঞ স কর প রয জন।
i once wanted to be an astrophysicist ,আম একসময জ য ত র ব জ ঞ ন হত চ য ছ ল ম।
i still haven t found my contact lens ,আম এখন আম র কন ট য ক ট ল ন সট প ইন ।
i suspect that tom isn t in australia ,আম র সন দ হ হচ ছ য টম অস ট র ল য য ন ই।
i told them to send me another ticket ,আম ওন দ র আর একট ট ক ট প ঠ ত বল ছ ।
i used to believe everything you said ,আম ত ম র সব কথ ব শ ব স করত ম।
i m hoping to go to boston next month ,আগ ম ম স আম র ব স টন য ওয র আশ আছ ।
i m wondering what to cook for dinner ,র ত র খ ব র র জন য ক র ন ন করব স ট ই ভ বছ ।
i ve always been interested in robots ,আম সর বদ র ব ট আগ রহ ছ ল ম।
iridium is one of the rarest elements ,ইর ড য ম একট ব রল ম ল।
isaac newton was an english physicist ,আইজ য ক ন উটন ছ ল ন একজন ই র জ পদ র থব দ।
it rained continuously for three days ,ত ন দ ন ধর ব ষ ট পড ল ।
japan imports oranges from california ,জ প ন ক য ল ফ র ন য থ ক কমল আমদ ন কর ।
let s not waste time arguing about it ,আস ন এট ন য তর ক কর সময নষ ট ন কর ।
ping pong is also called table tennis ,প প ক ট ব ল ট ন সও বল হয ।
she has very nice looking handwriting ,ওন র হ ত র ল খ দ খত খ ব স ন দর।
stop doing that and get back to work ,এট কর ব দ দ য ক জ য ও।
the dutch flag is red white and blue ,ড চ পত ক ল ল স দ এব ন ল।
the united states had nuclear weapons ,য ক তর ষ ট র র ক ছ প রম ণব ক অস ত র ছ ল।
the bus is usually late when it rains ,ব ষ ট হল ব সট স ধ রণত দ র ত আস ।
the murderer hasn t been arrested yet ,খ ন ক এখন গ র প ত র কর হয ন ।
the two countries negotiated a treaty ,দ শ দ ট ন জ দ র মধ য একট চ ক ত সম প দ ত করল ।
the virus spread faster than wildfire ,ভ ইর সট দ ব নল র চ য ও দ র ত ছড য পড ত প র ।
this book is also available in french ,এই বইট ফর স ত ও প ওয য য ।
this book is only available in french ,এই বইট শ ধ ফর স ত ই প ওয য য ।
this doesn t look like tom s umbrella ,মন হয ন এট টম র ছ ত ।
tom died during his stay in australia ,টম অস ট র ল য য থ ক র সময ম র য ন।
tom doesn t know mary is in australia ,ম র অস ট র ল য য আছ ত টম জ ন ন ।
tom doesn t usually eat lunch at home ,টম স ধ রণত ব ড ত দ প র র খ ব র খ য ন ।
tom invited me to a party at his home ,টম আম ক ত র ব ড ত একট প র ট ত আমন ত রণ জ ন য ছ ।
tom is afraid that he might get fired ,টম ভয প চ ছ য ত ক বরখ স ত কর হত প র ।
tom lives in a small town near boston ,টম বস টন র ক ছ একট ছ ট শহর থ ক ।
tom reads the newspaper every morning ,টম প রত দ ন সক ল খবর র ক গজ পড ।
tom said that i don t need to do that ,টম বলল য আম র এট কর র দরক র ন ই।
tom told me that he s never done that ,টম আম ক বল ছ স এট কর ন ।
tom was taken to hospital unconscious ,টমক অজ ঞ ন অবস থ য হ সপ ত ল ন ওয হয ছ ল।
tom s response wasn t what i expected ,টম র প রত ক র য আম য আশ কর ছ ল ম ত ছ ল ন ।
turn left at the second traffic light ,দ ব ত য ট র ফ ক ল ইট ব দ ক ব ক য ব ন।
we could all learn something from tom ,আমর সব ই টম র ক ছ থ ক ক ছ শ খত প র ।
where is the boarding gate for ua 111?,ua 111 ত ওঠ র দরজ ট ক থ য ?
who is that beautiful girl over there?,ওখ ন র ঐ স ন দর ম য ট ক ?
would you like to watch another movie?,আপন ক অন য স ন ম দ খত চ ন?
you can stay here as long as you like ,আপন এখ ন যতক ষণ ইচ ছ থ কত প র ন।
you can stay here as long as you like ,ত ম এখ ন যতক ষণ ইচ ছ থ কত প র ।
you haven t told me about your mother ,ত ম আম ক ত ম র ম য র কথ বল ন ।
you may stay here as long as you like ,আপন এখ ন যতক ষণ ইচ ছ থ কত প র ন।
you may stay here as long as you like ,ত ম এখ ন যতক ষণ ইচ ছ থ কত প র ।
you ll need a ticket to travel by bus ,ব স কর ঘ রত হল আপন ক ট ক ট ক টত হব ।
your help is necessary to our success ,আম দ র স ফল য র জন য আপন র স হ য য এক ন ত প রয জন।
 where are you going? to the movies , ক থ য য চ ছ ন? স ন ম দ খত । 
a little learning is a dangerous thing ,অল প ব দ য ভয ঙ কর ।
a lot of people attended tom s funeral ,টম র অন ত য ষ ট ক র য ত অন ক অ শগ রহণ কর ছ ল।
are we going to talk about this or not?,আমর এই ব ষয কথ বলব ক ন ?
at what age do you want to get married?,ত ম কত বছর বয স ব য করত চ ও?
australia is rich in natural resources ,অস ট র ল য প র ক ত ক সম পদ সম দ ধ।
class doesn t begin until eight thirty ,স ড আটট র আগ ক ল স শ র হয ন ।
common interests bring people together ,স ধ রণ স ব র থ ম ন ষক একত র ত কর ।
could you please speak a little slower?,আপন ক অন গ রহ কর আর কট ধ র ধ র কথ বলত প রব ন?
could you speak a little louder please?,আপন ক অন গ রহ কর আর কট জ র কথ বলত প রব ন?
december is the last month of the year ,বছর র শ ষ ম স ড স ম বর।
did you know men can get breast cancer?,আপন ক জ ন ন য প র ষদ রও স তন ক য ন স র হত প র ?
do you know how to pronounce this word?,আপন জ ন ন এই শব দট র উচ চ রণ ক ভ ব করত হয ?
he has worked in france his whole life ,ত ন স র জ বন ফ র ন স ক জ কর ছ ন।
how long do you study french every day?,ত ম প র ত দ ন কত ঘন ট কর ফর স শ খ ?
how long has tom been living in boston?,টম বস টন কত বছর ধর আছ ?
how much does it cost to get to boston?,বস টন য ওয র জন য কত খরচ পরব ?
how much money did you expect to spend?,আপন কত ট ক খরচ কর র আশ কর ছ ল ন?
i bought a pound of meat the other day ,আম অন যদ ন এক প উন ড ম স ক ন ছ ল ম।
i can t believe we re going to do that ,আম ব শ ব স করত প রছ ন য আমর এট করত য চ ছ ।
i didn t know tom was such a good cook ,আম জ নত ম ন টম এত ভ ল র ধ ন ।
i didn t know what was really going on ,আম সত য ই ক ঘটছ জ নত ম ন ।
i don t know exactly when i ll be back ,আম কখন ফ র আসব ঠ ক কর জ ন ন ।
i don t think that it ll rain tomorrow ,আম র মন হয ন ক লক ব ষ ট হব ।
i don t understand what you are saying ,আপন ক বলছ ন আম ব ঝত প রছ ন ।
i don t understand what you are saying ,ত ম ক বলছ আম ব ঝত প রছ ন ।
i don t want to eat anything right now ,আম এখন ক ছ ই খ ত চ ই ন ।
i know you think this is too expensive ,আম জ ন ত ম এট ক অন ক ব যয বহ ল মন কর ।
i need more time to finish my homework ,ব ড র ক জ শ ষ কর র জন য আম র আরও সময দরক র।
i stopped so i could smoke a cigarette ,আম থ ম ছ ল ম য ত একট স গ র ট খ ত প র ।
i thought that it might be complicated ,আম ভ ব ছ ল ম এট জট ল হত প র ।
i wonder whether tom wants that or not ,আম ভ বছ টম স ট চ য ক ন ।
i d like to check out tomorrow morning ,আম ক ল সক ল ঘরট ছ র দ ত চ ই।
i ll be back by seven or eight o clock ,আম স তট ব আটট সময র আগ ফ র আসব ।
i m going to a conference in australia ,আম অস ট র ল য য একট সম ম লন য চ ছ ।
i m looking forward to summer vacation ,আম গ র ষ ম র ছ ট র অপ ক ষ য আছ ।
i m proud to be a part of this project ,আম এই প রকল প র একট অ শ হয গর ব ত।
i ve done some things i m not proud of ,আম এমন ক ছ ক জ কর ছ য ত আম গর ব ত নই।
it looks like i m going to arrive late ,দ খ মন হচ ছ আম র প ছ ত দ র হয য ব ।
maybe we should talk to tom about that ,হয ত আম দ র টম র স থ এই ব ষয কথ বল উচ ত।
my mom doesn t speak english very well ,আম র ম খ ব ভ ল ই র জ বলত প র ন ন ।
names are listed in alphabetical order ,ন মগ ল বর ণ ন ক রম ল প বদ ধ কর আছ ।
napoleon bonaparte was born in corsica ,ন প ল য ন ব ন প র ট র জন ম কর স ক য ।
nobody else was involved in the murder ,এই খ ন আর ক উ জড ত ছ ল ন ।
oranges are a good source of vitamin c ,কমল ভ ট ম ন স এর ভ ল উ স।
she acknowledged having made a mistake ,উন য ভ ল কর ছ ল ন স ট স ব ক র করল ন।
talking is one thing doing is another ,বল আর কর র মধ য প র থক য আছ ।
talking is one thing doing is another ,বল এক জ ন স কর অন য জ ন স।
the civil war lasted from 1861 to 1865 ,গ হয দ ধ থ ক স ল পর যন ত চল ।
the second world war broke out in 1939 , স ল দ ব ত য ব শ বয দ ধ শ র হয ।
the explosion frightened the villagers ,ব স ফ রণ গ র মব স র আতঙ ক ত হয পড ।
the way you treat people is disgusting ,আপন ম ন ষ র স থ য আচরণ কর ন ত জঘন য।
their parents tried to keep them apart ,ত দ র ব ব ম য র ত দ রক দ র র খত চ ষ ট কর ছ ল ন।
there were a lot of people in the park ,প র ক অন ক ল ক ছ ল।
there s something seriously wrong here ,এখ ন গ র তর ক ছ ভ ল আছ ।
things like that only happen in movies ,এমন ঘটন শ ধ স ন ম ত ই ঘট ।
those who know me know i won t do that ,য র আম ক চ ন ন ত র জ ন ন আম এট করব ন ।
tom didn t need to do that but he did ,টম র স ট কর র দরক র ছ ল ন ক ন ত স কর ছ ।
tom doesn t usually read the newspaper ,টম স ধ রণত স ব দপত র পড ন ।
tom said mary could ve done that alone ,টম বলল য ম র এক ই এট করত প রত।
tom said he thought mary was in boston ,টম বল ছ ল য স ভ ব ছ ল ম র ব স টন আছ ন।
tom shouldn t have spent so much money ,টম র এত ট ক খরচ কর উচ হয ন ।
tom won t be able to come over tonight ,টম আজ র ত আসত প রব ন ।
tom worked in a bank from 1999 to 2013 ,টম থ ক স ল পর যন ত একট ব য ক ক জ কর ছ ন।
try not to make the same mistake twice ,একই ভ ল দ ব র ন কর র চ ষ ট কর ন।
viruses are much smaller than bacteria ,ব য কট র য র চ য ভ ইর স অন ক ছ ট।
we ll never be able to play any better ,আমর কখনই এর থ ক ভ ল খ লত প রব ন ।
we re not yet sure what the problem is ,আম র সমস য ট র ব য প র এখন ন শ চ ত হইন ।
will you show me your passport please?,অন গ রহ কর আপন র প সপ র টট দ খ ব ন?
would you like to come fishing with us?,আপন ক আম দ র স থ ম ছ ধরত য ব ন?
would you like to come fishing with us?,আপন র ক আম দ র স থ ম ছ ধরত য ব ন?
would you like to come fishing with us?,ত ম ক আম দ র স থ ম ছ ধরত য ব ?
would you like to come fishing with us?,ত মর ক আম দ র স থ ম ছ ধরত য ব ?
you don t know how hard it was for tom ,আপন জ ন ন ন এট টম র জন য কতট কঠ ন ছ ল।
you won t believe what happened next ,এরপর য ঘটল ত আপন ব শ ব স করব ন ন ।
are you sure the person you saw was tom?,আপন য ল কক দ খ ছ ন স ট য টম স ই ব য প র আপন ন শ চ ত?
aren t tom and mary both from australia?,টম এব ম র দ জন ই ক অস ট র ল য র নয ?
aren t both tom and mary from australia?,টম এব ম র দ জন ই ক অস ট র ল য র নয ?
bacteria are invisible to the naked eye ,ব য কট র য খ ল চ খ দ খ য য ন ।
bauxite is the main source of aluminium ,বক স ইট হল অ য ল ম ন য ম র প রধ ন উ স।
bauxite is the main source of aluminium ,অ য ল ম ন য ম র প রধ ন উ স হল বক স ইট।
do you really think tom is disorganized?,আপন ক সত য ই টমক অগ ছ ল মন কর ন?
do you think that you re better than me?,ত ম ক মন কর ত ম আম র চ য ভ ল ?
eisenhower was elected in november 1952 ,আইজ নহ ওয র স ল র নভ ম বর ন র ব চ ত হন।
have you ever heard tom speaking french?,আপন ক কখন টমক ফর স ত কথ বলত শ ন ছ ন?
have you ever heard tom speaking french?,ত ম ক কখন টমক ফর স ত কথ বলত শ ন ছ ?
he didn t want to talk about it anymore ,উন আর এই ব যপ র ক ন কথ বলত চ ন ন ।
he should have finished his work by now ,এতক ষণ ত র ক জ শ ষ কর উচ ত ছ ল।
how did you get tom to buy that for you?,ত ম ক ওট ক ন দ ওয র জন য টমক ক ভ ব র জ কর ল ?
how long have you been living in boston?,আপন বস টন কত বছর ধর আছ ন?
how long have you been living in boston?,ত ম বস টন কত বছর ধর আছ ?
i am proud to be a part of this project ,আম এই প রকল প র একট অ শ হয গর ব ত।
i can read french but i can t speak it ,আম ফর স পড ত প র ক ন ত বলত প র ন ।
i don t know if i ll have time to do it ,আম জ ন ন এট কর র জন য সময প ব ক ন ।
i downloaded the file that tom uploaded ,টম য ফ ইলট আপল ড কর ছ আম স ট ড উনল ড করল ম।
i found no shoes completely to my taste ,আম প র প র আম র পছন দ মত ক ন জ ত প ল ম ন ।
i noticed that she sat in the front row ,আম লক ষ য করল ম য স স মন র স র ত বস ছ ।
i think it s time you and tom went home ,আম র মন হয ত ম র আর টম র ব ড য ওয র সময হয গ ছ ।
i wonder if tom and mary have both left ,আম ভ বছ টম এব ম র দ জন ই চল গ ছ ক ন ।
i wonder if both tom and mary have left ,আম ভ বছ টম এব ম র দ জন ই চল গ ছ ক ন ।
i m considering going back to australia ,আম অস ট র ল য য ফ র য ওয র কথ ভ বছ ।
i m not as conservative as i used to be ,আম আগ র মত রক ষণশ ল নই।
i m not sure what time tom will be home ,টম কখন ব ড ত আসব ত আম ন শ চ ত নই।
i m very sorry that i came home so late ,আম দ র কর ব ড আস য দ খ ত।
i ve given up on trying to surprise you ,আম আপন ক অব ক কর র চ ষ ট ছ ড দ য ছ ।
if all goes well i ll come and see you ,সব ঠ কঠ ক থ কল আম এস ত ম র স থ দ খ করব।
if they don t work they don t get paid ,ত র ক জ ন করল ব তন প য ন ।
most of the work is performed by robots ,ব শ রভ গ ক জ র বট দ ব র সঞ চ ল ত হয ।
my brother is two years older than i am ,আম র ভ ই আম র থ ক দ বছর র বড ।
pollution is a serious problem in china ,চ ন র একট ম র ত মক সমস য হল দ ষণ।
south africa became independent in 1961 ,দক ষ ণ আফ র ক স ল স ব ধ ন হয ।
the nile is the largest river in africa ,ন ল নদ আফ র ক র ব হত তম নদ ।
the accident occurred yesterday morning ,দ র ঘটন ট গতক ল সক ল ঘট ছ ।
the budget of the film was very limited ,ছব র ব জ ট ছ ল খ বই স ম ত।
the novel has sold almost 20 000 copies ,উপন য সট র প র য ট কপ ব ক র হয ছ ।
the police are investigating the murder ,প ল শ খ নট র তদন ত করছ ।
the servants screams awakened everyone ,চ করগ ল র চ ক র সব ইক জ গ য দ ল ।
this area is famous for its good apples ,এই এল ক ভ ল আপ ল র জন য ব খ য ত।
this is the shortest way to the station ,এট ক স ট শন য ওয র সবথ ক ছ ট র স ত ?
this river flows into the pacific ocean ,এই নদ ট প রশ ন ত মহ স গর গ য পড ।
tom didn t want me to come to australia ,টম চ য ন আম অস ট র ল য য আস ।
tom is watching a movie on his computer ,টম ত র কম প উট র চলচ চ ত র দ খছ ।
tom isn t interested in becoming famous ,টম ব খ য ত হত আগ রহ নয ।
tom reads the washington post every day ,টম প রত য কদ ন ওয শ টন প ষ ট পর ন।
tom shouldn t have left the window open ,টম র জ ন ল র দরজ ট খ ল র খ উচ হয ন ।
tom stared at mary from across the room ,ঘর র মধ য দ য টম ম র র দ ক চ ইল।
translating this text will be very easy ,এই ল খ ট খ ব সহজ ই অন ব দ কর য ব ।
we always spend our vacation by the sea ,আমর সবসময সম দ র র ধ র আম দ র ছ ট ক ট ই।
well the night is quite long isn t it?,র তট খ ব বড ত ই ন ?
what do you want to be when you grow up?,ত ম বড হয ক হত চ ও?
what do you want to be when you grow up?,ত ই বড হয ক হত চ স?
what time do you usually have breakfast?,আপন স ধ রণত ক ন সময সক ল র ন স ত কর ন?
what s your favorite television program?,আপন র প র য ট ল ভ শন ক র যক রমট ক ?
what s your favorite television program?,ত ম র প র য ট ল ভ শন ক র যক রমট ক ?
when she heard it she got very excited ,কথ ট শ ন স খ ব উত ত জ ত হয গ ল।
when was the last time you ate a cookie?,শ ষব র আপন কখন ব স ক ট খ য ছ ল ন?
where is the tourist information office?,পর যটন অফ সট ক থ য ?
would you like some coffee or something?,আপন খ ন ক কফ ব অন য ক ছ চ ন?
would you like to come shopping with me?,ত মর ক আম র স থ ক ন ক ট করত য ত য ব ?
would you like to come shopping with me?,ত ম ক আম র স থ ক ন ক ট করত য ত য ব ?
would you like to come shopping with me?,আপন র ক আম র স থ ক ন ক ট করত য ত য ব ন?
would you like to come shopping with me?,আপন ক আম র স থ ক ন ক ট করত য ত য ব ন?
 where s the cat? it s under the sofa , ব ড লট ক থ য ? স ফ র ন চ আছ । 
are you certain that you locked the door?,দরজ য ত ল ল গ ন র ব য প র ত ম ক ন শ চ ত?
are you certain that you locked the door?,আপন ক ন শ চ ত য দরজ য ত ল ল গ য ছ ন?
can you please repeat what you just said?,আপন য ট বলল ন স ট ক দয কর আর একব র বলত প রব ন?
can you recommend a good hotel in boston?,আপন বস টন ক ন ভ ল হ ট ল র স প র শ করত প রব ন?
could you write down the address please?,আপন ক দয কর ঠ ক ন ট ল খ দ ত প রব ন?
did they understand what you were saying?,আপন ক বলছ ন ত র ক ব ঝত প র ছ ?
divorce is becoming more common nowadays ,ব ব হব চ ছ দ এখনক র দ ন খ বই স ধ রণ হইয গ ছ ।
everyone has both strong and weak points ,প রত য ক রই শক ত শ ল এব দ র বল উভয দ ক রয ছ ।
half of the island remains uninhabitable ,দ ব পট র অর ধ ক বসব স র অন পয ক ত।
he doesn t eat anything other than fruit ,স ফল ছ ড অন য ক ছ খ য ন ।
he doesn t eat anything other than fruit ,ও ফল ছ ড অন য ক ছ খ য ন ।
he doesn t eat anything other than fruit ,উন ফল ছ ড অন য ক ছ খ ন ন ।
he doesn t eat anything other than fruit ,ত ন ফল ছ ড অন য ক ছ খ ন ন ।
he put down his thoughts in his notebook ,ত ন ত র চ ন ত ভ বন গ ল ত র ন টব ক ল খ র খ ছ ল ন।
how can i get to the nearest post office?,সবথ ক ক ছ র ড কঘর ক ভ ব য ব?
how many churches are there in this city?,এই শহর কয ট গ র জ আছ ?
how many people are there in this office?,এই অফ স কতজন আছ ?
i can t believe tom really said no to me ,আম ব শ ব সই করত প রছ ন য সত য ই আম ক ন বল ছ ।
i don t think that it will rain tomorrow ,আম র মন হয ন ক লক ব ষ ট হব ।
i don t usually watch this kind of movie ,আম স ধ রণত এই ধরন র ম ভ দ খ ন ।
i had no difficulty in finding his house ,ত র ব ড খ জ প ত আম র ক ন অস ব ধ হয ন ।
i hope you don t take this the wrong way ,আম আশ কর আপন এট ক ভ ল পথ ন ব ন ন ।
i know that this is really scary for you ,আম জ ন য এট আপন র জন য সত য ই ভ ত জনক।
i know that you don t want to talk to me ,আম জ ন ত ম আম র স থ কথ বলত চ ও ন ।
i know that you don t want to talk to me ,আম জ ন য ত ম আম র স থ কথ বলত চ ও ন ।
i should be studying for tomorrow s exam ,আম র আগ ম ক ল র পর ক ষ র জন য পড শ ন কর উচ ত।
i was thinking about buying a new camera ,আম একট নত ন ক য ম র ক ন র কথ ভ বছ ল ম।
i would like to be a pilot in the future ,আম ভব ষ যত প ইলট হত চ ই।
i d like a room facing the ocean instead ,ত র বদল আম র সম দ র র দ ক ম খ কর একট ঘর চ ই।
i d like to reserve a seat on this train ,আম এই ট র ন একট আসন স রক ষণ করত চ ই।
i ll call them tomorrow when i come back ,আম ক ল যখন ফ রব ওদ রক একব র কল করব ।
i ll call them tomorrow when i come back ,আম ক ল যখন ফ রব ওন দ রক একব র কল করব ।
i m taking a trip to australia next year ,আম পর র বছর অস ট র ল য সফর য চ ছ ।
i ve never smoked a cigarette in my life ,আম জ বন কখন স গ র ট খ ইন ।
it was marie curie who discovered radium ,ম র ক র ই র ড য ম আব ষ ক র কর ছ ল ন।
soccer is the world s most popular sport ,ফ টবল ব শ ব র সবচ য জনপ র য খ ল ।
some of my friends can speak french well ,আম র বন ধ দ র মধ য ক উ ক উ ভ ল ফর স বলত প র ।
that s the difference between you and me ,আপন র আম র মধ য একট প র থক য আছ ।
the building was heavily damaged by fire ,আগ ন ভবনট র ব য পক ক ষত হয ছ ।
the day after tomorrow is tom s birthday ,আগ ম পরশ টম র জন মদ ন।
the price of gold varies from day to day ,স ন র দ ম প রত দ ন পর বর ত ত হয ।
the room charge is 100 a night plus tax ,ঘর ভ র ট য ক স সহ ।
the room was filled with cigarette smoke ,ঘরট স গ র ট র ধ য য ভর ত হয গ ছ ল।
today is my parents wedding anniversary ,আজ আম র ব ব ম য র ব ব হ ব র ষ ক ।
tom didn t want mary to wear any jewelry ,ম র য ক ন গয ণ পর স ট টম চ ইত ন ।
tom has decided he s going to come early ,টম স দ ধ ন ত ন য ছ য স ত ড ত ড আসব ।
tom obviously likes hearing himself talk ,টম স পষ টতই ন জ র কথ শ নত পছন দ কর ।
tom probably won t attend the conference ,টম সম ভবত সম ম লন য গ দ ব ন ।
tom slept for three hours this afternoon ,টম আজ ব ক ল ত ন ঘন ট ঘ ম য ছ ।
tom told me he could get us what we need ,টম আম ক বল ছ ল য স আম দ র য দরক র ত দ ব ।
unfortunately i don t remember anything ,দ র ভ গ যবশত আম র ক ছ ই মন ন ই।
we ll just do something else if it rains ,ব ষ ট হল আমর অন য ক ছ করব।
when were potatoes introduced into japan?,জ প ন কব থ ক আল র প রবর তন হয ছ ল?
where were you at the time of the murder?,খ ন র সময আপন ক থ য ছ ল ন?
why don t you try to get your money back?,আপন আপন র ট ক ট ফ রত ন ওয র চ ষ ট করছ ন ন ক ন?
why don t you try to get your money back?,ত ম ত ম র ট ক ট ফ রত ন ওয র চ ষ ট করছ ন ক ন?
why don t you try to get your money back?,ত ই ত র ট ক ট ফ রত ন ওয র চ ষ ট করছ স ন ক ন?
 what time is it now? it s ten o clock , এখন কট ব জ ? দশট ব জ । 
a millimeter is one thousandth of a meter ,একট ম ল ম ট র একট ম ট র র এক হ জ র ভ গ র এক ভ গ।
are you just going to stand there all day?,আপন ক স র দ ন ওইখ ন ই দ ড য থ কব ন?
are you just going to stand there all day?,ত ম ক স র দ ন ওইখ ন ই দ ড য থ কব ?
didn t you know that tom is afraid of you?,আপন ক জ নত ন ন য টম আপন ক ভয প য ?
he continued his work after a short break ,অল প ব রত র পর ত ন ত র ক জ চ ল য য ন।
how did you know i wanted to go to boston?,ত ম ক ভ ব জ নল আম ব স টন য ত চ ই?
how do you expect me to do all this alone?,আপন ক কর আশ কর ন য আম এই ক জট একল করব ?
how much money would you like to withdraw?,আপন কত ট ক ত লত চ ন?
i arrived at the station ten minutes late ,আম স ট শন দশ ম ন ট দ র কর প ছ ছ ল ম।
i can speak chinese but i can t write it ,আম চ ইন জ বলত প র ক ন ত আম ল খত প র ন ।
i can speak french but only a little bit ,আম ফর স ত কথ বলত প র ক ন ত খ ল একট খ ন ।
i didn t want anybody to know where i was ,আম চ ইন ক উ জ ন ক আম ক থ য ছ ল ম।
i don t think tom is responsible for that ,আম র মন হয ন টম এট র জন য দ য ।
i don t think that we ll have enough time ,আম র মন হয ন আমর যথ ষ ট সময প ব ।
i need to buy some medicine for my father ,আম আম র ব ব র জন য ক ছ ওষ ধ ক নত চ ই।
i think tom didn t want to leave so early ,আম র মন হয টম এত ত ড ত ড চল য ত চ য ন ।
i think tom said his last name is jackson ,আম র মন হয টম বল ছ ল য ওর পদব জ য কসন।
i think that you shouldn t have said that ,আম মন কর ত ম র ওট বল উচ ত হয ন ।
i d like you to consider joining our club ,আম চ ই আপন আম দ র ক ল ব য গদ ন কর র কথ ব ব চন কর ন।
i m still good friends with my ex husband ,এখনও আম র প র ক তন স ব ম র স থ আম র ভ ল বন ধ ত ব রয ছ ।
i ve been thinking about buying a new car ,আম একট নত ন গ ড ক ন র কথ ভ বছ ।
i ve made that same mistake several times ,আম স ই একই ভ ল বহ ব র কর ছ ।
is there a public toilet in this building?,এই ইম রতট ত ক ক ন সর বজন ন শ চ গ র আছ ?
let me know if there is anything i can do ,আম র ক ছ কর র থ কল জ ন ও।
let me know if there is anything i can do ,আম র ক ছ কর র থ কল জ ন ব ন।
let s first see what happens in australia ,চল ন প রথম দ খ য ক অস ট র ল য য ক হয ।
mistakes like these are easily overlooked ,এই ধরন র ভ লগ ল খ ব সহজ ই উপ ক ষ কর হয ।
there s no chance of this happening again ,এট আর হওয র ক ন স য গ ন ই।
these two things are completely unrelated ,এই দ ট জ ন স সম প র ণ অসম পর ক ত।
tom can t read all these books in one day ,টম একদ ন এতগ ল বই পড ত প রব ন ।
tom is alone in the dining room with mary ,টম খ ব র ঘর ম র র স থ একল রয ছ ।
tom is going to be executed in three days ,ত ন দ ন পর টম র ফ স হব ।
tom learned to drive when he was eighteen ,টম যখন আঠ র বছর র ছ ল তখন গ ড চ ল ন শ খ ছ ।
tom stayed in the hospital for three days ,টম ত নদ ন হ সপ ত ল ছ ল।
tom told me his father was born in boston ,টম আম ক বল ছ ল ত র ব ব র জন ম ব স টন ।
tom told me that he wants to go to boston ,টম আম ক বলল য স বস টন য ত চ য ।
tom will never be able to keep up with us ,টম কখ নই আম দ র স থ প র উঠব ন ।
tom s mother and sister had breast cancer ,টম র ম ও ব ন র স তন ক য ন স র ছ ল।
what are you going to be when you grow up?,ত ম বড হয ক হব ?
what are you going to be when you grow up?,ত ই বড হয ক হব ?
what time does the train for boston leave?,বস টন র ট র নট কট র সময ছ ড ?
why were you absent from school yesterday?,ত ম ক ল ব দ য লয অন পস থ ত ছ ল ক ন?
you never mentioned you were tom s friend ,আপন কখনই উল ল খ কর নন য আপন টম র বন ধ ছ ল ন।
you re going to have to come with us tom ,টম ত ম ক আম দ র স থ আসত হব ।
you re in no position to make any demands ,আপন ক ন ক ছ দ ব কর র মতন জ য গ য ন ই।
you re supposed to be working aren t you?,আপন র ক জ কর র কথ ত ই ন ?
you ve known tom a lot longer than i have ,আপন টমক আম র থ ক অন ক ব শ দ ন ধর চ ন ন।
 pass me the salt please here you are , অন গ রহ কর ন নট এগ য দ ব ন। এই ন ন। 
 pass me the salt please here you are , অন গ রহ কর ন নট এগ য দ ব ন। এই ন ও। 
are tickets for the concert available here?,সঙ গ ত ন ষ ঠ ন র জন য ট ক ট ক প ওয য চ ছ ?
besides teaching english he writes novels ,ই র জ শ খ ন র প শ প শ ত ন উপন য স ল খ ন।
could you please repeat what you just said?,আপন য ট বলল ন স ট ক দয কর আর একব র বলত প রব ন?
didn t you know tom used to live in boston?,আপন জ নত ন ন য টম ব স টন থ ক ?
give me a couple of minutes alone with tom ,আম ক একল টম র সঙ গ দ ম ন ট সময দ ও।
how could i be a robot? robots can t dream ,আম ক ভ ব র বট হত প র ? র বট স বপ ন দ খত প র ন ।
i came near to being run over by the truck ,আম ট র ক চ প পড ত পড ত ব চ গ য ছ ল ম।
i can t believe that you bought that house ,আম ব শ ব স করত প রছ ন য আপন স ই ব ড ট ক ন ছ ন।
i can t seem to focus on work at all today ,আম আজক ক জ মনয গ দ ত প রছ ন ।
i don t think that tom is going to hear us ,আম মন কর ন য টম আম দ র কথ শ নব ।
i don t want to waste time on this problem ,আম এই সমস য য সময নষ ট করত চ ই ন ।
i have to take my medicine every six hours ,আম ক ছয ঘণ ট অন তর অন তর ওষ ধ খ ত হয ।
i should ve hit tom while i had the chance ,যখন আম র ক ছ স য গ ছ ল তখনই আম র টমক আঘ ত কর উচ ত ছ ল।
i think you ll probably be able to do that ,আম মন কর আপন সম ভবত এট করত সক ষম হব ন।
i used to go to australia when i was a kid ,আম ছ টব ল য অস ট র ল য য ত ম।
i wouldn t want to do that if it s illegal ,এট ব আইন হল আম এট করত চ ই ন ।
is she singing a song or playing the piano?,স ক গ ন গ ইছ ন ক প য ন ব জ চ ছ ?
is there anything else you want to tell me?,আর অন য ক ছ ক আপন আম ক বলত চ ন?
nothing that tom does surprises me anymore ,টম র ক ন ক জ ই এখন আম ক অব ক কর ন ।
the battle of gettysburg lasted three days ,গ ট সব র গ র য দ ধ ত ন দ ন স থ য হয ছ ল।
the villagers believed in life after death ,গ র ম র ম ন ষর ম ত য র পর র জ বন ব শ ব স করত।
these three countries were united into one ,এই ত নট দ শ একত র ত হয ছ ল।
this carpet is more valuable than that one ,এই ক র প টট এট র চ য ব শ ম ল যব ন।
tom is the only one who doesn t seem happy ,একম ত র টমক ই খ শ বল মন হচ ছ ন ।
tom said mary didn t need to do that again ,টম বলল ম র র আর এট কর র দরক র ন ই।
tom said he knew who mary s ex husband was ,টম বল ছ ল য স জ ন ম র র প র ক তন স ব ম ক ।
tom said he knew who mary s ex husband was ,টম বল ছ ল ম র র প র ক তন স ব ম ক ত স জ ন ।
tom sat alone on the porch smoking a cigar ,টম এক এক উঠ ন বস স গ র খ চ ছ ল ।
tom seems to know quite lot about baseball ,টম ব সবল সম বন ধ অন ক ক ছ জ ন বল মন হচ ছ ।
tom was standing at the bar having a beer ,টম ব র দ ড য ব য র খ চ ছ ল।
tom will arrive in boston tomorrow morning ,টম আগ ম ক ল সক ল বস টন প ছ ব ।
we need to get in touch with tom s parents ,টম র ব ব ম য র সঙ গ আম দ র য গ য গ কর দরক র।
we should help each other in times of need ,প রয জন র সময আম দ র এক অপরক স হ য য কর উচ ত।
we should help each other in times of need ,প রয জন র সময আম দ র পরস পরক সহয গ ত কর উচ ত।
what ll you be doing at this time tomorrow?,ক ল আপন এই সময ক করব ন?
what ll you be doing at this time tomorrow?,ক ল ত ম এই সময ক করব ?
would you please repeat what you just said?,আপন য ট বলল ন স ট ক দয কর আর একব র বলত প রব ন?
you ve got to do something about this soon ,আপন ক খ ব ত র ত র ই এই ব য প র ক ছ একট করত হব ।
do you really want me to go there right now?,আপন ক সত য ই চ ন আম এখন স খ ন য ই?
don t ask what they think ask what they do ,জ জ ঞ স ক র ন ত র ক ভ ব জ জ ঞ স কর ত র ক কর ।
even if it rains i ll go swimming tomorrow ,ক ল ব ষ ট হল ও আম স ত র ক টত য ব ।
have you ever seen the person in this photo?,আপন ক এই ছব র মধ য র ল কট ক দ খ ছ ন?
have you ever seen the person in this photo?,ত ম ক এই ছব র মধ য র ল কট ক দ খ ছ ?
how long does it take to get to the station?,স ট শন য ত কতক ষণ ল গ ?
how much does it cost to stay at that hotel?,ওই হ ট ল থ ক র জন য কত খরচ পরব ?
i can t understand what he is trying to say ,আম ব ঝত প রছ ন উন ক বলত চ ইছ ন।
i didn t know tom was capable of doing that ,আম জ নত ম ন টম এট করত সক ষম।
i have a feeling that tom doesn t like mary ,আম র মন হচ ছ টম ম র ক পছন দ কর ন ।
i hope tom will tell me what i need to know ,আশ কর আম র য জ ন প রয জন ত টম আম ক বলব ।
i only speak french at home with my parents ,আম ব ড ত ম ব ব র সঙ গ খ ল ফর স ত কথ বল ।
i still get to boston at least once a month ,আম এখনও ম স অন তত একব র ব স টন য ই।
i think you ve read too many romance novels ,আম র মন হয আপন অন ক র ম ন স উপন য স পড ছ ন।
i d like to dedicate this song to my mother ,আম এই গ নট আম র ম ক উ সর গ করত চ ই।
i m not going to allow this to happen again ,আম এট আর হত দ ব ন ।
it sounds like you had a successful meeting ,মন হচ ছ আপন একট সফল ম ট কর ছ ন।
it takes years to master a foreign language ,ব দ শ ভ ষ রপ ত করত অন ক বছর ল গ য য ।
kublai khan is the grandson of genghis khan ,ক বল ই খ ন চ ঙ গ স খ ন র ন ত ।
life without love is just totally pointless ,ভ লব স ছ ড জ বন অর থহ ন।
lithuania is a member of the european union ,ল থ য ন য ইউর প য ইউন য ন র সদস য।
motorists are advised to drive with caution ,গ ড চ লকদ র স বধ ন গ ড চ ল ন র পর মর শ দ ওয হচ ছ ।
my father has assured us that that was true ,আম র ব ব আম দ র আশ বস ত কর ছ য এট সত য।
my friend doesn t believe that ghosts exist ,আম র বন ধ ভ ত র অস ত ত ব ব শ ব স কর ন ।
my watch stopped so i didn t know the time ,আম র ঘড বন ধ হয গ য ছ ল ত ই আম সময জ নত ম ন ।
please help me i don t know what i m doing ,আম ক স হ য য কর ন! আম জ ন ন আম ক করছ ।
several children were playing near the pond ,প ক র র ক ছ ব শ ক ছ শ শ খ লছ ল।
the olympic games are held every four years ,প রত চ র বছর অন তর অল ম প ক গ মস অন ষ ঠ ত হয ।
this is the very book that i wanted to read ,এট ই স ই বই য ট আম পড ত চ ই।
tom and mary s wedding anniversary is today ,টম এব ম র র ব ব হ ব র ষ ক আজ।
tom didn t have the nerve to tell the truth ,টম র সত য বল র স হস ছ ল ন ।
tom has three sons all of them are doctors ,টম র ত নট ছ ল আছ । ত দ র সকল ই ড ক ত র।
tom is going on a picnic tomorrow with mary ,টম আগ ম ক ল ম র র স থ প কন ক য চ ছ ।
tom lied about his age to get into the club ,টম ক ল ব ঢ ক র জন য ন জ র বয স র ব য প র ম থ য কথ বল ছ ।
tom said that mary could ve done that alone ,টম বলল য ম র এক ই এট করত প রত।
tom tried to speak to mary but he couldn t ,টম ম র র স থ কথ বল র চ ষ ট কর ছ ল ক ন ত স প র ন ।
what number bus do i take to get to waikiki?,ওয ইক ক য ওয র জন য কত নম বর ব স ন ব?
would you like to come with us to the beach?,আপন ক আম দ র স থ সম দ র স কত আসত চ ন?
you know i don t have to do that don t you?,ত ম জ ন আম ক এট করত হব ন ত ই ন ?
you re not going to get away with this tom ,টম ত ম এর থ ক প র প য য ব ন ।
you re not the first person to tell me that ,আপন প রথম ম ন ষ নন য আম ক এই কথ ট বল ছ ।
alexander graham bell invented the telephone ,আল কজ ন ড র গ র হ ম ব ল ট ল ফ ন আব ষ ক র কর ন।
an official statement was released yesterday ,গতক ল একট আন ষ ঠ ন ক ব ব ত প রক শ কর হয ।
are there many chinese restaurants in boston?,বস টন ক অন ক চ ন র স ত র আছ ?
did tom actually come to ask for money again?,টম ক আসল ই আব র ট ক চ ইত এস ছ ?
earthquakes and floods are natural disasters ,ভ ম কম প আর বন য প রক ত ক ব পর যয ।
how long does it take to walk to the station?,স ট শন অবধ হ ট য ত কতক ষণ ল গ ?
how much does it cost to eat at such a place?,ওই রকম জ য গ য খ ত গ ল কত খরচ পরব ?
humans are healed but machines are repaired ,ম ন ষক স স থ কর ত ল হয ক ন ত যন ত রক ম র মত কত হয ।
i am going to do it whether you agree or not ,ত ম র জ হও ব ন হও আম এট করব।
i am going to stay here for a couple of days ,আম এখ ন দ এক দ ন র জন য থ কব।
i am staying at the hotel for the time being ,আপ তত আম একট হ ট ল রয ছ ।
i can only speak french and a little english ,আম খ ল ফর স আর একট ই র জ ত কথ বলত প র ।
i have to give back the book before saturday ,আম ক শন ব র র আগ বইট ফ রত দ ত হব ।
i know that you and tom didn t sing together ,আম জ ন আপন এব টম একস থ গ ন কর নন ।
i used to go to australia when i was a child ,আম ছ টব ল য অস ট র ল য য ত ম।
i ll do my best not to disturb your studying ,ত ম র পড শ ন য ব রক ত ন কর র যথ স ধ য চ ষ ট করব ।
i ll show you how to separate gold from sand ,ব ল থ ক স ন ক ভ ব আল দ করত হয ত আম আপন ক দ খ ব ।
i ve discussed this with you before i think ,আম র মন হয এই ব ষয আগ ও আপন র স থ আল চন কর ছ ।
it would be difficult to do that by yourself ,ন জ ন জ এট কর কঠ ন।
mexico is a country located in north america ,ম ক স ক উত তর আম র ক য অবস থ ত একট দ শ।
president roosevelt won the election of 1940 ,র ষ ট রপত র জভ ল ট স ল ন র ব চন জয হন।
some minerals are important for human health ,ক ছ খন জ ম নব স ব স থ য র জন য গ র ত বপ র ণ।
the bus stop is five minutes walk from here ,ব স স টপট এখ ন থ ক প চ ম ন ট র হ ট পথ।
the concept of zero comes from hindu culture ,শ ন য র ধ রণ হ ন দ স স ক ত হত এস ছ ।
the court found him guilty of stealing money ,আদ লত ত ক ট ক চ র র দ য দ ষ স ব যস ত কর ছ ।
the newspaper says that he committed suicide ,পত র ক য বল হয ত ন আত মহত য কর ছ ন।
this is the third longest river in the world ,এট প থ ব র ত ত য দ র ঘতম নদ ।
tom is eating breakfast alone in the kitchen ,টম র ন ন ঘর একল প র তর শ করছ ।
tom is reading a novel by sidney sheldon now ,টম এখন স ডন শ লডন র ল খ একট উপন য স পড ছ ।
tom said he was going to ask mary to do that ,টম বল ছ ল য স ম র ক এট করত বলব ন।
tom said that mary wanted to see the manager ,টম বলল য ম র ব যবস থ পকক দ খত চ য ।
tom saw dirty footprints on the white carpet ,টম ক র প ট র উপর ন র প য র ছ প দ খত প ল।
tom was standing at the bar drinking a beer ,টম ব র দ ড য ব য র খ চ ছ ল।
tom went to the post office to mail a letter ,টম একট চ ঠ ড ক দ ওয র জন য প স ট অফ স গ ল ।
tom works very hard but not as hard as mary ,টম খ ব খ ট ক ন ত ম র র মত নয ।
turn to the right and you ll find my office ,ড ন ব ক ন ল আপন আম র অফ স প ব ন।
visit our website for additional information ,অত র ক ত তথ য র জন য আম দ র ওয বস ইট য ন।
without your assistance i would have failed ,আপন র স হ য য ব য ত ত আম অক তক র য হত ম।
would you like to see some photos of my trip?,আপন ক আম র ভ রমণ র ক ছ ছব দ খত চ ন?
your success is the result of your hard work ,আপন র স ফল য আপন র কঠ র পর শ রম রই ফল।
a lot of english words are derived from latin ,ই র জ র অন ক শব দ ল ত ন থ ক উ পন ন হয ছ ।
a river separates the city into east and west ,শহরট ক একট নদ প র ব আর পশ চ ম ভ গ কর ছ ।
cathode rays carry a negative electric charge ,ক য থ ড রশ ম ঋণ ত মক ব দ য ত ক চ র জ বহন কর ।
do you like looking at yourself in the mirror?,আপন ক আয ন য ন জ ক দ খত পছন দ কর ন?
dynamite was invented by alfred nobel in 1857 , স ল আলফ র ড ন ব ল ড ন ম ইট আব ষ ক র কর ন।
he listened to the music with his eyes closed ,ত ন চ খ বন ধ কর গ ন শ নত ন।
how long do you think tom has been doing this?,কতক ষণ ধর টম এই ক জ করছ বল আপন মন কর ন?
how many black and white movies have you seen?,আপন কতগ ল স দ ক ল স ন ম দ খ ছ ন?
i can t believe that tom really said no to me ,আম ব শ ব সই করত প রছ ন য সত য ই আম ক ন বল ছ ।
i don t know if today is tuesday or wednesday ,আম জ ন ন আজ মঙ গলব র ন ব ধব র।
i feed my cat every morning and every evening ,আম আম র ব ড লক র জ সক ল আর ব ক ল খ ব র দ ই।
i think that tom is reading a detective novel ,আম র মন হয টম একট গ য ন দ উপন য স পড ছ ।
i think that s why tom didn t want to do that ,আম র মন হয এক রণ ই টম ওট করত চ য ন ।
i wouldn t be calling if it weren t important ,দরক র ন হল আম ফ ন করত ম ন ।
i m sure my parents won t let me go by myself ,আম ন শ চ ত আম র ব ব ম আম ক একল য ত দ ব ন ।
it looks like tom has broken a couple of ribs ,মন হচ ছ টম র কয কট প জর ভ ঙ গ ছ ।
it s not always so easy to do the right thing ,সঠ ক জ ন সট কর সবসময অত সহজ হয ন ।
many companies advertise their products on tv ,অন ক ক ম প ন ট ভ ত ত দ র পণ য র ব জ ঞ পন দ য ।
she doesn t like to leave anything unfinished ,উন ক ন ক জই অসম প ত র খ ন ন ।
tell tom i m going to be gone for three weeks ,টমক বল ন আম ত ন সপ ত হ র জন য চল য ব।
the police searched tom s apartment for clues ,প ল শ স ত র র জন য টম র অ য প র টম ন ট তল ল শ চ ল য ।
there is no way i m letting you do this alone ,আম ক নমত ই এট ত ম ক একল করত দ ব ন ।
there were few students left in the classroom ,শ র ণ কক ষ র মধ য অল পস খ যক ছ ত র ব ক ছ ল।
they re celebrating their wedding anniversary ,ত র ত দ র ব ব হ ব র ষ ক উদয পন করছ ন।
this plan will be very expensive to carry out ,এই পর কল পন ব স তব য ন অন ক ট ক খরচ হব ।
tom and i don t know anything about australia ,টম এব আম অস ট র ল য সম পর ক ক ছ ই জ ন ন ।
tom and mary are planning to do that together ,টম এব ম র একস থ এট কর র পর কল পন করছ ।
tom and mary live in australia with their dad ,টম এব ম র ত দ র ব ব র স থ অস ট র ল য য থ ক ন।
tom has decided that he s going to come early ,টম স দ ধ ন ত ন য ছ য স ত ড ত ড আসব ।
tom is a boy s name and mary is a girl s name ,টম একট ছ ল র ন ম আর ম র একট ম য র ন ম।
tom is going to be thirty years old next year ,আগ ম বছর টম র বয স হব বছর।
tom told me he was going to leave early today ,টম আম ক বল ছ ল স আজ ত ড ত ড চল য ব ।
what is the distance from here to the station?,এখ ন থ ক স ট শন র দ রত ব কতট ?
what time does the next train leave for tokyo?,ট ক ওর জন য পর র ট র নট কট র সময ছ ড ?
when i got home i found i had lost my wallet ,যখন ব ড ফ রল ম তখন দ খল ম আম আম র ম ন ব য গট হ র য ফ ল ছ ।
which one do you prefer this one or that one?,আপন র ক নট পছন দ এট ন ওট ?
you shouldn t have gone into the forest alone ,ত ম র এক এক জঙ গল য ওয উচ ত হয ন ।
can you tell me where i can find a guest house?,আম একট গ স ট হ উস ক থ য প ব বলত প রব ন?
don t you want to hear what tom said about you?,টম আপন ক ন য ক বল ছ ত শ নত চ ন ন ?
how long does it take from here to the station?,এখ ন থ ক স ট শন য ত কতক ষণ ল গ ?
how many christmas cards did you get last year?,ত ম গত বছর কতগ ল খ র স টম স ক র ড প য ছ ল ?
how much do you know about the us constitution?,আপন ম র ক ন স ব ধ ন সম পর ক কতট জ ন ন?
i can t see in because the curtains are closed ,পর দ বন ধ থ ক য আম ভ তর দ খত প চ ছ ন ।
i couldn t have done it without you thank you ,ত ম ক ছ ড এট করত ই প রত ম ন । ধন যব দ।
i couldn t have done it without you thank you ,আপন ক ছ ড এট করত ই প রত ম ন । ধন যব দ।
i found my mother busy ironing out some shirts ,আম দ খল ম য আম র ম ক ছ জ ম ইস ত র করত ব য স ত।
i have to go shopping i ll be back in an hour ,আম ক দ ক ন য ত হব । আম এক ঘন ট র মধ য ই ফ র আসব ।
i hope to graduate from university next spring ,আশ কর আগ ম বসন ত ব শ বব দ য লয আম র স ন তক সম পন ন হব ।
i like christie s novels better than dickens s ,আম ড ক ন স র চ য ক র স ট র উপন য স ব শ পছন দ কর ।
i reached the museum after a few minutes walk ,কয ক ম ন ট হ ট র পর জ দ ঘর প ছল ম।
i think that tom didn t want to leave so early ,আম র মন হয টম এত ত ড ত ড চল য ত চ য ন ।
my room is small but it s large enough for me ,আম র র ম ছ ট ক ন ত এট আম র জন য যথ ষ ট বড ।
obviously tom hasn t told anyone about us yet ,স পষ টতই টম ক উক ই আম দ র ব য প র বল ন ।
one million people lost their lives in the war ,য দ ধ দশ লক ষ ম ন ষ ত দ র প র ণ হ র য ছ ল ন।
please lend me the video when you have seen it ,ভ ড ওট দ খ র পর দয কর আম ক ধ র দ ব ন।
the roman empire survived for a thousand years ,র ম ন স ম র জ য এক হ জ র বছর ধর ট ক ছ ল।
the garbage collector comes three times a week ,আবর জন স গ রহক র সপ ত হ ত নব র আস ।
the sun rises in the east and sets in the west ,স র য প র বদ ক উদয হয আর পশ চ ম দ ক অস ত য য ।
tom and mary spent the day avoiding each other ,টম এব ম র এক অপরক এড য দ ন ক ট য ছ ন।
tom has been doing that for a really long time ,টম সত য ই দ র ঘ সময ধর এট করছ ।
tom has been suffering from a headache all day ,টম স র দ ন ধর ম থ যন ত রন য ভ গছ ।
tom is thinking of going to boston next spring ,টম পর র বসন ত বস টন য ওয র কথ ভ বছ ।
tom kept knocking on the door but nobody came ,টম ব রব র দরজ য ধ ক ক দ ল ক ন ত ক উ ব র ল ন ।
tom kept knocking on the door but nobody came ,টম ব রব র দরজ য ধ ক ক দ ল ন ক ন ত ক উ ব র ল ন ।
tom kept knocking on the door but nobody came ,টম ব রব র দরজ য ধ ক ক দ ল ন ক ন ত ক উ ব র ল ন ন ।
tom kept knocking on the door but nobody came ,টম ব রব র দরজ য ধ ক ক দ ল ক ন ত ক উ ব র ল ন ন ।
we may go to australia next month to visit tom ,আমর হয ত আগ ম ম স টমক দ খত অস ট র ল য য ত প র ।
we might stay in boston for another three days ,আমর হয ত আরও ত নদ ন বস টন থ কব।
where can i catch the bus to the tokyo station?,টক ও স ট শন য ওয র জন য ব স ক থ থ ক প ব?
an enemy of an enemy is not necessarily an ally ,শত র র শত র য ম ত রই হব ত র ক ন ম ন ন ই।
as humans age their physical strength declines ,বয স ব দ ধ র স থ স থ ম ন ষ র শ র র ক শক ত কম য য ।
could you please speak a little bit more slowly?,আপন ক অন গ রহ কর আরও একট ধ র ধ র কথ বলত প রব ন?
do you think we can find someone to replace tom?,ত ম ক মন কর য টম র বদল আর ক উক প ওয য ব ?
do you think we can find someone to replace tom?,আপন ক মন কর ন য টম র বদল আর ক উক প ওয য ব ?
go along this street and turn right at the bank ,এই র স ত ধর য ব ন আর ব য ঙ ক র ক ছ থ ক ড নদ ক ব ক য ব ন।
he departed for london the day before yesterday ,উন গত পরশ লন ডন র উদ দ শ য রওন দ য ছ ন।
how did you know that tom was born in australia?,আপন ক ভ ব জ নল ন য টম র জন ম অস ট র ল য য ?
how long would it take to swim across the river?,স ত র দ য নদ প র হত কতক ষণ ল গব ?
i didn t think that tom would have any problems ,আম ভ ব ন য টম র ক ন সমস য হব ।
i don t know what country those people are from ,ঐ ল কগ ল ক ন দ শ র ত আম জ ন ন ।
i know what i want i just haven t found it yet ,আম জ ন আম ক চ ই। খ ল আম স ট এখন খ জ প ইন ।
i like grapes but i can t eat too many of them ,আম র আঙ র ভ ল ল গ ক ন ত আম খ ব ব শ খ ত প র ন ।
i think badminton is more difficult than tennis ,আম মন কর ট ন স র চ য ব য ডম ন টন ব শ কঠ ন।
i think that if you tried to do that you could ,আম মন কর আপন যদ এট কর র চ ষ ট করত ন তব আপন করত প রত ন।
i think that it ll happen sooner than you think ,আম মন কর য এট আপন র ধ রণ র চ য ত ড ত ড ঘটব ।
i m going to write about what i did last winter ,গত শ ত আম ক ক কর ছ স সব আম ল খত য চ ছ ।
if this doesn t work we can try something else ,যদ এট ক জ ন কর আমর অন য ক ছ চ ষ ট করত প র ।
it is certain that the price of gold will go up ,স ন র দ ম য ব ড ব ত ন শ চ ত।
she explained the literal meaning of the phrase ,ত ন ব ক য শট র আক ষর ক অর থ ব য খ য কর দ ল ন।
she explained the literal meaning of the phrase ,উন ব ক য শট র আক ষর ক অর থ ব য খ য কর দ ল ন।
that guy who was just here gave me this for you ,য ল কট একট আগ এখ ন ছ ল স আম য এট দ য ছ আপন ক দ ওয র জন য।
the child s face glowed when he saw santa claus ,স ন ত ক লজক দ খ শ শ ট র ম খ উজ জ বল হয উঠল।
the only thing constant in this world is change ,এই প থ ব ত ধ র বক একম ত র জ ন স হল পর বর তন।
the train was delayed because of heavy snowfall ,প রচণ ড ত ষ রপ ত র ক রণ ট র ন ব লম ব ত হয ছ ল ।
there still weren t any visible signs of spring ,বসন ত র প রত যক ষ ক ন চ হ ন তখনও ছ ল ন ।
this is by far the best restaurant in this area ,এট এই এল ক র স র র স ত র ।
tom sat alone in his room waiting by the phone ,টম ঘর একল বস ছ ল ফ ন র প শ অপ ক ষ করছ ল ।
when she was reading the letter she looked sad ,চ ঠ ট পড র সময ত ক ব ষণ ণ ল গছ ল।
would you go to australia if you had the chance?,স য গ প ল অস ট র ল য ক য ব ন?
you would have to practice the violin every day ,ত ম ক প রত য কদ ন ব হ ল ব জ ন অভ য স করত হব ।
at first i couldn t make out what he was saying ,প রথম আম ব ঝত ই প র ন উন ক বলছ ন।
do you know which barbershop tom usually goes to?,আপন ক জ ন ন টম স ধ রণত ক ন ন প ত র দ ক ন য য ?
he expected that their talk was going to be long ,ত ন আশ কর ছ ল ন য ত দ র আল চন দ র ঘ হব ।
he tried to make his wife happy but he couldn t ,স ত র স ত র ক খ শ কর র চ ষ ট কর ছ ল ক ন ত প র ন ।
how many black and white movies have you watched?,আপন কতগ ল স দ ক ল স ন ম দ খ ছ ন?
i gained a lot of weight when i was in australia ,আম যখন অস ট র ল য য ছ ল ম তখন আম র ওজন অন ক ব ড গ য ছ ল।
i have an old computer that i don t want anymore ,আম র একট প র ন কম প উট র আছ য ট র আম র আর ক ন প রয জন ন ই।
i wonder what i should get you for your birthday ,আম ভ বছ ত ম ক জন মদ ন ক দ ব ।
i m actually not sure what i should be doing now ,আম র এখন ক কর উচ ত স ব ষয আসল আম ন শ চ ত নই।
if you work hard all your dreams will come true ,যদ ত ম কঠ র পর শ রম কর ত ম র সব স বপ ন প রণ হব ।
it is important to remember who your friends are ,ত ম র বন ধ ক র স ট মন র খ ট জর র ।
it s been a while since we ve had lunch together ,আমর একস থ দ প র র খ ব র খ য ছ অন কদ ন হয গ ছ ।
just staying alive in these times is hard enough ,এখনক র সময শ ধ ব চ থ ক ট ও যথ ষ ট কঠ ন।
mental health is as important as physical health ,শ র র ক স ব স থ য র মত ম নস ক স ব স থ যও গ র ত বপ র ণ।
there wasn t much news in last night s newspaper ,গত র ত র খবর র ক গজ ব শ খবর ছ ল ন ।
there s no way i m going to leave you alone here ,আম ক নমত ই ত ম ক এখ ন একল ছ ড র খ য ত প রব ন ।
this project will take at least a year to finish ,এই প রকল পট শ ষ হত আর অন তত এক বছর ল গব ।
tom didn t say why he wasn t happy with our work ,আম দ র ক জ খ শ ন হওয র ক রণ টম বল ন ।
we might go to australia next month to visit tom ,আমর হয ত আগ ম ম স টমক দ খত অস ট র ল য য ত প র ।
will she forgive him for forgetting her birthday?,ত র জন মদ ন ভ ল য ওয র জন য স ক আম য ক ষম করব ?
you know that i don t have to do that don t you?,ত ম জ ন আম ক এট করত হব ন ত ই ন ?
 why aren t you going? because i don t want to , আপন য চ ছ ন ন ক ন? ক রন আম য ত চ ই ন । 
 why aren t you going? because i don t want to , ত ম য চ ছ ন ক ন? ক রন আম য ত চ ই ন । 
at first they were all convinced he was innocent ,প রথম ত র ন শ চ ত ছ ল ন য ত ন ন র দ ষ।
he studies english but he s also studying german ,ত ন ই র জ র প শ প শ জ র ম ন ভ ষ পড শ ন করছ ন।
how did you know that i used to live in australia?,আপন ক ভ ব জ নল ন য আম অস ট র ল য য থ কত ম?
i can stay with you for as long as you want me to ,ত ম যতক ষণ চ ও আম ত ম র স থ থ কত প র ।
i m busy but i don t think i m as busy as tom is ,আম ব যস ত ক ন ত আম র মন হয ন য আম টম র মত ব যস ত।
i m from australia but now i live in new zealand ,আম অস ট র ল য থ ক এস ছ ক ন ত এখন আম ন উজ ল য ন ড থ ক ।
last week she gave birth to a beautiful baby girl ,গত সপ ত হ ত ন এক স ন দর ম য শ শ র জন ম দ য ছ ন।
not only did he teach school but he wrote novels ,ত ন শ ধ স ক ল পড নন উপন য সও ল খ ছ ন।
please don t turn up the volume on the television ,দয কর ট ভ ট র আওয জ ব ড য দ ব ন ন ।
puerto ricans were granted us citizenship in 1917 ,প য র ত র ক নদ র স ল ম র ক ন ন গর কত ব প রদ ন কর হয ।
some of them are teachers and some are engineers ,ত দ র মধ য ক উ ক উ শ ক ষক আর ক উ ক উ ইঞ জ ন য র।
the date and place of the meeting have been fixed ,সভ ট র স থ ন এব ক ল দ ট ই স থ র হয গ ছ ।
the same thing happened three years ago in boston ,ঠ ক একই ঘটন বস টন ত ন বছর আগ ঘট ছ ল ।
this is the most interesting novel i ve ever read ,এট আম র পড সবচ য আকর ষণ য উপন য স।
tom came to boston when he was thirteen years old ,টম যখন ত র বছর র ছ ল তখন বস টন এস ছ ল 
tom certainly isn t as smart as mary thinks he is ,টম অতট ব দ ধ ম ন নয যতট ম র মন কর ।
tom died shortly after he returned from australia ,অস ট র ল য থ ক ফ র র পরপরই টম ম র য য ।
tom felt uneasy talking to mary about that matter ,টম এই ব ষয ম র র স থ কথ বলত অস বস ত ব ধ কর ছ ল।
tom is one of the most generous people i ever met ,টম আম র দ খ সবচ য উদ র ম ন যদ র মধ য একজন।
tom said that s not likely to happen anytime soon ,টম বলল য এট শ ঘ রই হওয র সম ভ বন কম।
tom shouldn t have gone out after dark by himself ,টম র অন ধক র র মধ য একল একল ব ড ন উচ হয ন ।
tom was reading the newspaper when mary walked in ,টম যখন খবর র ক গজ পড ছ ল তখন ম র ঘর ঢ কল।
we might as well stay here until it stops hailing ,এট ভ লভ ব শ ষ ন হওয পর যন ত আমর এখ ন থ কত প র ।
where is the boarding gate for japan airlines 124?,জ প ন এয রল ইন স র নম বর প ল নএ ওঠ র দরজ ট ক থ য ?
why don t you come to my place for dinner tonight?,ত ম আজ র ত খ ব র র জন য আম র ব স য আস ন ক ন?
you re not the only one here who can speak french ,আপন এখ ন একম ত র ব যক ত নন য ন ফর স বলত প র ন।
you re one of the most generous people i ever met ,আপন আম র দ খ সবচ য উদ র ম ন যদ র মধ য একজন।
don t you think that tom is a little young for you?,আপন র মন হয ন টম আপন র পক ষ একট ছ ট?
excuse me does this train go to washington square?,একট শ নব ন এই ট র নট ক ওয শ টন স ক য র অবধ য য ?
how long does it take to the train station by taxi?,এখ ন থ ক ট য ক স কর ট র ন স ট শন য ত কতক ষণ ল গ ?
how many christmas cards did you receive last year?,ত ম গত বছর কতগ ল খ র স টম স ক র ড প য ছ ল ?
how much do you know about artificial intelligence?,আপন ক ত র ম ব দ ধ মত ত সম পর ক কতট জ ন ন?
how old were your kids when you moved to australia?,আপন অস ট র ল য য চল য ওয র সময আপন র সন ত নদ র বয স কত ছ ল?
i don t think tom has met either of mary s sisters ,আম র মন হয ন টম ম র র ক ন ব ন র স থ স ক ষ কর ছ ।
i don t want to get involved in that sort of thing ,আম এইসমস ত ব য প র ন জ ক জড ত চ ই ন ।
i think that that s why tom didn t want to do that ,আম র মন হয এক রণ ই টম ওট করত চ য ন ।
i want to know why you re not working here anymore ,আম জ নত চ ই ক ন আপন এখ ন আর ক জ করছ ন ন ।
it s good to see that our efforts were not in vain ,এট দ খ ভ ল ল গছ য আম দ র প রচ ষ ট ব থ য য ন ।
she can sing better than anybody else in her class ,স ত র ক ল স র অন য সব র চ য ভ ল গ ন গ ইত প র ।
there s no way i m leaving you here alone with tom ,আম ক নমত ই ত ম ক এখ ন টম র স থ একল ছ ড র খ য ত প রব ন ।
to tell the truth i don t like his way of talking ,সত য বলত ক ত র কথ বল র ধরণ আম র পছন দ হয ন ।
tom is very methodical in the way he does his work ,টম ন জ র ক জ র পদ ধত ত ব শ ন য মন ষ ঠ।
tom looked like he was going to start crying again ,টম দ খ মন হল স আব র ক দত শ র করব ।
tom picked up the newspaper and read the headlines ,টম খবর র ক গজট ত ল ন য শ রন মট পড ল।
tom said he was at home on the night of the murder ,টম বল ছ ল য খ ন র র ত স ব ড ত ছ ল।
valentine s day is celebrated all around the world ,ভ য ল ন ট ইন ড স র প থ ব জ ড প লন কর হয ।
which is the most populated continent in the world?,ব শ ব র সবচ য জনবহ ল মহ দ শ ক নট ?
wikipedia is the best encyclopedia on the internet ,উইক প ড য হল ইন ট রন ট সবচ য স র ব শ বক ষ।
would you go to australia if you had the chance to?,স য গ প ল অস ট র ল য ক য ব ন?
did you keep her picture because you still love her?,আপন ক এই জন য ত র ছব র খ ছ ন ক রণ আপন এখনও ত ক ভ ল ব স ন?
how could you leave a four year old child all alone?,ত ম ক কর একট চ র বছর বয স র ব চ চ ক একল ফ ল র খ য ত প র ?
how do i explain it so that everyone understands it?,আম এট ক ক ভ ব ব য খ য করব য ত সব ই এট ব ঝত প র ?
it is often said that sweets are bad for your teeth ,এট প র য ই বল হয য ম ষ ট আপন র দ ত র জন য ক ষত কর।
people should understand that the world is changing ,ম ন ষ র ব ঝ উচ য প থ ব বদল চ ছ ।
the internet is an invaluable source of information ,ইন ট রন ট তথ য র একট অম ল য উ স।
the capital of australia is canberra not melbourne ,অস ট র ল য র র জধ ন ক য নব র ম লব র ন নয ।
the problem is whether my parents will agree or not ,সমস য হল আম র ব ব ম র জ হব ক ন ।
there is not much doubt about the cause of the fire ,আগ ন ল গ র ক রণ ন য খ ব একট সন দ হ ন ই।
they need help to understand their office equipment ,ত দ র অফ স সরঞ জ ম ব ঝত স হ য য প রয জন।
tom is the one who convinced mary to try to do that ,টম ম র ক ওট কর র জন য র জ কর য ছ ।
a beautiful woman like you shouldn t be eating alone ,আপন র মত স ন দর মহ ল র এক খ ওয উচ নয ।
did you read the editorial i wrote for the newspaper?,পত র ক র জন য আম য সম প দক য ল খ ছ ল ম স ট ক আপন পড ছ ন?
for me money isn t the most important thing in life ,আম র ক ছ অর থ জ বন র সবচ য গ র ত বপ র ণ জ ন স নয ।
how much money do you think tom will need to do that?,এট করত টম র কত ট ক ল গব বল আপন মন কর ন?
i didn t want to leave before the work was completed ,ক জ শ ষ হওয র আগ আম চল য ত চ ইন ।
i hope i have enough money to buy everything we need ,আশ কর আম দ র য প রয জন ত ক ন র মত পর য প ত ট ক আম র আছ ।
i never realized how awful living all alone could be ,এক থ ক ট কতট ভয বহ হত প র স ট আম কখন উপলব ধ ই কর ন ।
i m pretty sure tom has never been a patient of mine ,আম ন শ চ ত য টম কখনই আম র র গ ছ ল ন ।
is there any possibility that he ll win the election?,উন য ন র ব চনট জ তব ন ত মনক ক ন সম ভ বন আছ ?
it goes without saying that health is very important ,এট বল র প রয জন ন ই য স ব স থ য অন ক গ র ত বপ র ণ।
it will be a long time before he has fully recovered ,ত র প র প র স স থ হত অন ক সময ল গব ।
my mother goes to the market every day to buy things ,আম র ম প রত য কদ ন ব জ র য য জ ন স ক নত ।
she needed the entire afternoon to complete the work ,ক জট শ ষ করত ত র প র ব ক ল র প রয জন ছ ল।
the beginning is the most important part of the work ,ক ন ক জ র সবচ য গ র ত বপ র ণ অ শ হল ক জট শ র কর ।
tom thought mary would be present at today s meeting ,টম ভ ব ছ ল আজক র ম ট য ম র উপস থ ত থ কব ।
we ll just have to ask tom to do it for us won t we?,আম দ র খ ল টমক আম দ র হয এই ক জট কর দ ত বলত হব ত ই ন ?
what time does the shuttle bus leave for the airport?,শ ট ল ব সট এয রপ র ট র জন য কট য ছ ড ?
what time does the shuttle bus leave for the airport?,শ ট ল ব সট এয রপ র ট র জন য কট র সময ছ ড ?
when was the last time you heard tom speaking french?,শ ষ কব আপন টমক ফর স বলত শ ন ছ ন?
when you can t do what you want you do what you can ,ত ম য ট চ ও স ট যখন করত প র ন তখন স ট ই কর য ট ত ম প র ।
you should think about everything i ve just told you ,আম ত ম ক য বল ছ ত র সবক ছ ন য ত ম র ভ ব উচ ত।
you ll have to wait at least an hour to get a ticket ,ট ক ট প ত হল আপন ক অন তত এক ঘন ট অপ ক ষ করত হব ।
you re probably wondering how i found out about that ,আপন হয ত ভ বছ ন আম ক কর ওই ব য প রট জ নত প রল ম।
all our problems would go away if we just ignore them ,আম দ র সমস ত সমস য দ র হয য ব যদ আমর ত দ র উপ ক ষ কর ।
he couldn t overcome the desire for another cigarette ,আর কট স গ র ট র আক ঙ ক ষ স ক ট য উঠত প র ন ।
i m going to have plenty of time to do that next week ,পর র সপ ত হ স ট কর র জন য আম পর য প ত সময প ব ।
in the beginning god created the heaven and the earth ,আদ ত ঈশ বর স বর গ ও প থ ব স ষ ট কর ছ ন।
obviously tom hasn t told anyone about what happened ,স পষ টতই টম ক উক ই বল ন ক ঘট ছ ল।
please bring us two cups of tea and one cup of coffee ,অন গ রহ কর আম দ র জন য দ ক প চ আর এক ক প কফ ন য আসব ন।
tom said mary had given him permission to leave early ,টম বলল য ম র ত ক ত ড ত ড চল য ওয র অন মত দ য ছ ল।
tom wasn t given the chance that you and i were given ,টমক স ই স য গ দ ওয হয ন য ট ত ম ক এব আম ক দ ওয হয ছ ল।
tom wasn t given the chance that you and i were given ,ত ম ক এব আম ক য স য গ দ ওয হয ছ ল টমক স স য গ দ ওয হয ন ।
we celebrated our tenth wedding anniversary yesterday ,আমর গতক ল আম দ র দশম ব ব হ ব র ষ ক উদয পন কর ছ ।
a lot of people say tom is the best player on our team ,অন ক ই বল য টম আম দ র দল র সব থ ক ভ ল খ ল য র।
because of that virus many elephants lost their lives ,ওই ভ ইর স র ক রণ অন ক হ ত ত দ র জ বন হ র য ছ ।
from the look of the sky it may begin to snow tonight ,আক শ দ খ মন হচ ছ আজ র ত বরফ পর শ র হত প র ।
how old were your children when you moved to australia?,আপন অস ট র ল য য চল য ওয র সময আপন র সন ত নদ র বয স কত ছ ল?
in the future many workers will be replaced by robots ,ভব ষ যত অন ক শ রম ক র বট দ ব র প রত স থ প ত হব ।
people who live in glass houses shouldn t throw stones ,য র ক চ র ঘর থ ক ত দ র প থর ছ ড উচ ত নয ।
the man attacked her with the intention of killing her ,ওই ব যক ত ত ক হত য র উদ দ শ য ন য ত র ওপর হ মল চ ল য ।
those who live in glass houses should not throw stones ,ক চ র ঘর য র থ ক ত দ র ঢ ল ছ ড উচ নয ।
tom picked up the broken pieces of glass off the floor ,টম ম ট থ ক ভ ঙ গ ক চ র ট কর গ ল ত লল ।
you re the only person i know who doesn t like bananas ,আপন ই আম র জ ন একম ত র ল ক য ন কল পছন দ কর ন ন ।
how long did it take you to recover from your operation?,আপন র অস ত র পচ র র পর স স থ হত কত সময ল গ ছ ল?
i don t think that tom has met either of mary s sisters ,আম র মন হয ন টম ম র র ক ন ব ন র স থ স ক ষ কর ছ ।
i just want to make you as happy as you want to make me ,ত ম আম ক য মন খ শ করত চ ও আম ত ম ক ঠ ক ত মন খ শ করত চ ই।
i d like to give tom something special for his birthday ,আম টমক ত র জন মদ ন ব শ ষ ক ছ দ ত চ ই।
it wasn t until i heard him speak that i recognized him ,আম ওন র কথ শ ন র আগ পর যন ত ওন ক চ নত প র ন ।
the euro is the official currency of the european union ,ইউর হল ইউর প য ইউন য ন র সরক র ম দ র ।
tom thought that the amulet would protect him from harm ,টম ভ বল ন য ত ব জট ওন ক ক ষত র হ ত থ ক ব চ ব ।
 when will you be back? it all depends on the weather , আপন কখন ফ রব ন? সবক ছ ই আবহ ওয র উপর ন র ভর করছ । 
actinium was discovered by andr louis debierne in 1899 ,আন দ র ল ই ড ব য র ন স ল অ য ক ট ন য ম আব ষ ক র কর ন।
everyone would like to believe that dreams can come true ,সব ই ব শ ব স করত চ য য স বপ ন সত য হত প র ।
i m probably not the only one who didn t want to do that ,সম ভবত আম এক নই য ওট করত চ য ন ।
i m really hungry but i can t decide what i want to eat ,আম র খ ব খ দ প য ছ ক ন ত আম ঠ ক করত প রছ ন ক খ ব।
my elbow really hurts i guess i should go to a hospital ,আম র কন ই খ ব ব য থ করছ । আম র মন হয আম র হ সপ ত ল য ওয উচ ।
tom doesn t have to worry nothing bad s going to happen ,টম র চ ন ত কর র দরক র ন ই। খ র প ক ছ হব ন ।
tom seems to be able to sense when someone is in trouble ,অন য ক উ অস ব ধ য পড ল টম মন হয ব ঝত প র ।
an hour has sixty minutes and a minute has sixty seconds ,এক ঘন ট য ষ ট ম ন ট হয আর এক ম ন ট ষ ট স ক ন ড।
how long has it been since you received a letter from him?,আপন উন র ক ছ থ ক ক ন চ ঠ প ওয র কতদ ন হয ছ ?
i saw mary sitting in front of a mirror brushing her hair ,ম র ক আয ন র স মন বস চ ল আ চড ত দ খল ম।
i would ve liked to come with you but i didn t have time ,আম আপন র স থ য ত প রত ম ক ন ত আম র সময ছ ল ন ।
i m pretty sure that tom has never been a patient of mine ,আম ন শ চ ত য টম কখনই আম র র গ ছ ল ন ।
the most important thing you can do now is to remain calm ,এখন সব থ ক জর র ক জ য ট করত প র ন স ট হল শ ন ত থ ক ।
there are still a few more things that i need to tell you ,আর ক ছ জ ন স আছ য আম র আপন ক বলত হব ।
they announced the date of their wedding in the newspaper ,পত র ক য ব য র ত র খ ঘ ষণ কর ছ ল ন ত র ।
you do what you have to do and i ll do what i have to do ,ত ম র য করত হব ত ম ত ই কর আর আম র য করত হব আম ত করব ।
 can i help you? no thank you i m just looking around , আম ক আপন ক ক ন স হ য য করত প র ? ন ধন যব দ। আম খ ল একট ঘ র দ খছ । 
generally speaking men are physically stronger than women ,স ধ রণভ ব বলত গ ল প র ষর শ র র কভ ব ন র দ র চ য ব শ শক ত শ ল ।
i d like to do it but unfortunately i don t have the time ,আম র এট কর র ইচ ছ রয ছ ক ন ত দ র ভ গ যক রম আম র হ ত সময ন ই।
if you help me learn english i ll help you learn japanese ,আপন যদ আম ক ই র জ শ খত স হ য য কর ন আম আপন ক জ প ন শ খত স হ য য করব ।
the app won t work if you re not connected to the internet ,আপন ইন ট রন ট র স থ স য ক ত ন থ কল অ য পট ক জ করব ন ।
the police are looking for the person who stole my bicycle ,য ব যক ত আম র স ইক ল চ র কর ছ প ল শ ত ক খ জছ ।
tom and mary were alone in the hall talking to each other ,টম আর ম র হল একল ছ ল ন জ দ র মধ য কথ বলছ ল ।
tom couldn t understand why no one else seemed to be happy ,টম ব ঝত ই প রছ ল ন য অন য ক উই খ শ ছ ল ন ।
tom said that mary had given him permission to leave early ,টম বলল য ম র ত ক ত ড ত ড চল য ওয র অন মত দ য ছ ল।
tom thought that the amulet would protect him from witches ,টম ভ বল ন য ত ব জট ওন ক ড ইন দ র হ ত থ ক ব চ ব ।
work is a very important part of life in the united states ,ক জ ম র ক ন য ক তর ষ ট র জ বন র একট অত যন ত গ র ত বপ র ণ অ শ।
are you going somewhere this evening or are you staying in?,আপন ক আজ সন ধ য য ক থ ও য চ ছ ন ন ক ব ড ত ই অবস থ ন করছ ন?
because of the heavy fog not a single person could be seen ,ভ র ক য শ র জন য একজনক ও দ খ য চ ছ ল ন ।
how often are you able to play volleyball with your friends?,কত ঘন ঘন আপন আপন র বন ধ দ র স থ ভল বল খ লত সক ষম?
i understand the sentence but i m not able to translate it ,আম ব ক যট র ম ন ব ঝত প রছ ক ন ত অন ব দ করত প রছ ন ।
i would have liked to come with you but i didn t have time ,আম আপন র স থ য ত প রত ম ক ন ত আম র সময ছ ল ন ।
i would have liked to come with you but i didn t have time ,আম ত ম র স থ য ত প রত ম ক ন ত আম র সময ছ ল ন ।
i would have liked to come with you but i didn t have time ,আম ত ম দ র স থ য ত প রত ম ক ন ত আম র সময ছ ল ন ।
i would have liked to come with you but i didn t have time ,আম আপন দ র স থ য ত প রত ম ক ন ত আম র সময ছ ল ন ।
i d like to change my reservation from three to five nights ,আম স রক ষণট ত ন দ ন থ ক প চ দ ন প লট ত চ ই।
it makes no difference to me whether you get married or not ,আপন ব য কর ছ ন ক করছ ন ন ত ত আম র ক ছ য য আস ন ।
the news of her sudden death came like a bolt from the blue ,ত র ম ত য র স ব দট সম প র ণ অপ রত য শ ত ছ ল।
the train arrived on time so we didn t have to wait at all ,ট র নট সময মত ই এস ছ ল ত ই আম দ র একদমই অপ ক ষ করত হয ন ।
tom likes to be busy and hates sitting around doing nothing ,টম ব যস ত থ কত পছন দ কর আর ক ছ ন কর চ পচ প বস থ কত একদম পছন দ কর ন ।
 what s going on in the cave? i m curious i have no idea , গ হ র ভ তর ক হচ ছ ? আম জ ন র জন য উ স ক হয আছ । আম র ক ন ধ রণ ন ই। 
a fire broke out last night and three houses were burnt down ,গতক ল র ত আগ ন ল গ ত নট ব ড প ড য য ।
i wasn t surprised when tom told me i didn t have to do that ,যখন টম আম য বল ছ ল য আম ক স ট করত হত ন তখন আম অব ক হইন ।
if he had taken his doctor s advice he might still be alive ,উন যদ ওন র ড ক ত র র পর মর শ ম নত ন ত হল হয ত এখন ব চ থ কত ন।
it irritates tom when mary leaves the cap off the toothpaste ,ম র ট থপ স ট র ঢ কন খ ল র খল টম ব রক ত হয য য ।
tom and i are planning on going to a movie together tomorrow ,টম এব আম আগ ম ক ল একস থ একট চলচ চ ত র দ খত য ওয র পর কল পন করছ ।
tom is still planning to have a party the day after tomorrow ,টম এখনও পরশ একট প র ট কর র পর কল পন করছ ।
 what s happening in the cave? i m curious i have no idea , গ হ র ভ তর ক হচ ছ ? আম জ ন র জন য উ স ক হয আছ । আম র ক ন ধ রণ ন ই। 
if it had not been for your help my father would have failed ,ত ম র স হ য য ছ ড আম র ব ব ব যর থ হত ন।
i give up no matter what i do you never seem to be satisfied ,আম হ ল ছ ড দ ল ম। আম য ইই কর ন ক ন আপন ক দ খ কখনই সন ত ষ ট বল মন হয ন ।
i missed my stop how long does it take to reach the next stop?,আম আম র ন ম র জ য গ ট ছ ড য এস ছ । পর র স টপট প ছ ত আর কতক ষন ল গব ?
this tape recorder will make it easier for us to learn english ,এই ট প র কর ড রট আম দ র ই র জ শ খ সহজ কর দ ব ।
i want to go to australia once again before my passport expires ,আম র প সপ র ট র ম য দ শ ষ হওয র আগ আম আব র অস ট র ল য য ত চ ই।
this book is for students whose native language is not japanese ,এই বইট স ই সমস ত ছ ত রছ ত র দ র জন য য দ র ম ত ভ ষ জ প ন নয ।
tom took shelter under the tree hoping he wouldn t get too wet ,টম গ ছ র ন চ আশ রয ন ল এই আশ য য স ব শ ভ জ য ব ন ।
i don t think anyone would want to see that movie more than once ,আম র মন হয ন য ক উ একব র র ব শ স ন ম ট দ খত চ ইব ।
this is like fighting someone with one arm tied behind your back ,এট ঠ ক য ন এক হ ত প ছ ন ব ধ ক র র স থ লড ই কর র মত ব যপ র।
when i was thirteen someone told me i was really good at french ,আম র যখন ত র বছর বয স তখন আম ক ক উ একজন বল ছ ল য আম ন ক ফর স ত খ ব ভ ল ।
anyway if it just stops raining then we might be able to go out ,য ই হ ক যদ ব ষ ট থ ম ত হল আমর হয ত ব ইর ব র ত প রব ।
four hundred million people speak english as their first language ,চল ল শ ক ট ম ন ষ ত দ র প রথম ভ ষ হ স ব ই র জ বল ।
i don t think anybody would want to see that movie more than once ,আম র মন হয ন য ক উ একব র র ব শ স ন ম ট দ খত চ ইব ।
it took me more than two hours to translate a few pages of english ,কয ক প ত ই র জ অন ব দ করত আম র দ ঘন ট রও ব শ সময ল গ ছ ল ।
tom was reading the sports page when mary came into the living room ,টম যখন খ ল র প ত ট পড ছ ল তখন ম র বস র ঘর ঢ কল।
our blood contains five million red blood cells per cubic millimeter ,আম দ র রক ত প রত ঘন ম ল ম ট র প চ ম ল য ন ল হ ত রক তকণ ক রয ছ ।
a lot of buildings collapsed in japan due to the earthquake yesterday ,গতক ল র ভ ম কম প জ প ন অন ক ভবন ধস পড ছ ।
because of the heavy fog we could barely see the road in front of us ,ঘন ক য শ র ক রণ স মন র র স ত ট দ খ য চ ছ ল ন ।
i don t think that anyone would want to see that movie more than once ,আম র মন হয ন য ক উ একব র র ব শ স ন ম ট দ খত চ ইব ।
i was surprised tom didn t want to do what everyone else wanted to do ,আম অব ক হয ছ ল ম য টম অন য সব ই য করত চ য ত করত চ য ন ।
it s grammatically correct but a native speaker would never say that ,ব য করণগত দ ক দ য এট সঠ ক হল ও স থ ন য ল কজন এট বল ন ।
i don t think that anybody would want to see that movie more than once ,আম র মন হয ন য ক উ একব র র ব শ স ন ম ট দ খত চ ইব ।
i was surprised tom didn t want to do what everybody else wanted to do ,আম অব ক হয ছ ল ম য টম অন য সব ই য করত চ য ত করত চ য ন ।
tom seemed genuinely surprised when i told him that mary had left town ,আম যখন বলল ম য ম র শহর ছ ড চল গ ছ টমক দ খ সত য ই ব স ম ত মন হয ছ ল ।
i can place the palms of my hands on the floor without bending my knees ,আম হ ট ভ জ ন কর হ ত র প ত ম ট ত র খত প র ।
tom stopped talking as soon as he noticed mary wasn t listening anymore ,টম যখন দ খল য ম র আর কথ শ নছ ন তখন স সঙ গ সঙ গ কথ বন ধ কর দ ল ।
nepal is currently the only country with a non rectangular national flag ,ন প লই একম ত র দ শ য র জ ত য পতক আয ত ক র ন ।
i was surprised that tom didn t want to do what everyone else wanted to do ,আম অব ক হয ছ ল ম য টম অন য সব ই য করত চ য ত করত চ য ন ।
if you had left a little earlier you would have avoided the heavy traffic ,আপন আর কট আগ রওন দ ল এত ট র ফ ক এড ত প রত ন।
since tom was speaking in french i couldn t understand what he was saying ,টম য হ ত ফর স ভ ষ য কথ বলছ ল আম ওর কথ ক ছ ই ব ঝত প রছ ল ম ন ।
tom lives in a small apartment with his parents and three younger brothers ,টম ত র ব ব ম এব ত ন ছ ট ভ ইয র স থ একট ছ ট অ য প র টম ন ট থ ক ।
i was surprised that tom didn t want to do what everybody else wanted to do ,আম অব ক হয ছ ল ম য টম অন য সব ই য করত চ য ত করত চ য ন ।
one of the disadvantages of living alone is that you have no one to talk to ,এক থ ক র একট অস ব ধ হ ল য কথ বল র মত ক উ থ ক ন ।
with all your money you should be able to buy just about anything you want ,আপন র সমস ত অর থ দ য আপন য চ ন ত ক নত সক ষম হওয উচ ত।
it s so hot outside that i want to spend all day in my air conditioned house ,ব ইর এতই গরম য আম প র দ ন আম র শ তত প ন য ন ত র ত ব ড ত থ কত চ ই।
the sun rises in the east in the morning and sets in the west in the evening ,সক ল স র য প র ব দ ক ওঠ এব সন ধ য য পশ চ ম অস ত য য ।
i heard they found a skeleton buried in the basement of a house on park street ,আম শ নল ম য ত র প র ক স ট র ট র একট ব ড র ভ ত র মধ য থ ক একট কঙ ক ল প য ছ ন।
tom seemed quite surprised when he heard that mary and john had gotten married ,টম যখন শ নল য ম র আর জন ব য কর ছ তখন ত ক দ খ ব শ অব ক মন হয ছ ল ।
i think it s highly unlikely that tom will be allowed to keep the gold that he found ,আম র মন হয টম য স ন প য ছ স ট ত র ক ছ র খত দ ওয হব এমন সম ভ বন খ ব কম।
tom told mary that he was going to kill himself but he didn t have the courage to do it ,টম ম র ক বলল য ও ন জ ক হত য করত চল ছ ল ক ন ত ত কর র মত স হস ছ ল ন ।
tom s an irritating person to work with because he ll never admit it when he s made a mistake ,টম র সঙ গ ক জ কর খ ব ব রক ত কর ক রণ ও কখনই ম ন ন য ন য ও ভ ল কর ছ ।
i thought doing this would be easy but we ve been working all day and we re still not finished ,আম ভ ব ছ ল ম এট কর সহজ হব ক ন ত আমর স র দ ন ধর ক জ কর ছ আর এখন শ ষ কর উঠত প র ন ।
i thought that doing this would be easy but we ve been working all day and we re still not finished ,আম ভ ব ছ ল ম এট কর সহজ হব ক ন ত আমর স র দ ন ধর ক জ কর ছ আর এখন শ ষ কর উঠত প র ন ।
january february march april may june july august september october november and december are the twelve months of the year ,বছর র ব র ট ম স হল জ ন য র ফ ব র য র ম র চ এপ র ল ম জ ন জ ল ই আগস ট স প ট ম বর অক ট বর নভ ম বর আর ড স ম বর।
